Date,Temple,Day_Of_Week,Month,Year,Is_Weekend,Is_Holiday,Festival,Temperature,Rainfall,Footfall
2015-01-01,Somnath,3,1,2015,0,0,None,21.7,0.0,26159
2015-01-01,Dwarka,3,1,2015,0,0,None,24.0,0.0,20486
2015-01-01,Ambaji,3,1,2015,0,0,None,18.6,0.0,35707
2015-01-01,Pavagadh,3,1,2015,0,0,None,25.1,0.0,21879
2015-01-02,Somnath,4,1,2015,0,0,None,26.3,0.0,23409
2015-01-02,Dwarka,4,1,2015,0,0,None,19.8,0.0,22108
2015-01-02,Ambaji,4,1,2015,0,0,None,22.3,0.0,35782
2015-01-02,Pavagadh,4,1,2015,0,0,None,19.4,0.0,19465
2015-01-03,Somnath,5,1,2015,1,0,None,22.6,0.0,33593
2015-01-03,Dwarka,5,1,2015,1,0,None,23.9,0.0,29212
2015-01-03,Ambaji,5,1,2015,1,0,None,18.7,0.0,55482
2015-01-03,Pavagadh,5,1,2015,1,0,None,21.0,0.0,28392
2015-01-04,Somnath,6,1,2015,1,0,None,19.2,0.0,35346
2015-01-04,Dwarka,6,1,2015,1,0,None,20.6,0.0,30091
2015-01-04,Ambaji,6,1,2015,1,0,None,23.5,0.0,55164
2015-01-04,Pavagadh,6,1,2015,1,0,None,27.4,0.0,30787
2015-01-05,Somnath,0,1,2015,0,0,None,18.9,0.0,22726
2015-01-05,Dwarka,0,1,2015,0,0,None,21.3,0.0,20993
2015-01-05,Ambaji,0,1,2015,0,0,None,26.3,0.0,33466
2015-01-05,Pavagadh,0,1,2015,0,0,None,23.4,0.0,21208
2015-01-06,Somnath,1,1,2015,0,0,None,18.7,2.0,26361
2015-01-06,Dwarka,1,1,2015,0,0,None,20.0,0.0,23388
2015-01-06,Ambaji,1,1,2015,0,0,None,25.1,0.0,36898
2015-01-06,Pavagadh,1,1,2015,0,0,None,18.7,0.0,18463
2015-01-07,Somnath,2,1,2015,0,0,None,26.6,0.0,24154
2015-01-07,Dwarka,2,1,2015,0,0,None,18.6,0.0,21230
2015-01-07,Ambaji,2,1,2015,0,0,None,25.3,0.0,37710
2015-01-07,Pavagadh,2,1,2015,0,0,None,22.7,0.0,20852
2015-01-08,Somnath,3,1,2015,0,0,None,25.6,0.0,26354
2015-01-08,Dwarka,3,1,2015,0,0,None,22.9,0.0,21681
2015-01-08,Ambaji,3,1,2015,0,0,None,18.3,0.0,31720
2015-01-08,Pavagadh,3,1,2015,0,0,None,24.4,0.0,20034
2015-01-09,Somnath,4,1,2015,0,0,None,27.1,0.0,24551
2015-01-09,Dwarka,4,1,2015,0,0,None,25.6,0.0,20138
2015-01-09,Ambaji,4,1,2015,0,0,None,20.9,0.0,38007
2015-01-09,Pavagadh,4,1,2015,0,0,None,26.1,0.0,21485
2015-01-10,Somnath,5,1,2015,1,0,None,26.0,0.0,37253
2015-01-10,Dwarka,5,1,2015,1,0,None,26.1,0.0,27659
2015-01-10,Ambaji,5,1,2015,1,0,None,20.3,0.0,54921
2015-01-10,Pavagadh,5,1,2015,1,0,None,18.1,0.0,26131
2015-01-11,Somnath,6,1,2015,1,0,None,19.2,0.0,35898
2015-01-11,Dwarka,6,1,2015,1,0,None,23.2,0.0,33049
2015-01-11,Ambaji,6,1,2015,1,0,None,27.6,0.0,47030
2015-01-11,Pavagadh,6,1,2015,1,0,None,20.8,0.0,28453
2015-01-12,Somnath,0,1,2015,0,0,None,18.5,0.0,27041
2015-01-12,Dwarka,0,1,2015,0,0,None,20.4,0.0,21953
2015-01-12,Ambaji,0,1,2015,0,0,None,27.9,0.0,36204
2015-01-12,Pavagadh,0,1,2015,0,0,None,25.6,0.0,20912
2015-01-13,Somnath,1,1,2015,0,0,None,21.7,0.0,25667
2015-01-13,Dwarka,1,1,2015,0,0,None,23.4,0.0,23475
2015-01-13,Ambaji,1,1,2015,0,0,None,21.2,0.0,31785
2015-01-13,Pavagadh,1,1,2015,0,0,None,23.9,0.0,18066
2015-01-14,Somnath,2,1,2015,0,0,None,23.1,0.0,25725
2015-01-14,Dwarka,2,1,2015,0,0,None,19.7,0.0,21501
2015-01-14,Ambaji,2,1,2015,0,0,None,27.4,0.0,33887
2015-01-14,Pavagadh,2,1,2015,0,0,None,19.1,0.0,21509
2015-01-15,Somnath,3,1,2015,0,0,None,20.6,0.0,26586
2015-01-15,Dwarka,3,1,2015,0,0,None,23.6,0.0,20864
2015-01-15,Ambaji,3,1,2015,0,0,None,18.9,0.0,37802
2015-01-15,Pavagadh,3,1,2015,0,0,None,24.3,0.0,19396
2015-01-16,Somnath,4,1,2015,0,0,None,25.3,0.0,26935
2015-01-16,Dwarka,4,1,2015,0,0,None,25.8,0.0,20170
2015-01-16,Ambaji,4,1,2015,0,0,None,19.6,0.0,35745
2015-01-16,Pavagadh,4,1,2015,0,0,None,18.1,0.0,20654
2015-01-17,Somnath,5,1,2015,1,0,None,18.1,0.0,36596
2015-01-17,Dwarka,5,1,2015,1,0,None,24.5,0.0,30065
2015-01-17,Ambaji,5,1,2015,1,0,None,21.3,0.0,53542
2015-01-17,Pavagadh,5,1,2015,1,0,None,24.6,0.0,25676
2015-01-18,Somnath,6,1,2015,1,0,None,20.7,0.0,36566
2015-01-18,Dwarka,6,1,2015,1,0,None,26.9,0.0,32114
2015-01-18,Ambaji,6,1,2015,1,0,None,23.8,0.0,48951
2015-01-18,Pavagadh,6,1,2015,1,0,None,20.8,0.0,26736
2015-01-19,Somnath,0,1,2015,0,0,None,27.4,0.0,27074
2015-01-19,Dwarka,0,1,2015,0,0,None,21.7,0.0,23884
2015-01-19,Ambaji,0,1,2015,0,0,None,22.3,0.0,38245
2015-01-19,Pavagadh,0,1,2015,0,0,None,26.5,0.0,19540
2015-01-20,Somnath,1,1,2015,0,0,None,26.5,0.0,23347
2015-01-20,Dwarka,1,1,2015,0,0,None,23.6,0.0,22862
2015-01-20,Ambaji,1,1,2015,0,0,None,23.7,0.0,35805
2015-01-20,Pavagadh,1,1,2015,0,0,None,27.9,0.0,20073
2015-01-21,Somnath,2,1,2015,0,0,None,26.8,0.0,25985
2015-01-21,Dwarka,2,1,2015,0,0,None,25.0,0.0,21091
2015-01-21,Ambaji,2,1,2015,0,0,None,26.1,0.0,37569
2015-01-21,Pavagadh,2,1,2015,0,0,None,27.1,0.0,20006
2015-01-22,Somnath,3,1,2015,0,0,None,26.0,0.0,26009
2015-01-22,Dwarka,3,1,2015,0,0,None,26.0,0.0,21287
2015-01-22,Ambaji,3,1,2015,0,0,None,21.8,0.0,35547
2015-01-22,Pavagadh,3,1,2015,0,0,None,18.4,0.0,20170
2015-01-23,Somnath,4,1,2015,0,0,None,20.9,0.0,22652
2015-01-23,Dwarka,4,1,2015,0,0,None,18.4,0.0,21384
2015-01-23,Ambaji,4,1,2015,0,0,None,19.3,0.0,36889
2015-01-23,Pavagadh,4,1,2015,0,0,None,20.2,0.0,18341
2015-01-24,Somnath,5,1,2015,1,0,None,18.5,0.0,36170
2015-01-24,Dwarka,5,1,2015,1,0,None,25.3,0.0,29778
2015-01-24,Ambaji,5,1,2015,1,0,None,26.0,0.0,44477
2015-01-24,Pavagadh,5,1,2015,1,0,None,18.3,0.0,30494
2015-01-25,Somnath,6,1,2015,1,0,None,22.1,0.0,31619
2015-01-25,Dwarka,6,1,2015,1,0,None,23.5,0.0,30118
2015-01-25,Ambaji,6,1,2015,1,0,None,27.5,0.0,50483
2015-01-25,Pavagadh,6,1,2015,1,0,None,22.2,0.0,28838
2015-01-26,Somnath,0,1,2015,0,1,None,18.1,0.0,32098
2015-01-26,Dwarka,0,1,2015,0,1,None,26.6,0.0,31200
2015-01-26,Ambaji,0,1,2015,0,1,None,22.9,0.0,50146
2015-01-26,Pavagadh,0,1,2015,0,1,None,22.0,0.0,28917
2015-01-27,Somnath,1,1,2015,0,0,None,21.7,0.0,25015
2015-01-27,Dwarka,1,1,2015,0,0,None,26.6,0.0,20516
2015-01-27,Ambaji,1,1,2015,0,0,None,18.7,0.0,31685
2015-01-27,Pavagadh,1,1,2015,0,0,None,23.9,0.0,20301
2015-01-28,Somnath,2,1,2015,0,0,None,21.9,0.0,24791
2015-01-28,Dwarka,2,1,2015,0,0,None,23.5,0.0,21498
2015-01-28,Ambaji,2,1,2015,0,0,None,27.6,0.0,32870
2015-01-28,Pavagadh,2,1,2015,0,0,None,18.7,0.0,18072
2015-01-29,Somnath,3,1,2015,0,0,None,18.9,0.0,22855
2015-01-29,Dwarka,3,1,2015,0,0,None,21.2,0.0,19902
2015-01-29,Ambaji,3,1,2015,0,0,None,26.1,0.0,32327
2015-01-29,Pavagadh,3,1,2015,0,0,None,25.0,0.0,21509
2015-01-30,Somnath,4,1,2015,0,0,None,25.4,0.0,23910
2015-01-30,Dwarka,4,1,2015,0,0,None,19.8,0.0,23350
2015-01-30,Ambaji,4,1,2015,0,0,None,27.9,0.0,34104
2015-01-30,Pavagadh,4,1,2015,0,0,None,25.8,0.0,21723
2015-01-31,Somnath,5,1,2015,1,0,None,26.6,0.0,38100
2015-01-31,Dwarka,5,1,2015,1,0,None,19.0,0.0,32835
2015-01-31,Ambaji,5,1,2015,1,0,None,21.2,0.0,43506
2015-01-31,Pavagadh,5,1,2015,1,0,None,27.1,0.0,29732
2015-02-01,Somnath,6,2,2015,1,0,None,27.5,0.0,35291
2015-02-01,Dwarka,6,2,2015,1,0,None,20.9,0.0,33152
2015-02-01,Ambaji,6,2,2015,1,0,None,25.9,0.0,46086
2015-02-01,Pavagadh,6,2,2015,1,0,None,18.6,0.0,29919
2015-02-02,Somnath,0,2,2015,0,0,None,21.5,0.0,23214
2015-02-02,Dwarka,0,2,2015,0,0,None,25.6,0.0,20244
2015-02-02,Ambaji,0,2,2015,0,0,None,18.8,0.0,32009
2015-02-02,Pavagadh,0,2,2015,0,0,None,26.2,0.0,18325
2015-02-03,Somnath,1,2,2015,0,0,None,18.8,2.0,24371
2015-02-03,Dwarka,1,2,2015,0,0,None,21.7,0.0,23967
2015-02-03,Ambaji,1,2,2015,0,0,None,27.9,0.0,34133
2015-02-03,Pavagadh,1,2,2015,0,0,None,18.8,0.0,20233
2015-02-04,Somnath,2,2,2015,0,0,None,22.2,0.0,23055
2015-02-04,Dwarka,2,2,2015,0,0,None,22.9,0.0,21862
2015-02-04,Ambaji,2,2,2015,0,0,None,18.6,0.0,32322
2015-02-04,Pavagadh,2,2,2015,0,0,None,24.5,0.0,20333
2015-02-05,Somnath,3,2,2015,0,0,None,27.6,0.0,23928
2015-02-05,Dwarka,3,2,2015,0,0,None,26.7,0.0,24038
2015-02-05,Ambaji,3,2,2015,0,0,None,18.1,0.0,31802
2015-02-05,Pavagadh,3,2,2015,0,0,None,26.9,0.0,21971
2015-02-06,Somnath,4,2,2015,0,0,None,18.7,0.0,27346
2015-02-06,Dwarka,4,2,2015,0,0,None,23.2,0.0,22861
2015-02-06,Ambaji,4,2,2015,0,0,None,22.5,0.0,35590
2015-02-06,Pavagadh,4,2,2015,0,0,None,27.0,0.0,19123
2015-02-07,Somnath,5,2,2015,1,0,None,27.5,0.0,35613
2015-02-07,Dwarka,5,2,2015,1,0,None,20.8,0.0,29741
2015-02-07,Ambaji,5,2,2015,1,0,None,23.8,0.0,57408
2015-02-07,Pavagadh,5,2,2015,1,0,None,25.0,0.0,28947
2015-02-08,Somnath,6,2,2015,1,0,None,24.8,0.0,39444
2015-02-08,Dwarka,6,2,2015,1,0,None,27.5,0.0,30787
2015-02-08,Ambaji,6,2,2015,1,0,None,27.3,0.0,41476
2015-02-08,Pavagadh,6,2,2015,1,0,None,21.8,0.0,27855
2015-02-09,Somnath,0,2,2015,0,0,None,23.9,0.0,27349
2015-02-09,Dwarka,0,2,2015,0,0,None,26.4,0.0,21862
2015-02-09,Ambaji,0,2,2015,0,0,None,22.1,0.0,31894
2015-02-09,Pavagadh,0,2,2015,0,0,None,26.6,0.0,21998
2015-02-10,Somnath,1,2,2015,0,0,None,28.0,0.0,26344
2015-02-10,Dwarka,1,2,2015,0,0,None,27.4,0.0,20888
2015-02-10,Ambaji,1,2,2015,0,0,None,22.5,0.0,38178
2015-02-10,Pavagadh,1,2,2015,0,0,None,24.1,0.0,20686
2015-02-11,Somnath,2,2,2015,0,0,None,24.2,0.0,23067
2015-02-11,Dwarka,2,2,2015,0,0,None,24.7,0.0,23198
2015-02-11,Ambaji,2,2,2015,0,0,None,23.2,0.0,35363
2015-02-11,Pavagadh,2,2,2015,0,0,None,23.6,0.0,19613
2015-02-12,Somnath,3,2,2015,0,0,None,19.3,0.0,26275
2015-02-12,Dwarka,3,2,2015,0,0,None,24.2,0.0,20737
2015-02-12,Ambaji,3,2,2015,0,0,None,19.4,0.0,33954
2015-02-12,Pavagadh,3,2,2015,0,0,None,23.9,0.0,19749
2015-02-13,Somnath,4,2,2015,0,0,None,27.0,0.0,25069
2015-02-13,Dwarka,4,2,2015,0,0,None,25.8,0.0,22537
2015-02-13,Ambaji,4,2,2015,0,0,None,26.6,0.0,32529
2015-02-13,Pavagadh,4,2,2015,0,0,None,27.3,0.0,19032
2015-02-14,Somnath,5,2,2015,1,0,None,22.6,2.0,33765
2015-02-14,Dwarka,5,2,2015,1,0,None,24.3,0.0,26786
2015-02-14,Ambaji,5,2,2015,1,0,None,19.3,0.0,47781
2015-02-14,Pavagadh,5,2,2015,1,0,None,19.8,0.0,29433
2015-02-15,Somnath,6,2,2015,1,0,None,24.7,0.0,30388
2015-02-15,Dwarka,6,2,2015,1,0,None,19.7,0.0,26962
2015-02-15,Ambaji,6,2,2015,1,0,None,19.2,0.0,45669
2015-02-15,Pavagadh,6,2,2015,1,0,None,23.0,0.0,27723
2015-02-16,Somnath,0,2,2015,0,0,None,24.3,0.0,26867
2015-02-16,Dwarka,0,2,2015,0,0,None,27.2,0.0,21018
2015-02-16,Ambaji,0,2,2015,0,0,None,26.1,0.0,32791
2015-02-16,Pavagadh,0,2,2015,0,0,None,20.1,0.0,19938
2015-02-17,Somnath,1,2,2015,0,0,Maha Shivratri,24.2,0.0,370604
2015-02-17,Dwarka,1,2,2015,0,0,None,18.4,0.0,22938
2015-02-17,Ambaji,1,2,2015,0,0,None,27.0,0.0,35224
2015-02-17,Pavagadh,1,2,2015,0,0,None,19.1,0.0,20130
2015-02-18,Somnath,2,2,2015,0,0,None,20.4,0.0,24386
2015-02-18,Dwarka,2,2,2015,0,0,None,18.2,0.0,20730
2015-02-18,Ambaji,2,2,2015,0,0,None,21.3,0.0,37733
2015-02-18,Pavagadh,2,2,2015,0,0,None,23.9,0.0,21156
2015-02-19,Somnath,3,2,2015,0,0,None,23.0,0.0,25185
2015-02-19,Dwarka,3,2,2015,0,0,None,23.9,0.0,21699
2015-02-19,Ambaji,3,2,2015,0,0,None,19.3,0.0,34041
2015-02-19,Pavagadh,3,2,2015,0,0,None,24.5,0.0,19424
2015-02-20,Somnath,4,2,2015,0,0,None,27.9,0.0,23686
2015-02-20,Dwarka,4,2,2015,0,0,None,19.0,0.0,20882
2015-02-20,Ambaji,4,2,2015,0,0,None,19.6,0.0,33495
2015-02-20,Pavagadh,4,2,2015,0,0,None,19.7,0.0,18320
2015-02-21,Somnath,5,2,2015,1,0,None,23.2,0.0,34509
2015-02-21,Dwarka,5,2,2015,1,0,None,22.0,0.0,34463
2015-02-21,Ambaji,5,2,2015,1,0,None,20.6,0.0,54489
2015-02-21,Pavagadh,5,2,2015,1,0,None,23.6,0.0,28581
2015-02-22,Somnath,6,2,2015,1,0,None,19.9,0.0,34679
2015-02-22,Dwarka,6,2,2015,1,0,None,20.4,0.0,29964
2015-02-22,Ambaji,6,2,2015,1,0,None,23.8,0.0,49186
2015-02-22,Pavagadh,6,2,2015,1,0,None,18.5,0.0,24220
2015-02-23,Somnath,0,2,2015,0,0,None,27.9,0.0,26549
2015-02-23,Dwarka,0,2,2015,0,0,None,20.5,0.0,23145
2015-02-23,Ambaji,0,2,2015,0,0,None,24.0,0.0,34382
2015-02-23,Pavagadh,0,2,2015,0,0,None,21.5,0.0,21322
2015-02-24,Somnath,1,2,2015,0,0,None,27.7,0.0,26154
2015-02-24,Dwarka,1,2,2015,0,0,None,27.4,0.0,20092
2015-02-24,Ambaji,1,2,2015,0,0,None,25.4,0.0,37392
2015-02-24,Pavagadh,1,2,2015,0,0,None,19.4,0.0,18806
2015-02-25,Somnath,2,2,2015,0,0,None,19.6,0.0,26572
2015-02-25,Dwarka,2,2,2015,0,0,None,24.7,0.0,21378
2015-02-25,Ambaji,2,2,2015,0,0,None,26.8,0.0,37216
2015-02-25,Pavagadh,2,2,2015,0,0,None,22.4,0.0,19850
2015-02-26,Somnath,3,2,2015,0,0,None,21.0,0.0,25013
2015-02-26,Dwarka,3,2,2015,0,0,None,20.3,0.0,21489
2015-02-26,Ambaji,3,2,2015,0,0,None,23.4,0.0,35869
2015-02-26,Pavagadh,3,2,2015,0,0,None,19.2,0.0,20510
2015-02-27,Somnath,4,2,2015,0,0,None,21.3,0.0,26470
2015-02-27,Dwarka,4,2,2015,0,0,None,24.2,0.0,23733
2015-02-27,Ambaji,4,2,2015,0,0,None,25.9,0.0,33682
2015-02-27,Pavagadh,4,2,2015,0,0,None,20.5,0.0,18134
2015-02-28,Somnath,5,2,2015,1,0,None,23.7,0.0,35718
2015-02-28,Dwarka,5,2,2015,1,0,None,26.2,0.0,29916
2015-02-28,Ambaji,5,2,2015,1,0,None,22.0,0.0,44028
2015-02-28,Pavagadh,5,2,2015,1,0,None,25.2,0.0,29672
2015-03-01,Somnath,6,3,2015,1,0,None,38.0,0.0,32048
2015-03-01,Dwarka,6,3,2015,1,0,None,42.0,0.0,29646
2015-03-01,Ambaji,6,3,2015,1,0,None,33.7,0.0,50134
2015-03-01,Pavagadh,6,3,2015,1,0,None,32.2,0.0,30115
2015-03-02,Somnath,0,3,2015,0,0,None,39.7,1.0,26036
2015-03-02,Dwarka,0,3,2015,0,0,None,33.7,0.0,22469
2015-03-02,Ambaji,0,3,2015,0,0,None,36.7,0.0,38040
2015-03-02,Pavagadh,0,3,2015,0,0,None,42.2,0.0,18896
2015-03-03,Somnath,1,3,2015,0,0,None,41.2,0.0,25294
2015-03-03,Dwarka,1,3,2015,0,0,None,37.7,0.0,21555
2015-03-03,Ambaji,1,3,2015,0,0,None,32.6,0.0,37119
2015-03-03,Pavagadh,1,3,2015,0,0,None,32.1,0.0,19592
2015-03-04,Somnath,2,3,2015,0,0,None,37.9,1.0,24231
2015-03-04,Dwarka,2,3,2015,0,0,None,35.8,0.0,21789
2015-03-04,Ambaji,2,3,2015,0,0,None,34.5,0.0,32485
2015-03-04,Pavagadh,2,3,2015,0,0,None,33.9,0.0,19675
2015-03-05,Somnath,3,3,2015,0,0,None,42.1,0.0,23301
2015-03-05,Dwarka,3,3,2015,0,0,None,32.1,0.0,20583
2015-03-05,Ambaji,3,3,2015,0,0,None,42.6,0.0,28613
2015-03-05,Pavagadh,3,3,2015,0,0,None,43.0,0.0,16615
2015-03-06,Somnath,4,3,2015,0,0,None,40.2,0.0,26990
2015-03-06,Dwarka,4,3,2015,0,0,None,34.3,0.0,19960
2015-03-06,Ambaji,4,3,2015,0,0,None,37.2,0.0,31959
2015-03-06,Pavagadh,4,3,2015,0,0,None,40.5,0.0,20097
2015-03-07,Somnath,5,3,2015,1,0,None,36.8,0.0,32864
2015-03-07,Dwarka,5,3,2015,1,0,None,34.0,0.0,31932
2015-03-07,Ambaji,5,3,2015,1,0,None,35.0,0.0,43770
2015-03-07,Pavagadh,5,3,2015,1,0,None,33.7,0.0,25927
2015-03-08,Somnath,6,3,2015,1,0,None,34.4,0.0,32414
2015-03-08,Dwarka,6,3,2015,1,0,None,33.1,0.0,30283
2015-03-08,Ambaji,6,3,2015,1,0,None,34.6,0.0,49300
2015-03-08,Pavagadh,6,3,2015,1,0,None,41.4,0.0,23801
2015-03-09,Somnath,0,3,2015,0,0,None,35.2,0.0,22565
2015-03-09,Dwarka,0,3,2015,0,0,None,32.9,0.0,19916
2015-03-09,Ambaji,0,3,2015,0,0,None,34.0,0.0,34449
2015-03-09,Pavagadh,0,3,2015,0,0,None,41.8,0.0,16832
2015-03-10,Somnath,1,3,2015,0,0,None,36.2,0.0,23840
2015-03-10,Dwarka,1,3,2015,0,0,None,38.9,0.0,22229
2015-03-10,Ambaji,1,3,2015,0,0,None,36.8,0.0,38139
2015-03-10,Pavagadh,1,3,2015,0,0,None,40.4,0.0,21473
2015-03-11,Somnath,2,3,2015,0,0,None,37.4,0.0,26499
2015-03-11,Dwarka,2,3,2015,0,0,None,36.7,0.0,20982
2015-03-11,Ambaji,2,3,2015,0,0,None,38.0,0.0,33305
2015-03-11,Pavagadh,2,3,2015,0,0,None,33.5,0.0,21937
2015-03-12,Somnath,3,3,2015,0,0,None,37.8,0.0,23861
2015-03-12,Dwarka,3,3,2015,0,0,None,32.2,1.0,20318
2015-03-12,Ambaji,3,3,2015,0,0,None,38.3,0.0,35379
2015-03-12,Pavagadh,3,3,2015,0,0,None,39.2,0.0,18825
2015-03-13,Somnath,4,3,2015,0,0,None,32.1,0.0,27000
2015-03-13,Dwarka,4,3,2015,0,0,None,41.6,0.0,20681
2015-03-13,Ambaji,4,3,2015,0,0,None,33.9,1.0,34431
2015-03-13,Pavagadh,4,3,2015,0,0,None,36.2,0.0,18187
2015-03-14,Somnath,5,3,2015,1,0,None,33.8,0.0,33593
2015-03-14,Dwarka,5,3,2015,1,0,None,34.7,0.0,29008
2015-03-14,Ambaji,5,3,2015,1,0,None,39.9,0.0,49227
2015-03-14,Pavagadh,5,3,2015,1,0,None,39.3,1.0,27280
2015-03-15,Somnath,6,3,2015,1,0,None,32.3,0.0,32292
2015-03-15,Dwarka,6,3,2015,1,0,None,37.5,0.0,31699
2015-03-15,Ambaji,6,3,2015,1,0,None,33.2,0.0,50551
2015-03-15,Pavagadh,6,3,2015,1,0,None,39.6,0.0,28707
2015-03-16,Somnath,0,3,2015,0,0,None,40.8,0.0,23860
2015-03-16,Dwarka,0,3,2015,0,0,None,38.5,0.0,20202
2015-03-16,Ambaji,0,3,2015,0,0,None,42.1,0.0,32718
2015-03-16,Pavagadh,0,3,2015,0,0,None,34.0,0.0,21491
2015-03-17,Somnath,1,3,2015,0,0,None,40.1,0.0,25793
2015-03-17,Dwarka,1,3,2015,0,0,None,39.6,0.0,20898
2015-03-17,Ambaji,1,3,2015,0,0,None,37.4,0.0,38413
2015-03-17,Pavagadh,1,3,2015,0,0,None,42.4,0.0,19977
2015-03-18,Somnath,2,3,2015,0,0,None,34.0,0.0,27077
2015-03-18,Dwarka,2,3,2015,0,0,None,32.4,0.0,21108
2015-03-18,Ambaji,2,3,2015,0,0,None,42.2,1.0,32884
2015-03-18,Pavagadh,2,3,2015,0,0,None,41.5,0.0,18798
2015-03-19,Somnath,3,3,2015,0,0,None,32.4,0.0,23650
2015-03-19,Dwarka,3,3,2015,0,0,None,33.3,0.0,22863
2015-03-19,Ambaji,3,3,2015,0,0,None,35.7,0.0,31957
2015-03-19,Pavagadh,3,3,2015,0,0,None,35.5,0.0,21162
2015-03-20,Somnath,4,3,2015,0,0,None,35.5,0.0,26929
2015-03-20,Dwarka,4,3,2015,0,0,None,38.8,0.0,19907
2015-03-20,Ambaji,4,3,2015,0,0,None,41.6,0.0,33001
2015-03-20,Pavagadh,4,3,2015,0,0,None,42.3,0.0,18428
2015-03-21,Somnath,5,3,2015,1,0,None,40.4,0.0,35789
2015-03-21,Dwarka,5,3,2015,1,0,None,41.6,5.0,28070
2015-03-21,Ambaji,5,3,2015,1,0,None,40.1,0.0,44927
2015-03-21,Pavagadh,5,3,2015,1,0,None,35.2,0.0,24467
2015-03-22,Somnath,6,3,2015,1,0,None,32.2,5.0,33837
2015-03-22,Dwarka,6,3,2015,1,0,None,39.5,0.0,34657
2015-03-22,Ambaji,6,3,2015,1,0,None,33.0,0.0,56248
2015-03-22,Pavagadh,6,3,2015,1,0,None,37.1,0.0,29287
2015-03-23,Somnath,0,3,2015,0,0,None,34.5,1.0,25748
2015-03-23,Dwarka,0,3,2015,0,0,None,38.7,0.0,20814
2015-03-23,Ambaji,0,3,2015,0,0,None,33.9,0.0,32805
2015-03-23,Pavagadh,0,3,2015,0,0,None,40.6,0.0,18231
2015-03-24,Somnath,1,3,2015,0,0,None,42.7,0.0,25902
2015-03-24,Dwarka,1,3,2015,0,0,None,33.9,0.0,23136
2015-03-24,Ambaji,1,3,2015,0,0,None,39.7,0.0,37210
2015-03-24,Pavagadh,1,3,2015,0,0,None,34.5,0.0,20147
2015-03-25,Somnath,2,3,2015,0,0,None,38.5,0.0,22957
2015-03-25,Dwarka,2,3,2015,0,0,None,41.7,0.0,20461
2015-03-25,Ambaji,2,3,2015,0,0,None,42.5,0.0,33594
2015-03-25,Pavagadh,2,3,2015,0,0,None,38.1,0.0,19633
2015-03-26,Somnath,3,3,2015,0,0,None,36.1,0.0,26117
2015-03-26,Dwarka,3,3,2015,0,0,None,37.5,0.0,20768
2015-03-26,Ambaji,3,3,2015,0,0,None,39.5,0.0,37458
2015-03-26,Pavagadh,3,3,2015,0,0,None,37.4,0.0,20369
2015-03-27,Somnath,4,3,2015,0,0,None,41.1,0.0,23246
2015-03-27,Dwarka,4,3,2015,0,0,None,34.9,0.0,23308
2015-03-27,Ambaji,4,3,2015,0,0,None,39.2,0.0,37571
2015-03-27,Pavagadh,4,3,2015,0,0,None,39.8,0.0,20789
2015-03-28,Somnath,5,3,2015,1,0,None,39.5,0.0,33787
2015-03-28,Dwarka,5,3,2015,1,0,None,41.7,0.0,24803
2015-03-28,Ambaji,5,3,2015,1,0,None,35.7,0.0,49590
2015-03-28,Pavagadh,5,3,2015,1,0,None,41.2,0.0,23403
2015-03-29,Somnath,6,3,2015,1,0,None,42.8,0.0,31118
2015-03-29,Dwarka,6,3,2015,1,0,None,40.6,0.0,32212
2015-03-29,Ambaji,6,3,2015,1,0,None,42.6,0.0,43348
2015-03-29,Pavagadh,6,3,2015,1,0,None,42.3,0.0,24083
2015-03-30,Somnath,0,3,2015,0,0,None,32.7,0.0,24229
2015-03-30,Dwarka,0,3,2015,0,0,None,38.8,0.0,23634
2015-03-30,Ambaji,0,3,2015,0,0,None,42.7,1.0,29978
2015-03-30,Pavagadh,0,3,2015,0,0,None,40.3,0.0,18088
2015-03-31,Somnath,1,3,2015,0,0,None,35.6,0.0,26352
2015-03-31,Dwarka,1,3,2015,0,0,None,39.5,0.0,21003
2015-03-31,Ambaji,1,3,2015,0,0,None,43.0,0.0,29222
2015-03-31,Pavagadh,1,3,2015,0,0,None,40.7,0.0,18883
2015-04-01,Somnath,2,4,2015,0,0,None,32.9,0.0,25772
2015-04-01,Dwarka,2,4,2015,0,0,None,35.0,1.0,20464
2015-04-01,Ambaji,2,4,2015,0,0,None,36.8,1.0,34438
2015-04-01,Pavagadh,2,4,2015,0,0,None,39.0,0.0,19096
2015-04-02,Somnath,3,4,2015,0,0,None,42.8,0.0,22216
2015-04-02,Dwarka,3,4,2015,0,0,None,34.3,0.0,22667
2015-04-02,Ambaji,3,4,2015,0,0,None,36.1,0.0,34812
2015-04-02,Pavagadh,3,4,2015,0,0,None,42.7,0.0,19773
2015-04-03,Somnath,4,4,2015,0,0,None,40.5,0.0,26305
2015-04-03,Dwarka,4,4,2015,0,0,None,38.9,0.0,19943
2015-04-03,Ambaji,4,4,2015,0,0,None,42.1,0.0,32417
2015-04-03,Pavagadh,4,4,2015,0,0,None,33.3,0.0,20742
2015-04-04,Somnath,5,4,2015,1,0,None,36.7,0.0,31911
2015-04-04,Dwarka,5,4,2015,1,0,None,38.4,0.0,30891
2015-04-04,Ambaji,5,4,2015,1,0,None,37.0,0.0,45017
2015-04-04,Pavagadh,5,4,2015,1,0,None,37.3,0.0,28226
2015-04-05,Somnath,6,4,2015,1,0,None,41.5,0.0,27044
2015-04-05,Dwarka,6,4,2015,1,0,None,34.7,5.0,29220
2015-04-05,Ambaji,6,4,2015,1,0,None,38.8,0.0,44572
2015-04-05,Pavagadh,6,4,2015,1,0,None,35.6,0.0,25564
2015-04-06,Somnath,0,4,2015,0,0,None,32.4,0.0,24484
2015-04-06,Dwarka,0,4,2015,0,0,None,33.5,0.0,22833
2015-04-06,Ambaji,0,4,2015,0,0,None,40.8,0.0,32672
2015-04-06,Pavagadh,0,4,2015,0,0,None,33.2,0.0,20825
2015-04-07,Somnath,1,4,2015,0,0,None,32.3,1.0,22759
2015-04-07,Dwarka,1,4,2015,0,0,None,38.0,0.0,23632
2015-04-07,Ambaji,1,4,2015,0,0,None,39.9,0.0,33876
2015-04-07,Pavagadh,1,4,2015,0,0,None,41.0,0.0,21579
2015-04-08,Somnath,2,4,2015,0,0,None,38.0,0.0,24761
2015-04-08,Dwarka,2,4,2015,0,0,None,39.1,0.0,23018
2015-04-08,Ambaji,2,4,2015,0,0,None,32.9,0.0,33229
2015-04-08,Pavagadh,2,4,2015,0,0,None,33.8,0.0,18876
2015-04-09,Somnath,3,4,2015,0,0,None,42.7,0.0,22962
2015-04-09,Dwarka,3,4,2015,0,0,None,39.2,0.0,22243
2015-04-09,Ambaji,3,4,2015,0,0,None,39.9,0.0,38474
2015-04-09,Pavagadh,3,4,2015,0,0,None,42.7,0.0,18026
2015-04-10,Somnath,4,4,2015,0,0,None,32.8,0.0,23788
2015-04-10,Dwarka,4,4,2015,0,0,None,37.1,0.0,22999
2015-04-10,Ambaji,4,4,2015,0,0,None,40.2,0.0,33921
2015-04-10,Pavagadh,4,4,2015,0,0,None,36.1,5.0,18160
2015-04-11,Somnath,5,4,2015,1,0,None,41.5,0.0,31919
2015-04-11,Dwarka,5,4,2015,1,0,None,41.6,1.0,27224
2015-04-11,Ambaji,5,4,2015,1,0,None,42.0,0.0,47653
2015-04-11,Pavagadh,5,4,2015,1,0,None,33.4,0.0,27737
2015-04-12,Somnath,6,4,2015,1,0,None,34.6,1.0,35772
2015-04-12,Dwarka,6,4,2015,1,0,None,37.4,0.0,32076
2015-04-12,Ambaji,6,4,2015,1,0,None,37.7,0.0,46309
2015-04-12,Pavagadh,6,4,2015,1,0,None,36.3,1.0,27879
2015-04-13,Somnath,0,4,2015,0,0,None,35.6,0.0,23154
2015-04-13,Dwarka,0,4,2015,0,0,None,42.7,0.0,17579
2015-04-13,Ambaji,0,4,2015,0,0,None,33.9,0.0,33859
2015-04-13,Pavagadh,0,4,2015,0,0,None,41.1,0.0,17907
2015-04-14,Somnath,1,4,2015,0,0,None,39.8,0.0,23338
2015-04-14,Dwarka,1,4,2015,0,0,None,32.4,0.0,22720
2015-04-14,Ambaji,1,4,2015,0,0,None,37.2,0.0,37139
2015-04-14,Pavagadh,1,4,2015,0,0,None,38.4,0.0,18823
2015-04-15,Somnath,2,4,2015,0,0,None,33.2,0.0,22785
2015-04-15,Dwarka,2,4,2015,0,0,None,37.8,1.0,19973
2015-04-15,Ambaji,2,4,2015,0,0,None,33.3,0.0,38037
2015-04-15,Pavagadh,2,4,2015,0,0,None,35.5,0.0,18166
2015-04-16,Somnath,3,4,2015,0,0,None,33.6,5.0,27325
2015-04-16,Dwarka,3,4,2015,0,0,None,32.1,1.0,22612
2015-04-16,Ambaji,3,4,2015,0,0,None,41.5,0.0,31484
2015-04-16,Pavagadh,3,4,2015,0,0,None,39.3,0.0,18119
2015-04-17,Somnath,4,4,2015,0,0,None,35.4,0.0,23509
2015-04-17,Dwarka,4,4,2015,0,0,None,39.4,1.0,20213
2015-04-17,Ambaji,4,4,2015,0,0,None,39.4,0.0,37576
2015-04-17,Pavagadh,4,4,2015,0,0,None,33.9,0.0,21352
2015-04-18,Somnath,5,4,2015,1,0,None,42.4,0.0,34253
2015-04-18,Dwarka,5,4,2015,1,0,None,38.3,0.0,33935
2015-04-18,Ambaji,5,4,2015,1,0,None,39.4,0.0,49048
2015-04-18,Pavagadh,5,4,2015,1,0,None,39.2,0.0,31491
2015-04-19,Somnath,6,4,2015,1,0,None,32.5,1.0,37095
2015-04-19,Dwarka,6,4,2015,1,0,None,40.6,0.0,34260
2015-04-19,Ambaji,6,4,2015,1,0,None,36.4,0.0,53262
2015-04-19,Pavagadh,6,4,2015,1,0,None,40.4,0.0,29505
2015-04-20,Somnath,0,4,2015,0,0,None,33.3,0.0,22528
2015-04-20,Dwarka,0,4,2015,0,0,None,35.6,0.0,21543
2015-04-20,Ambaji,0,4,2015,0,0,None,39.7,0.0,34640
2015-04-20,Pavagadh,0,4,2015,0,0,None,34.6,0.0,18909
2015-04-21,Somnath,1,4,2015,0,0,None,32.8,0.0,25841
2015-04-21,Dwarka,1,4,2015,0,0,None,38.8,0.0,21471
2015-04-21,Ambaji,1,4,2015,0,0,None,41.5,0.0,28445
2015-04-21,Pavagadh,1,4,2015,0,0,None,35.8,0.0,19595
2015-04-22,Somnath,2,4,2015,0,0,None,38.4,0.0,25539
2015-04-22,Dwarka,2,4,2015,0,0,None,40.4,0.0,22959
2015-04-22,Ambaji,2,4,2015,0,0,None,42.5,0.0,27437
2015-04-22,Pavagadh,2,4,2015,0,0,None,39.1,0.0,18973
2015-04-23,Somnath,3,4,2015,0,0,None,42.2,0.0,22886
2015-04-23,Dwarka,3,4,2015,0,0,None,33.1,0.0,20929
2015-04-23,Ambaji,3,4,2015,0,0,None,35.1,0.0,37121
2015-04-23,Pavagadh,3,4,2015,0,0,None,37.9,0.0,20441
2015-04-24,Somnath,4,4,2015,0,0,None,39.9,0.0,24567
2015-04-24,Dwarka,4,4,2015,0,0,None,33.3,0.0,22796
2015-04-24,Ambaji,4,4,2015,0,0,None,34.0,0.0,36463
2015-04-24,Pavagadh,4,4,2015,0,0,None,33.2,0.0,19026
2015-04-25,Somnath,5,4,2015,1,0,None,42.6,0.0,30041
2015-04-25,Dwarka,5,4,2015,1,0,None,39.0,1.0,33241
2015-04-25,Ambaji,5,4,2015,1,0,None,41.7,0.0,42045
2015-04-25,Pavagadh,5,4,2015,1,0,None,41.2,1.0,25294
2015-04-26,Somnath,6,4,2015,1,0,None,35.0,0.0,35778
2015-04-26,Dwarka,6,4,2015,1,0,None,33.1,0.0,31117
2015-04-26,Ambaji,6,4,2015,1,0,None,33.8,0.0,48619
2015-04-26,Pavagadh,6,4,2015,1,0,None,33.1,0.0,29179
2015-04-27,Somnath,0,4,2015,0,0,None,38.0,0.0,24454
2015-04-27,Dwarka,0,4,2015,0,0,None,38.5,0.0,24146
2015-04-27,Ambaji,0,4,2015,0,0,None,33.5,0.0,34330
2015-04-27,Pavagadh,0,4,2015,0,0,None,36.7,0.0,20769
2015-04-28,Somnath,1,4,2015,0,0,None,42.9,0.0,22475
2015-04-28,Dwarka,1,4,2015,0,0,None,38.4,0.0,20149
2015-04-28,Ambaji,1,4,2015,0,0,None,32.9,0.0,32843
2015-04-28,Pavagadh,1,4,2015,0,0,None,35.6,0.0,19419
2015-04-29,Somnath,2,4,2015,0,0,None,32.8,0.0,22838
2015-04-29,Dwarka,2,4,2015,0,0,None,40.8,0.0,22176
2015-04-29,Ambaji,2,4,2015,0,0,None,41.7,0.0,30504
2015-04-29,Pavagadh,2,4,2015,0,0,None,35.7,0.0,21976
2015-04-30,Somnath,3,4,2015,0,0,None,39.3,0.0,26153
2015-04-30,Dwarka,3,4,2015,0,0,None,37.1,0.0,22274
2015-04-30,Ambaji,3,4,2015,0,0,None,42.5,0.0,30241
2015-04-30,Pavagadh,3,4,2015,0,0,None,37.9,0.0,19801
2015-05-01,Somnath,4,5,2015,0,0,None,40.3,0.0,25824
2015-05-01,Dwarka,4,5,2015,0,0,None,40.7,1.0,20832
2015-05-01,Ambaji,4,5,2015,0,0,None,36.4,0.0,38447
2015-05-01,Pavagadh,4,5,2015,0,0,None,42.2,0.0,18762
2015-05-02,Somnath,5,5,2015,1,0,None,38.9,0.0,33575
2015-05-02,Dwarka,5,5,2015,1,0,None,41.1,0.0,26009
2015-05-02,Ambaji,5,5,2015,1,0,None,34.9,0.0,50143
2015-05-02,Pavagadh,5,5,2015,1,0,None,38.1,0.0,27296
2015-05-03,Somnath,6,5,2015,1,0,None,38.6,0.0,37074
2015-05-03,Dwarka,6,5,2015,1,0,None,42.9,0.0,25700
2015-05-03,Ambaji,6,5,2015,1,0,None,41.0,0.0,55447
2015-05-03,Pavagadh,6,5,2015,1,0,None,40.9,0.0,24937
2015-05-04,Somnath,0,5,2015,0,0,None,36.4,0.0,25974
2015-05-04,Dwarka,0,5,2015,0,0,None,35.8,1.0,22620
2015-05-04,Ambaji,0,5,2015,0,0,None,41.0,0.0,37534
2015-05-04,Pavagadh,0,5,2015,0,0,None,42.2,0.0,19177
2015-05-05,Somnath,1,5,2015,0,0,None,33.9,0.0,24493
2015-05-05,Dwarka,1,5,2015,0,0,None,33.6,0.0,20099
2015-05-05,Ambaji,1,5,2015,0,0,None,32.3,0.0,38241
2015-05-05,Pavagadh,1,5,2015,0,0,None,38.0,1.0,19729
2015-05-06,Somnath,2,5,2015,0,0,None,35.4,0.0,24697
2015-05-06,Dwarka,2,5,2015,0,0,None,33.2,0.0,20750
2015-05-06,Ambaji,2,5,2015,0,0,None,38.8,0.0,32564
2015-05-06,Pavagadh,2,5,2015,0,0,None,32.7,0.0,19839
2015-05-07,Somnath,3,5,2015,0,0,None,32.6,5.0,22788
2015-05-07,Dwarka,3,5,2015,0,0,None,39.6,5.0,20852
2015-05-07,Ambaji,3,5,2015,0,0,None,33.6,0.0,33622
2015-05-07,Pavagadh,3,5,2015,0,0,None,33.1,0.0,18249
2015-05-08,Somnath,4,5,2015,0,0,None,37.6,5.0,26569
2015-05-08,Dwarka,4,5,2015,0,0,None,38.8,0.0,22545
2015-05-08,Ambaji,4,5,2015,0,0,None,37.8,0.0,32414
2015-05-08,Pavagadh,4,5,2015,0,0,None,41.8,0.0,16929
2015-05-09,Somnath,5,5,2015,1,0,None,36.6,0.0,38116
2015-05-09,Dwarka,5,5,2015,1,0,None,32.1,0.0,27764
2015-05-09,Ambaji,5,5,2015,1,0,None,34.9,0.0,46787
2015-05-09,Pavagadh,5,5,2015,1,0,None,34.4,0.0,29531
2015-05-10,Somnath,6,5,2015,1,0,None,40.8,1.0,32212
2015-05-10,Dwarka,6,5,2015,1,0,None,38.0,0.0,29717
2015-05-10,Ambaji,6,5,2015,1,0,None,37.4,0.0,50040
2015-05-10,Pavagadh,6,5,2015,1,0,None,37.2,0.0,27354
2015-05-11,Somnath,0,5,2015,0,0,None,40.6,0.0,27276
2015-05-11,Dwarka,0,5,2015,0,0,None,40.7,0.0,22827
2015-05-11,Ambaji,0,5,2015,0,0,None,36.8,0.0,37386
2015-05-11,Pavagadh,0,5,2015,0,0,None,32.4,1.0,19845
2015-05-12,Somnath,1,5,2015,0,0,None,39.0,0.0,26975
2015-05-12,Dwarka,1,5,2015,0,0,None,39.0,0.0,20093
2015-05-12,Ambaji,1,5,2015,0,0,None,37.7,0.0,36662
2015-05-12,Pavagadh,1,5,2015,0,0,None,37.6,0.0,18166
2015-05-13,Somnath,2,5,2015,0,0,None,32.9,0.0,22860
2015-05-13,Dwarka,2,5,2015,0,0,None,32.8,0.0,24008
2015-05-13,Ambaji,2,5,2015,0,0,None,40.1,0.0,33575
2015-05-13,Pavagadh,2,5,2015,0,0,None,35.8,0.0,20645
2015-05-14,Somnath,3,5,2015,0,0,None,34.0,0.0,22991
2015-05-14,Dwarka,3,5,2015,0,0,None,39.3,0.0,20966
2015-05-14,Ambaji,3,5,2015,0,0,None,32.2,0.0,38275
2015-05-14,Pavagadh,3,5,2015,0,0,None,35.2,0.0,20498
2015-05-15,Somnath,4,5,2015,0,0,None,36.2,0.0,23106
2015-05-15,Dwarka,4,5,2015,0,0,None,38.8,0.0,22633
2015-05-15,Ambaji,4,5,2015,0,0,None,37.8,0.0,38279
2015-05-15,Pavagadh,4,5,2015,0,0,None,40.8,0.0,21919
2015-05-16,Somnath,5,5,2015,1,0,None,38.6,0.0,38500
2015-05-16,Dwarka,5,5,2015,1,0,None,39.2,0.0,32664
2015-05-16,Ambaji,5,5,2015,1,0,None,34.5,0.0,47936
2015-05-16,Pavagadh,5,5,2015,1,0,None,38.7,1.0,24921
2015-05-17,Somnath,6,5,2015,1,0,None,34.2,0.0,34199
2015-05-17,Dwarka,6,5,2015,1,0,None,41.0,0.0,35032
2015-05-17,Ambaji,6,5,2015,1,0,None,34.8,0.0,52056
2015-05-17,Pavagadh,6,5,2015,1,0,None,40.0,0.0,26777
2015-05-18,Somnath,0,5,2015,0,0,None,38.0,5.0,27186
2015-05-18,Dwarka,0,5,2015,0,0,None,32.5,0.0,20379
2015-05-18,Ambaji,0,5,2015,0,0,None,40.0,0.0,32994
2015-05-18,Pavagadh,0,5,2015,0,0,None,37.6,0.0,20931
2015-05-19,Somnath,1,5,2015,0,0,None,38.0,0.0,25041
2015-05-19,Dwarka,1,5,2015,0,0,None,35.3,0.0,22831
2015-05-19,Ambaji,1,5,2015,0,0,None,41.6,0.0,30210
2015-05-19,Pavagadh,1,5,2015,0,0,None,37.1,0.0,18986
2015-05-20,Somnath,2,5,2015,0,0,None,40.0,5.0,22995
2015-05-20,Dwarka,2,5,2015,0,0,None,36.4,0.0,20697
2015-05-20,Ambaji,2,5,2015,0,0,None,38.1,0.0,35811
2015-05-20,Pavagadh,2,5,2015,0,0,None,34.1,0.0,21135
2015-05-21,Somnath,3,5,2015,0,0,None,38.1,0.0,26304
2015-05-21,Dwarka,3,5,2015,0,0,None,32.4,0.0,20690
2015-05-21,Ambaji,3,5,2015,0,0,None,42.5,0.0,28724
2015-05-21,Pavagadh,3,5,2015,0,0,None,35.4,0.0,21985
2015-05-22,Somnath,4,5,2015,0,0,None,36.1,0.0,26110
2015-05-22,Dwarka,4,5,2015,0,0,None,41.7,0.0,19219
2015-05-22,Ambaji,4,5,2015,0,0,None,39.7,0.0,35837
2015-05-22,Pavagadh,4,5,2015,0,0,None,35.9,0.0,18371
2015-05-23,Somnath,5,5,2015,1,0,None,38.5,0.0,32603
2015-05-23,Dwarka,5,5,2015,1,0,None,38.4,0.0,31709
2015-05-23,Ambaji,5,5,2015,1,0,None,39.4,0.0,50469
2015-05-23,Pavagadh,5,5,2015,1,0,None,37.5,0.0,25364
2015-05-24,Somnath,6,5,2015,1,0,None,40.6,0.0,36568
2015-05-24,Dwarka,6,5,2015,1,0,None,36.8,0.0,29647
2015-05-24,Ambaji,6,5,2015,1,0,None,33.0,0.0,52029
2015-05-24,Pavagadh,6,5,2015,1,0,None,43.0,1.0,26182
2015-05-25,Somnath,0,5,2015,0,0,None,40.6,0.0,24549
2015-05-25,Dwarka,0,5,2015,0,0,None,41.2,0.0,20308
2015-05-25,Ambaji,0,5,2015,0,0,None,34.0,0.0,33841
2015-05-25,Pavagadh,0,5,2015,0,0,None,32.3,0.0,21326
2015-05-26,Somnath,1,5,2015,0,0,None,35.0,0.0,23993
2015-05-26,Dwarka,1,5,2015,0,0,None,42.3,0.0,21109
2015-05-26,Ambaji,1,5,2015,0,0,None,41.3,0.0,32286
2015-05-26,Pavagadh,1,5,2015,0,0,None,37.3,0.0,18322
2015-05-27,Somnath,2,5,2015,0,0,None,40.0,0.0,24684
2015-05-27,Dwarka,2,5,2015,0,0,None,40.0,0.0,20499
2015-05-27,Ambaji,2,5,2015,0,0,None,38.7,0.0,36759
2015-05-27,Pavagadh,2,5,2015,0,0,None,39.2,1.0,18275
2015-05-28,Somnath,3,5,2015,0,0,None,32.6,0.0,23808
2015-05-28,Dwarka,3,5,2015,0,0,None,34.7,1.0,20898
2015-05-28,Ambaji,3,5,2015,0,0,None,35.0,0.0,34648
2015-05-28,Pavagadh,3,5,2015,0,0,None,40.5,0.0,19950
2015-05-29,Somnath,4,5,2015,0,0,None,32.4,0.0,27032
2015-05-29,Dwarka,4,5,2015,0,0,None,33.5,0.0,21608
2015-05-29,Ambaji,4,5,2015,0,0,None,35.8,0.0,31652
2015-05-29,Pavagadh,4,5,2015,0,0,None,39.3,1.0,20240
2015-05-30,Somnath,5,5,2015,1,0,None,42.3,0.0,31703
2015-05-30,Dwarka,5,5,2015,1,0,None,42.8,0.0,27737
2015-05-30,Ambaji,5,5,2015,1,0,None,37.1,1.0,48261
2015-05-30,Pavagadh,5,5,2015,1,0,None,33.3,0.0,25561
2015-05-31,Somnath,6,5,2015,1,0,None,41.4,0.0,32431
2015-05-31,Dwarka,6,5,2015,1,0,None,40.0,0.0,31990
2015-05-31,Ambaji,6,5,2015,1,0,None,32.9,0.0,45624
2015-05-31,Pavagadh,6,5,2015,1,0,None,42.4,0.0,25246
2015-06-01,Somnath,0,6,2015,0,0,None,39.2,0.0,22811
2015-06-01,Dwarka,0,6,2015,0,0,None,37.6,0.0,21820
2015-06-01,Ambaji,0,6,2015,0,0,None,32.6,0.0,32909
2015-06-01,Pavagadh,0,6,2015,0,0,None,34.8,0.0,19320
2015-06-02,Somnath,1,6,2015,0,0,None,40.3,0.0,23524
2015-06-02,Dwarka,1,6,2015,0,0,None,41.7,0.0,19538
2015-06-02,Ambaji,1,6,2015,0,0,None,37.0,5.0,36904
2015-06-02,Pavagadh,1,6,2015,0,0,None,32.3,0.0,19855
2015-06-03,Somnath,2,6,2015,0,0,None,42.0,0.0,20719
2015-06-03,Dwarka,2,6,2015,0,0,None,39.2,0.0,21473
2015-06-03,Ambaji,2,6,2015,0,0,None,40.5,1.0,32926
2015-06-03,Pavagadh,2,6,2015,0,0,None,37.8,0.0,21171
2015-06-04,Somnath,3,6,2015,0,0,None,38.4,0.0,26489
2015-06-04,Dwarka,3,6,2015,0,0,None,36.4,1.0,22145
2015-06-04,Ambaji,3,6,2015,0,0,None,33.7,0.0,37052
2015-06-04,Pavagadh,3,6,2015,0,0,None,35.5,0.0,21624
2015-06-05,Somnath,4,6,2015,0,0,None,35.0,5.0,23203
2015-06-05,Dwarka,4,6,2015,0,0,None,34.2,0.0,23733
2015-06-05,Ambaji,4,6,2015,0,0,None,39.2,0.0,34582
2015-06-05,Pavagadh,4,6,2015,0,0,None,38.8,0.0,21529
2015-06-06,Somnath,5,6,2015,1,0,None,40.8,0.0,36721
2015-06-06,Dwarka,5,6,2015,1,0,None,42.8,0.0,29282
2015-06-06,Ambaji,5,6,2015,1,0,None,36.7,0.0,46133
2015-06-06,Pavagadh,5,6,2015,1,0,None,37.8,0.0,27074
2015-06-07,Somnath,6,6,2015,1,0,None,40.0,0.0,39138
2015-06-07,Dwarka,6,6,2015,1,0,None,37.9,0.0,29810
2015-06-07,Ambaji,6,6,2015,1,0,None,41.0,0.0,47949
2015-06-07,Pavagadh,6,6,2015,1,0,None,41.1,0.0,26194
2015-06-08,Somnath,0,6,2015,0,0,None,33.1,0.0,23209
2015-06-08,Dwarka,0,6,2015,0,0,None,35.8,0.0,23094
2015-06-08,Ambaji,0,6,2015,0,0,None,39.2,0.0,33966
2015-06-08,Pavagadh,0,6,2015,0,0,None,41.3,0.0,19466
2015-06-09,Somnath,1,6,2015,0,0,None,33.4,0.0,24125
2015-06-09,Dwarka,1,6,2015,0,0,None,39.5,0.0,20569
2015-06-09,Ambaji,1,6,2015,0,0,None,41.4,0.0,31237
2015-06-09,Pavagadh,1,6,2015,0,0,None,39.1,0.0,20050
2015-06-10,Somnath,2,6,2015,0,0,None,35.4,0.0,22665
2015-06-10,Dwarka,2,6,2015,0,0,None,35.3,0.0,23928
2015-06-10,Ambaji,2,6,2015,0,0,None,41.6,0.0,33582
2015-06-10,Pavagadh,2,6,2015,0,0,None,34.9,1.0,20682
2015-06-11,Somnath,3,6,2015,0,0,None,38.2,0.0,24735
2015-06-11,Dwarka,3,6,2015,0,0,None,37.1,0.0,22205
2015-06-11,Ambaji,3,6,2015,0,0,None,36.2,1.0,32275
2015-06-11,Pavagadh,3,6,2015,0,0,None,36.6,0.0,20959
2015-06-12,Somnath,4,6,2015,0,0,None,42.1,0.0,22423
2015-06-12,Dwarka,4,6,2015,0,0,None,42.0,0.0,18497
2015-06-12,Ambaji,4,6,2015,0,0,None,42.6,0.0,32846
2015-06-12,Pavagadh,4,6,2015,0,0,None,35.1,0.0,18450
2015-06-13,Somnath,5,6,2015,1,0,None,39.7,0.0,31280
2015-06-13,Dwarka,5,6,2015,1,0,None,32.1,0.0,30514
2015-06-13,Ambaji,5,6,2015,1,0,None,35.3,0.0,46120
2015-06-13,Pavagadh,5,6,2015,1,0,None,41.9,0.0,28116
2015-06-14,Somnath,6,6,2015,1,0,None,34.0,0.0,35682
2015-06-14,Dwarka,6,6,2015,1,0,None,32.4,0.0,35326
2015-06-14,Ambaji,6,6,2015,1,0,None,37.7,0.0,52335
2015-06-14,Pavagadh,6,6,2015,1,0,None,33.3,0.0,30641
2015-06-15,Somnath,0,6,2015,0,0,None,41.1,0.0,22758
2015-06-15,Dwarka,0,6,2015,0,0,None,36.7,0.0,21712
2015-06-15,Ambaji,0,6,2015,0,0,None,40.5,0.0,37747
2015-06-15,Pavagadh,0,6,2015,0,0,None,36.9,0.0,20525
2015-06-16,Somnath,1,6,2015,0,0,None,38.5,0.0,23687
2015-06-16,Dwarka,1,6,2015,0,0,None,37.6,0.0,21491
2015-06-16,Ambaji,1,6,2015,0,0,None,37.4,0.0,38153
2015-06-16,Pavagadh,1,6,2015,0,0,None,38.6,0.0,20025
2015-06-17,Somnath,2,6,2015,0,0,None,39.0,0.0,23771
2015-06-17,Dwarka,2,6,2015,0,0,None,36.0,0.0,20000
2015-06-17,Ambaji,2,6,2015,0,0,None,33.5,0.0,38300
2015-06-17,Pavagadh,2,6,2015,0,0,None,35.6,0.0,18784
2015-06-18,Somnath,3,6,2015,0,0,None,38.7,0.0,23534
2015-06-18,Dwarka,3,6,2015,0,0,None,37.7,0.0,19833
2015-06-18,Ambaji,3,6,2015,0,0,None,34.4,0.0,32256
2015-06-18,Pavagadh,3,6,2015,0,0,None,35.7,0.0,20288
2015-06-19,Somnath,4,6,2015,0,0,None,37.6,0.0,27158
2015-06-19,Dwarka,4,6,2015,0,0,None,36.4,0.0,22515
2015-06-19,Ambaji,4,6,2015,0,0,None,33.3,0.0,35051
2015-06-19,Pavagadh,4,6,2015,0,0,None,41.6,0.0,20218
2015-06-20,Somnath,5,6,2015,1,0,None,33.4,0.0,33933
2015-06-20,Dwarka,5,6,2015,1,0,None,36.5,1.0,32426
2015-06-20,Ambaji,5,6,2015,1,0,None,35.4,0.0,55537
2015-06-20,Pavagadh,5,6,2015,1,0,None,32.0,0.0,24934
2015-06-21,Somnath,6,6,2015,1,0,None,32.7,0.0,33162
2015-06-21,Dwarka,6,6,2015,1,0,None,36.2,0.0,27933
2015-06-21,Ambaji,6,6,2015,1,0,None,36.6,0.0,42134
2015-06-21,Pavagadh,6,6,2015,1,0,None,35.9,1.0,29698
2015-06-22,Somnath,0,6,2015,0,0,None,36.0,0.0,22550
2015-06-22,Dwarka,0,6,2015,0,0,None,39.0,1.0,22495
2015-06-22,Ambaji,0,6,2015,0,0,None,41.6,0.0,32600
2015-06-22,Pavagadh,0,6,2015,0,0,None,32.7,0.0,18568
2015-06-23,Somnath,1,6,2015,0,0,None,32.1,0.0,23975
2015-06-23,Dwarka,1,6,2015,0,0,None,37.3,0.0,19992
2015-06-23,Ambaji,1,6,2015,0,0,None,33.4,0.0,33902
2015-06-23,Pavagadh,1,6,2015,0,0,None,40.0,0.0,21382
2015-06-24,Somnath,2,6,2015,0,0,None,39.6,0.0,25864
2015-06-24,Dwarka,2,6,2015,0,0,None,35.0,0.0,23271
2015-06-24,Ambaji,2,6,2015,0,0,None,36.9,0.0,37256
2015-06-24,Pavagadh,2,6,2015,0,0,None,41.4,1.0,17214
2015-06-25,Somnath,3,6,2015,0,0,None,38.4,0.0,25505
2015-06-25,Dwarka,3,6,2015,0,0,None,39.8,0.0,21448
2015-06-25,Ambaji,3,6,2015,0,0,None,33.8,0.0,32498
2015-06-25,Pavagadh,3,6,2015,0,0,None,41.8,0.0,15666
2015-06-26,Somnath,4,6,2015,0,0,None,39.1,0.0,24203
2015-06-26,Dwarka,4,6,2015,0,0,None,32.8,0.0,21169
2015-06-26,Ambaji,4,6,2015,0,0,None,39.4,0.0,34052
2015-06-26,Pavagadh,4,6,2015,0,0,None,34.4,5.0,19816
2015-06-27,Somnath,5,6,2015,1,0,None,39.6,0.0,31627
2015-06-27,Dwarka,5,6,2015,1,0,None,37.6,1.0,27497
2015-06-27,Ambaji,5,6,2015,1,0,None,32.3,0.0,42175
2015-06-27,Pavagadh,5,6,2015,1,0,None,40.3,0.0,29329
2015-06-28,Somnath,6,6,2015,1,0,None,33.3,1.0,36716
2015-06-28,Dwarka,6,6,2015,1,0,None,38.6,0.0,31536
2015-06-28,Ambaji,6,6,2015,1,0,None,42.6,0.0,42962
2015-06-28,Pavagadh,6,6,2015,1,0,None,33.7,0.0,29642
2015-06-29,Somnath,0,6,2015,0,0,None,41.2,0.0,20946
2015-06-29,Dwarka,0,6,2015,0,0,None,34.1,0.0,21306
2015-06-29,Ambaji,0,6,2015,0,0,None,35.0,1.0,35403
2015-06-29,Pavagadh,0,6,2015,0,0,None,35.8,0.0,18556
2015-06-30,Somnath,1,6,2015,0,0,None,36.9,0.0,24944
2015-06-30,Dwarka,1,6,2015,0,0,None,36.4,5.0,23673
2015-06-30,Ambaji,1,6,2015,0,0,None,38.9,0.0,35844
2015-06-30,Pavagadh,1,6,2015,0,0,None,34.2,0.0,18157
2015-07-01,Somnath,2,7,2015,0,0,None,28.9,3.9,27320
2015-07-01,Dwarka,2,7,2015,0,0,None,31.5,0.0,22146
2015-07-01,Ambaji,2,7,2015,0,0,None,31.2,23.4,19223
2015-07-01,Pavagadh,2,7,2015,0,0,None,27.7,0.0,21776
2015-07-02,Somnath,3,7,2015,0,0,None,26.9,59.4,21409
2015-07-02,Dwarka,3,7,2015,0,0,None,29.5,5.0,20694
2015-07-02,Ambaji,3,7,2015,0,0,None,30.6,10.7,34946
2015-07-02,Pavagadh,3,7,2015,0,0,None,29.5,0.0,21922
2015-07-03,Somnath,4,7,2015,0,0,None,28.4,0.0,26322
2015-07-03,Dwarka,4,7,2015,0,0,None,29.4,0.0,20682
2015-07-03,Ambaji,4,7,2015,0,0,None,26.7,0.0,34574
2015-07-03,Pavagadh,4,7,2015,0,0,None,31.1,0.0,18249
2015-07-04,Somnath,5,7,2015,1,0,None,31.3,10.7,38671
2015-07-04,Dwarka,5,7,2015,1,0,None,26.1,17.5,33003
2015-07-04,Ambaji,5,7,2015,1,0,None,26.8,6.7,48868
2015-07-04,Pavagadh,5,7,2015,1,0,None,27.3,0.0,28627
2015-07-05,Somnath,6,7,2015,1,0,None,30.1,0.0,30673
2015-07-05,Dwarka,6,7,2015,1,0,None,30.4,0.0,29582
2015-07-05,Ambaji,6,7,2015,1,0,None,30.5,0.0,52776
2015-07-05,Pavagadh,6,7,2015,1,0,None,31.1,0.0,26289
2015-07-06,Somnath,0,7,2015,0,0,None,26.5,7.8,22830
2015-07-06,Dwarka,0,7,2015,0,0,None,28.1,24.8,16995
2015-07-06,Ambaji,0,7,2015,0,0,None,31.7,5.3,32038
2015-07-06,Pavagadh,0,7,2015,0,0,None,29.0,0.0,20828
2015-07-07,Somnath,1,7,2015,0,0,None,26.3,7.7,23976
2015-07-07,Dwarka,1,7,2015,0,0,None,27.4,24.4,18192
2015-07-07,Ambaji,1,7,2015,0,0,None,31.4,9.7,33082
2015-07-07,Pavagadh,1,7,2015,0,0,None,29.8,0.0,20413
2015-07-08,Somnath,2,7,2015,0,0,None,28.1,0.0,23114
2015-07-08,Dwarka,2,7,2015,0,0,None,31.3,8.9,22377
2015-07-08,Ambaji,2,7,2015,0,0,None,29.7,17.2,33193
2015-07-08,Pavagadh,2,7,2015,0,0,None,30.3,0.0,21215
2015-07-09,Somnath,3,7,2015,0,0,None,29.3,2.3,26376
2015-07-09,Dwarka,3,7,2015,0,0,None,27.6,5.0,20388
2015-07-09,Ambaji,3,7,2015,0,0,None,29.8,20.7,17251
2015-07-09,Pavagadh,3,7,2015,0,0,None,29.1,4.8,20827
2015-07-10,Somnath,4,7,2015,0,0,None,26.4,0.0,22519
2015-07-10,Dwarka,4,7,2015,0,0,None,27.5,0.0,21191
2015-07-10,Ambaji,4,7,2015,0,0,None,26.6,4.7,37398
2015-07-10,Pavagadh,4,7,2015,0,0,None,27.9,0.0,21567
2015-07-11,Somnath,5,7,2015,1,0,None,28.6,0.0,37578
2015-07-11,Dwarka,5,7,2015,1,0,None,26.5,0.0,30081
2015-07-11,Ambaji,5,7,2015,1,0,None,29.8,0.0,42497
2015-07-11,Pavagadh,5,7,2015,1,0,None,30.3,0.0,31423
2015-07-12,Somnath,6,7,2015,1,0,None,31.7,0.0,31307
2015-07-12,Dwarka,6,7,2015,1,0,None,30.7,0.0,28005
2015-07-12,Ambaji,6,7,2015,1,0,None,31.7,8.5,45868
2015-07-12,Pavagadh,6,7,2015,1,0,None,28.2,0.8,28584
2015-07-13,Somnath,0,7,2015,0,0,None,30.9,0.0,23559
2015-07-13,Dwarka,0,7,2015,0,0,None,29.9,31.8,17578
2015-07-13,Ambaji,0,7,2015,0,0,None,29.6,2.2,36061
2015-07-13,Pavagadh,0,7,2015,0,0,None,30.4,15.5,19580
2015-07-14,Somnath,1,7,2015,0,0,None,30.3,33.1,18953
2015-07-14,Dwarka,1,7,2015,0,0,None,26.3,10.9,20977
2015-07-14,Ambaji,1,7,2015,0,0,None,31.0,7.1,33861
2015-07-14,Pavagadh,1,7,2015,0,0,None,26.1,8.0,19971
2015-07-15,Somnath,2,7,2015,0,0,None,28.4,13.6,22549
2015-07-15,Dwarka,2,7,2015,0,0,None,28.8,0.0,22083
2015-07-15,Ambaji,2,7,2015,0,0,None,30.1,22.3,21649
2015-07-15,Pavagadh,2,7,2015,0,0,None,31.9,0.3,21080
2015-07-16,Somnath,3,7,2015,0,0,None,30.8,4.6,22587
2015-07-16,Dwarka,3,7,2015,0,0,None,27.8,0.0,22079
2015-07-16,Ambaji,3,7,2015,0,0,None,28.1,0.0,33598
2015-07-16,Pavagadh,3,7,2015,0,0,None,29.9,0.0,21388
2015-07-17,Somnath,4,7,2015,0,0,None,26.1,0.0,26415
2015-07-17,Dwarka,4,7,2015,0,0,None,30.7,7.6,21132
2015-07-17,Ambaji,4,7,2015,0,0,None,26.4,4.2,34888
2015-07-17,Pavagadh,4,7,2015,0,0,None,30.5,0.9,21831
2015-07-18,Somnath,5,7,2015,1,0,None,31.7,0.0,37789
2015-07-18,Dwarka,5,7,2015,1,0,None,31.8,6.8,27791
2015-07-18,Ambaji,5,7,2015,1,0,None,26.8,0.0,51767
2015-07-18,Pavagadh,5,7,2015,1,0,None,26.9,0.0,27905
2015-07-19,Somnath,6,7,2015,1,0,None,30.0,6.4,35533
2015-07-19,Dwarka,6,7,2015,1,0,None,28.8,0.0,28937
2015-07-19,Ambaji,6,7,2015,1,0,None,26.9,15.0,45076
2015-07-19,Pavagadh,6,7,2015,1,0,None,31.7,4.2,29008
2015-07-20,Somnath,0,7,2015,0,0,None,26.5,24.7,20084
2015-07-20,Dwarka,0,7,2015,0,0,None,28.6,2.7,21760
2015-07-20,Ambaji,0,7,2015,0,0,None,27.3,27.8,23979
2015-07-20,Pavagadh,0,7,2015,0,0,None,31.1,48.5,11546
2015-07-21,Somnath,1,7,2015,0,0,None,32.0,0.0,27405
2015-07-21,Dwarka,1,7,2015,0,0,None,29.4,8.6,22411
2015-07-21,Ambaji,1,7,2015,0,0,None,26.4,0.0,38368
2015-07-21,Pavagadh,1,7,2015,0,0,None,27.1,0.0,21631
2015-07-22,Somnath,2,7,2015,0,0,None,31.7,0.0,25107
2015-07-22,Dwarka,2,7,2015,0,0,None,31.9,0.0,20511
2015-07-22,Ambaji,2,7,2015,0,0,None,28.9,0.0,33231
2015-07-22,Pavagadh,2,7,2015,0,0,None,29.8,0.0,18650
2015-07-23,Somnath,3,7,2015,0,0,None,29.4,0.0,24994
2015-07-23,Dwarka,3,7,2015,0,0,None,26.1,6.6,23875
2015-07-23,Ambaji,3,7,2015,0,0,None,27.4,0.0,33054
2015-07-23,Pavagadh,3,7,2015,0,0,None,27.9,0.0,20915
2015-07-24,Somnath,4,7,2015,0,0,None,26.6,0.4,24904
2015-07-24,Dwarka,4,7,2015,0,0,None,30.0,5.1,21550
2015-07-24,Ambaji,4,7,2015,0,0,None,31.5,0.0,31814
2015-07-24,Pavagadh,4,7,2015,0,0,None,30.6,7.5,21017
2015-07-25,Somnath,5,7,2015,1,0,None,31.5,0.0,34374
2015-07-25,Dwarka,5,7,2015,1,0,None,30.7,12.5,31123
2015-07-25,Ambaji,5,7,2015,1,0,None,27.4,37.6,25127
2015-07-25,Pavagadh,5,7,2015,1,0,None,26.2,2.9,28185
2015-07-26,Somnath,6,7,2015,1,0,None,31.7,8.6,35518
2015-07-26,Dwarka,6,7,2015,1,0,None,30.6,6.5,35439
2015-07-26,Ambaji,6,7,2015,1,0,None,31.4,22.7,26404
2015-07-26,Pavagadh,6,7,2015,1,0,None,29.5,6.0,27696
2015-07-27,Somnath,0,7,2015,0,0,None,26.4,42.4,19654
2015-07-27,Dwarka,0,7,2015,0,0,None,30.9,0.0,21261
2015-07-27,Ambaji,0,7,2015,0,0,None,30.2,0.0,36082
2015-07-27,Pavagadh,0,7,2015,0,0,None,26.9,0.0,20156
2015-07-28,Somnath,1,7,2015,0,0,None,27.7,0.6,23139
2015-07-28,Dwarka,1,7,2015,0,0,None,30.6,8.1,22099
2015-07-28,Ambaji,1,7,2015,0,0,None,26.3,0.0,33082
2015-07-28,Pavagadh,1,7,2015,0,0,None,27.8,3.9,18005
2015-07-29,Somnath,2,7,2015,0,0,None,30.4,0.0,23621
2015-07-29,Dwarka,2,7,2015,0,0,None,30.0,0.0,23533
2015-07-29,Ambaji,2,7,2015,0,0,None,28.5,5.9,36488
2015-07-29,Pavagadh,2,7,2015,0,0,None,30.9,7.0,21607
2015-07-30,Somnath,3,7,2015,0,0,None,30.8,0.0,26271
2015-07-30,Dwarka,3,7,2015,0,0,None,28.4,16.2,20145
2015-07-30,Ambaji,3,7,2015,0,0,None,29.3,0.0,32671
2015-07-30,Pavagadh,3,7,2015,0,0,None,30.7,45.6,9651
2015-07-31,Somnath,4,7,2015,0,0,None,29.6,18.8,26295
2015-07-31,Dwarka,4,7,2015,0,0,None,26.6,10.7,21424
2015-07-31,Ambaji,4,7,2015,0,0,None,31.6,0.0,36380
2015-07-31,Pavagadh,4,7,2015,0,0,None,30.3,38.1,12637
2015-08-01,Somnath,5,8,2015,1,0,None,31.2,24.7,25399
2015-08-01,Dwarka,5,8,2015,1,0,None,31.9,0.0,33124
2015-08-01,Ambaji,5,8,2015,1,0,None,29.4,0.0,47803
2015-08-01,Pavagadh,5,8,2015,1,0,None,27.0,0.0,28268
2015-08-02,Somnath,6,8,2015,1,0,None,26.2,0.0,33883
2015-08-02,Dwarka,6,8,2015,1,0,None,31.8,4.0,33712
2015-08-02,Ambaji,6,8,2015,1,0,None,29.3,0.0,45905
2015-08-02,Pavagadh,6,8,2015,1,0,None,30.3,0.0,28320
2015-08-03,Somnath,0,8,2015,0,0,None,29.3,2.1,26826
2015-08-03,Dwarka,0,8,2015,0,0,None,26.9,5.1,23634
2015-08-03,Ambaji,0,8,2015,0,0,None,30.0,0.0,33253
2015-08-03,Pavagadh,0,8,2015,0,0,None,29.7,26.8,11477
2015-08-04,Somnath,1,8,2015,0,0,None,30.0,11.9,23938
2015-08-04,Dwarka,1,8,2015,0,0,None,27.8,14.6,21269
2015-08-04,Ambaji,1,8,2015,0,0,None,30.4,1.1,36986
2015-08-04,Pavagadh,1,8,2015,0,0,None,27.7,17.3,19329
2015-08-05,Somnath,2,8,2015,0,0,None,26.3,43.4,21052
2015-08-05,Dwarka,2,8,2015,0,0,None,29.8,8.1,23104
2015-08-05,Ambaji,2,8,2015,0,0,None,26.6,4.9,34524
2015-08-05,Pavagadh,2,8,2015,0,0,None,31.9,11.0,18717
2015-08-06,Somnath,3,8,2015,0,0,None,31.8,7.8,26189
2015-08-06,Dwarka,3,8,2015,0,0,None,30.2,6.4,21549
2015-08-06,Ambaji,3,8,2015,0,0,None,27.6,9.9,33379
2015-08-06,Pavagadh,3,8,2015,0,0,None,27.7,0.0,21874
2015-08-07,Somnath,4,8,2015,0,0,None,29.6,1.2,27257
2015-08-07,Dwarka,4,8,2015,0,0,None,27.8,13.7,22544
2015-08-07,Ambaji,4,8,2015,0,0,None,29.9,0.2,38255
2015-08-07,Pavagadh,4,8,2015,0,0,None,27.5,0.0,20826
2015-08-08,Somnath,5,8,2015,1,0,None,29.7,4.7,38086
2015-08-08,Dwarka,5,8,2015,1,0,None,31.7,2.5,34306
2015-08-08,Ambaji,5,8,2015,1,0,None,31.3,13.3,52223
2015-08-08,Pavagadh,5,8,2015,1,0,None,28.4,13.1,26743
2015-08-09,Somnath,6,8,2015,1,0,None,31.7,27.5,29938
2015-08-09,Dwarka,6,8,2015,1,0,None,26.6,8.5,30448
2015-08-09,Ambaji,6,8,2015,1,0,None,31.5,4.5,50710
2015-08-09,Pavagadh,6,8,2015,1,0,None,26.1,14.3,27077
2015-08-10,Somnath,0,8,2015,0,0,None,30.3,3.3,26887
2015-08-10,Dwarka,0,8,2015,0,0,None,30.4,4.3,20743
2015-08-10,Ambaji,0,8,2015,0,0,None,27.6,1.0,34712
2015-08-10,Pavagadh,0,8,2015,0,0,None,30.4,0.0,20691
2015-08-11,Somnath,1,8,2015,0,0,None,26.5,0.0,26692
2015-08-11,Dwarka,1,8,2015,0,0,None,30.8,0.0,23903
2015-08-11,Ambaji,1,8,2015,0,0,None,29.3,14.4,36700
2015-08-11,Pavagadh,1,8,2015,0,0,None,30.4,1.1,19484
2015-08-12,Somnath,2,8,2015,0,0,None,31.5,11.6,23844
2015-08-12,Dwarka,2,8,2015,0,0,None,28.2,0.0,22732
2015-08-12,Ambaji,2,8,2015,0,0,None,30.7,14.9,33238
2015-08-12,Pavagadh,2,8,2015,0,0,None,30.2,8.8,20597
2015-08-13,Somnath,3,8,2015,0,0,None,31.6,26.1,19262
2015-08-13,Dwarka,3,8,2015,0,0,None,26.1,10.5,20047
2015-08-13,Ambaji,3,8,2015,0,0,None,28.9,0.0,32237
2015-08-13,Pavagadh,3,8,2015,0,0,None,30.6,16.0,19040
2015-08-14,Somnath,4,8,2015,0,0,None,27.0,1.1,23428
2015-08-14,Dwarka,4,8,2015,0,0,None,30.0,0.0,23382
2015-08-14,Ambaji,4,8,2015,0,0,None,30.1,5.1,33668
2015-08-14,Pavagadh,4,8,2015,0,0,None,27.5,11.5,19427
2015-08-15,Somnath,5,8,2015,1,1,None,28.1,0.0,35045
2015-08-15,Dwarka,5,8,2015,1,1,None,31.5,0.0,29163
2015-08-15,Ambaji,5,8,2015,1,1,None,29.0,0.0,47530
2015-08-15,Pavagadh,5,8,2015,1,1,None,28.4,10.5,28696
2015-08-16,Somnath,6,8,2015,1,0,None,30.1,0.0,38621
2015-08-16,Dwarka,6,8,2015,1,0,None,28.6,0.0,30323
2015-08-16,Ambaji,6,8,2015,1,0,None,27.1,0.0,43503
2015-08-16,Pavagadh,6,8,2015,1,0,None,27.0,19.0,29016
2015-08-17,Somnath,0,8,2015,0,0,None,27.0,0.3,23328
2015-08-17,Dwarka,0,8,2015,0,0,None,31.3,6.6,20263
2015-08-17,Ambaji,0,8,2015,0,0,None,27.3,14.0,33217
2015-08-17,Pavagadh,0,8,2015,0,0,None,26.3,4.0,18878
2015-08-18,Somnath,1,8,2015,0,0,None,31.8,0.0,25284
2015-08-18,Dwarka,1,8,2015,0,0,None,28.5,11.7,22864
2015-08-18,Ambaji,1,8,2015,0,0,None,30.2,10.4,34383
2015-08-18,Pavagadh,1,8,2015,0,0,None,31.2,0.0,20130
2015-08-19,Somnath,2,8,2015,0,0,None,26.7,0.0,23086
2015-08-19,Dwarka,2,8,2015,0,0,None,28.0,17.7,20707
2015-08-19,Ambaji,2,8,2015,0,0,None,28.4,0.0,32930
2015-08-19,Pavagadh,2,8,2015,0,0,None,29.0,0.3,21171
2015-08-20,Somnath,3,8,2015,0,0,None,26.4,12.3,25642
2015-08-20,Dwarka,3,8,2015,0,0,None,30.1,0.2,22983
2015-08-20,Ambaji,3,8,2015,0,0,None,29.2,0.0,37249
2015-08-20,Pavagadh,3,8,2015,0,0,None,31.1,6.1,21166
2015-08-21,Somnath,4,8,2015,0,0,None,28.7,29.0,20815
2015-08-21,Dwarka,4,8,2015,0,0,None,26.5,24.4,17387
2015-08-21,Ambaji,4,8,2015,0,0,None,26.4,0.0,34225
2015-08-21,Pavagadh,4,8,2015,0,0,None,29.3,0.0,18266
2015-08-22,Somnath,5,8,2015,1,0,None,29.9,7.1,36033
2015-08-22,Dwarka,5,8,2015,1,0,None,32.0,5.8,28684
2015-08-22,Ambaji,5,8,2015,1,0,None,28.2,6.9,50921
2015-08-22,Pavagadh,5,8,2015,1,0,None,29.9,0.0,24563
2015-08-23,Somnath,6,8,2015,1,0,None,30.0,0.1,38515
2015-08-23,Dwarka,6,8,2015,1,0,None,29.3,21.8,27113
2015-08-23,Ambaji,6,8,2015,1,0,Bhadarvi Poonam,30.8,2.3,384641
2015-08-23,Pavagadh,6,8,2015,1,0,None,27.0,33.2,19405
2015-08-24,Somnath,0,8,2015,0,0,None,29.6,0.0,26945
2015-08-24,Dwarka,0,8,2015,0,0,None,29.5,0.0,20488
2015-08-24,Ambaji,0,8,2015,0,0,Bhadarvi Poonam,28.8,0.0,298999
2015-08-24,Pavagadh,0,8,2015,0,0,None,27.9,3.6,19699
2015-08-25,Somnath,1,8,2015,0,0,None,31.4,3.1,22884
2015-08-25,Dwarka,1,8,2015,0,0,None,30.2,25.9,19014
2015-08-25,Ambaji,1,8,2015,0,0,Bhadarvi Poonam,27.6,0.0,344802
2015-08-25,Pavagadh,1,8,2015,0,0,None,29.8,4.7,18763
2015-08-26,Somnath,2,8,2015,0,0,None,30.2,13.6,23823
2015-08-26,Dwarka,2,8,2015,0,0,None,30.0,0.0,23223
2015-08-26,Ambaji,2,8,2015,0,0,Bhadarvi Poonam,30.6,1.4,367903
2015-08-26,Pavagadh,2,8,2015,0,0,None,28.6,4.5,18134
2015-08-27,Somnath,3,8,2015,0,0,None,31.3,12.2,22694
2015-08-27,Dwarka,3,8,2015,0,0,None,30.0,34.2,17809
2015-08-27,Ambaji,3,8,2015,0,0,Bhadarvi Poonam,31.4,0.0,422841
2015-08-27,Pavagadh,3,8,2015,0,0,None,27.5,1.0,18379
2015-08-28,Somnath,4,8,2015,0,0,None,32.0,20.7,22253
2015-08-28,Dwarka,4,8,2015,0,0,None,32.0,0.6,21609
2015-08-28,Ambaji,4,8,2015,0,0,Bhadarvi Poonam,26.8,6.7,394881
2015-08-28,Pavagadh,4,8,2015,0,0,None,27.9,0.0,18928
2015-08-29,Somnath,5,8,2015,1,0,None,26.1,0.0,37487
2015-08-29,Dwarka,5,8,2015,1,0,None,26.2,0.0,31723
2015-08-29,Ambaji,5,8,2015,1,0,Bhadarvi Poonam,29.7,0.0,396792
2015-08-29,Pavagadh,5,8,2015,1,0,None,30.5,18.4,26062
2015-08-30,Somnath,6,8,2015,1,0,None,29.6,0.0,35971
2015-08-30,Dwarka,6,8,2015,1,0,None,29.2,81.5,28458
2015-08-30,Ambaji,6,8,2015,1,0,None,30.3,0.8,50385
2015-08-30,Pavagadh,6,8,2015,1,0,None,30.1,42.6,15921
2015-08-31,Somnath,0,8,2015,0,0,None,30.2,0.0,23876
2015-08-31,Dwarka,0,8,2015,0,0,None,26.9,0.0,22436
2015-08-31,Ambaji,0,8,2015,0,0,None,27.1,0.0,34686
2015-08-31,Pavagadh,0,8,2015,0,0,None,30.0,0.0,18678
2015-09-01,Somnath,1,9,2015,0,0,None,26.1,0.0,25548
2015-09-01,Dwarka,1,9,2015,0,0,None,30.2,0.0,23332
2015-09-01,Ambaji,1,9,2015,0,0,None,31.8,10.1,34313
2015-09-01,Pavagadh,1,9,2015,0,0,None,26.9,4.9,21685
2015-09-02,Somnath,2,9,2015,0,0,None,29.5,6.6,22759
2015-09-02,Dwarka,2,9,2015,0,0,None,26.2,1.3,22470
2015-09-02,Ambaji,2,9,2015,0,0,None,31.3,0.0,36113
2015-09-02,Pavagadh,2,9,2015,0,0,None,27.3,0.0,21544
2015-09-03,Somnath,3,9,2015,0,0,None,27.2,0.0,23932
2015-09-03,Dwarka,3,9,2015,0,0,None,30.8,0.0,19932
2015-09-03,Ambaji,3,9,2015,0,0,None,31.4,0.0,38313
2015-09-03,Pavagadh,3,9,2015,0,0,None,28.8,0.0,18249
2015-09-04,Somnath,4,9,2015,0,0,None,28.0,55.5,22258
2015-09-04,Dwarka,4,9,2015,0,0,None,31.6,7.3,20112
2015-09-04,Ambaji,4,9,2015,0,0,None,27.3,9.5,33379
2015-09-04,Pavagadh,4,9,2015,0,0,None,26.6,2.4,21892
2015-09-05,Somnath,5,9,2015,1,0,None,30.6,0.0,33160
2015-09-05,Dwarka,5,9,2015,1,0,Janmashtami,30.8,5.3,215452
2015-09-05,Ambaji,5,9,2015,1,0,None,28.1,0.0,43278
2015-09-05,Pavagadh,5,9,2015,1,0,None,30.9,6.3,27425
2015-09-06,Somnath,6,9,2015,1,0,None,26.5,5.4,37462
2015-09-06,Dwarka,6,9,2015,1,0,None,26.8,10.6,29958
2015-09-06,Ambaji,6,9,2015,1,0,None,27.6,1.3,46831
2015-09-06,Pavagadh,6,9,2015,1,0,None,30.9,8.1,29086
2015-09-07,Somnath,0,9,2015,0,0,None,29.4,0.0,26385
2015-09-07,Dwarka,0,9,2015,0,0,None,31.2,11.6,23496
2015-09-07,Ambaji,0,9,2015,0,0,None,31.9,0.0,34100
2015-09-07,Pavagadh,0,9,2015,0,0,None,27.2,20.3,11439
2015-09-08,Somnath,1,9,2015,0,0,None,31.0,29.5,19087
2015-09-08,Dwarka,1,9,2015,0,0,None,28.7,0.0,20354
2015-09-08,Ambaji,1,9,2015,0,0,None,27.2,0.0,32728
2015-09-08,Pavagadh,1,9,2015,0,0,None,29.4,10.1,20578
2015-09-09,Somnath,2,9,2015,0,0,None,27.4,7.0,25808
2015-09-09,Dwarka,2,9,2015,0,0,None,26.8,3.1,21026
2015-09-09,Ambaji,2,9,2015,0,0,None,27.3,26.2,20623
2015-09-09,Pavagadh,2,9,2015,0,0,None,31.8,2.3,19498
2015-09-10,Somnath,3,9,2015,0,0,None,30.8,1.4,25283
2015-09-10,Dwarka,3,9,2015,0,0,None,31.1,0.0,20570
2015-09-10,Ambaji,3,9,2015,0,0,None,30.0,3.7,37618
2015-09-10,Pavagadh,3,9,2015,0,0,None,27.5,0.0,21482
2015-09-11,Somnath,4,9,2015,0,0,None,30.8,0.0,26251
2015-09-11,Dwarka,4,9,2015,0,0,None,26.9,6.5,20212
2015-09-11,Ambaji,4,9,2015,0,0,None,28.9,0.0,31780
2015-09-11,Pavagadh,4,9,2015,0,0,None,27.7,4.1,21633
2015-09-12,Somnath,5,9,2015,1,0,None,28.8,21.4,26203
2015-09-12,Dwarka,5,9,2015,1,0,None,29.6,0.0,31332
2015-09-12,Ambaji,5,9,2015,1,0,None,31.0,0.5,45433
2015-09-12,Pavagadh,5,9,2015,1,0,None,29.1,0.0,29700
2015-09-13,Somnath,6,9,2015,1,0,None,29.0,0.5,34819
2015-09-13,Dwarka,6,9,2015,1,0,None,31.0,0.4,28970
2015-09-13,Ambaji,6,9,2015,1,0,None,26.3,0.0,47283
2015-09-13,Pavagadh,6,9,2015,1,0,None,27.7,7.2,28575
2015-09-14,Somnath,0,9,2015,0,0,None,30.5,22.2,20028
2015-09-14,Dwarka,0,9,2015,0,0,None,29.4,0.0,21504
2015-09-14,Ambaji,0,9,2015,0,0,None,26.4,26.3,21369
2015-09-14,Pavagadh,0,9,2015,0,0,None,27.4,0.5,21845
2015-09-15,Somnath,1,9,2015,0,0,None,30.0,0.0,23827
2015-09-15,Dwarka,1,9,2015,0,0,None,29.7,0.0,21197
2015-09-15,Ambaji,1,9,2015,0,0,None,31.1,0.0,37693
2015-09-15,Pavagadh,1,9,2015,0,0,None,30.4,5.0,21853
2015-09-16,Somnath,2,9,2015,0,0,None,26.1,0.0,26031
2015-09-16,Dwarka,2,9,2015,0,0,None,29.7,0.0,21172
2015-09-16,Ambaji,2,9,2015,0,0,None,28.0,8.8,33327
2015-09-16,Pavagadh,2,9,2015,0,0,None,28.1,0.0,21741
2015-09-17,Somnath,3,9,2015,0,0,None,27.1,39.6,17363
2015-09-17,Dwarka,3,9,2015,0,0,None,27.0,2.4,24059
2015-09-17,Ambaji,3,9,2015,0,0,None,28.7,4.2,34796
2015-09-17,Pavagadh,3,9,2015,0,0,None,30.0,0.0,21015
2015-09-18,Somnath,4,9,2015,0,0,None,29.5,0.0,26587
2015-09-18,Dwarka,4,9,2015,0,0,None,30.5,0.1,20734
2015-09-18,Ambaji,4,9,2015,0,0,None,30.0,7.7,37692
2015-09-18,Pavagadh,4,9,2015,0,0,None,31.4,0.0,19255
2015-09-19,Somnath,5,9,2015,1,0,None,30.1,3.2,32367
2015-09-19,Dwarka,5,9,2015,1,0,None,28.6,0.0,30496
2015-09-19,Ambaji,5,9,2015,1,0,None,29.2,10.2,48514
2015-09-19,Pavagadh,5,9,2015,1,0,None,28.6,1.9,30455
2015-09-20,Somnath,6,9,2015,1,0,None,28.1,0.0,38882
2015-09-20,Dwarka,6,9,2015,1,0,None,30.9,16.1,31898
2015-09-20,Ambaji,6,9,2015,1,0,None,28.0,26.3,26759
2015-09-20,Pavagadh,6,9,2015,1,0,None,28.8,59.1,13960
2015-09-21,Somnath,0,9,2015,0,0,None,30.4,16.1,25161
2015-09-21,Dwarka,0,9,2015,0,0,None,26.6,12.6,21103
2015-09-21,Ambaji,0,9,2015,0,0,None,31.6,0.0,38384
2015-09-21,Pavagadh,0,9,2015,0,0,None,27.6,0.0,19724
2015-09-22,Somnath,1,9,2015,0,0,None,28.1,0.8,25960
2015-09-22,Dwarka,1,9,2015,0,0,None,28.7,14.3,20912
2015-09-22,Ambaji,1,9,2015,0,0,None,29.5,26.0,21709
2015-09-22,Pavagadh,1,9,2015,0,0,None,28.1,24.6,10345
2015-09-23,Somnath,2,9,2015,0,0,None,26.5,9.9,26704
2015-09-23,Dwarka,2,9,2015,0,0,None,27.3,24.8,17889
2015-09-23,Ambaji,2,9,2015,0,0,None,28.8,40.4,19695
2015-09-23,Pavagadh,2,9,2015,0,0,None,30.1,0.5,19902
2015-09-24,Somnath,3,9,2015,0,0,None,28.4,16.0,27355
2015-09-24,Dwarka,3,9,2015,0,0,None,29.4,0.0,20101
2015-09-24,Ambaji,3,9,2015,0,0,None,28.5,14.2,38069
2015-09-24,Pavagadh,3,9,2015,0,0,None,30.0,6.6,20202
2015-09-25,Somnath,4,9,2015,0,0,None,28.4,0.0,26573
2015-09-25,Dwarka,4,9,2015,0,0,None,29.7,4.4,20265
2015-09-25,Ambaji,4,9,2015,0,0,None,28.1,16.9,36107
2015-09-25,Pavagadh,4,9,2015,0,0,None,26.4,3.0,18627
2015-09-26,Somnath,5,9,2015,1,0,None,31.0,8.1,35870
2015-09-26,Dwarka,5,9,2015,1,0,None,29.3,10.5,34733
2015-09-26,Ambaji,5,9,2015,1,0,None,27.3,0.0,56374
2015-09-26,Pavagadh,5,9,2015,1,0,None,29.8,0.0,29006
2015-09-27,Somnath,6,9,2015,1,0,None,29.2,0.0,36246
2015-09-27,Dwarka,6,9,2015,1,0,None,30.9,26.8,25494
2015-09-27,Ambaji,6,9,2015,1,0,None,28.3,0.0,50511
2015-09-27,Pavagadh,6,9,2015,1,0,None,28.9,5.5,27303
2015-09-28,Somnath,0,9,2015,0,0,None,26.2,0.1,27391
2015-09-28,Dwarka,0,9,2015,0,0,None,31.8,19.5,21321
2015-09-28,Ambaji,0,9,2015,0,0,None,30.0,0.0,38127
2015-09-28,Pavagadh,0,9,2015,0,0,None,28.4,0.0,19063
2015-09-29,Somnath,1,9,2015,0,0,None,31.9,13.9,25797
2015-09-29,Dwarka,1,9,2015,0,0,None,30.1,41.8,17313
2015-09-29,Ambaji,1,9,2015,0,0,None,27.3,11.9,34420
2015-09-29,Pavagadh,1,9,2015,0,0,None,27.0,8.1,21029
2015-09-30,Somnath,2,9,2015,0,0,None,31.4,7.5,23001
2015-09-30,Dwarka,2,9,2015,0,0,None,26.1,0.0,22450
2015-09-30,Ambaji,2,9,2015,0,0,None,27.0,0.4,37344
2015-09-30,Pavagadh,2,9,2015,0,0,None,31.8,3.9,21473
2015-10-01,Somnath,3,10,2015,0,0,None,27.3,0.0,22753
2015-10-01,Dwarka,3,10,2015,0,0,None,18.4,0.0,21528
2015-10-01,Ambaji,3,10,2015,0,0,None,18.3,0.0,31579
2015-10-01,Pavagadh,3,10,2015,0,0,None,25.9,0.0,18161
2015-10-02,Somnath,4,10,2015,0,1,None,23.9,0.0,42677
2015-10-02,Dwarka,4,10,2015,0,1,None,20.8,0.0,35226
2015-10-02,Ambaji,4,10,2015,0,1,None,21.7,0.0,48799
2015-10-02,Pavagadh,4,10,2015,0,1,None,26.3,0.0,27738
2015-10-03,Somnath,5,10,2015,1,0,None,26.2,0.0,32647
2015-10-03,Dwarka,5,10,2015,1,0,None,21.4,0.0,27293
2015-10-03,Ambaji,5,10,2015,1,0,None,25.5,0.0,48381
2015-10-03,Pavagadh,5,10,2015,1,0,None,21.3,0.0,26215
2015-10-04,Somnath,6,10,2015,1,0,None,23.7,0.0,33788
2015-10-04,Dwarka,6,10,2015,1,0,None,19.5,0.0,29636
2015-10-04,Ambaji,6,10,2015,1,0,None,24.8,0.0,44753
2015-10-04,Pavagadh,6,10,2015,1,0,None,25.0,0.0,27193
2015-10-05,Somnath,0,10,2015,0,0,None,26.9,0.0,23986
2015-10-05,Dwarka,0,10,2015,0,0,None,20.3,0.0,20858
2015-10-05,Ambaji,0,10,2015,0,0,None,24.7,0.0,36211
2015-10-05,Pavagadh,0,10,2015,0,0,None,26.2,0.0,18625
2015-10-06,Somnath,1,10,2015,0,0,None,25.4,0.0,25856
2015-10-06,Dwarka,1,10,2015,0,0,None,20.7,0.0,24167
2015-10-06,Ambaji,1,10,2015,0,0,None,19.6,2.0,38340
2015-10-06,Pavagadh,1,10,2015,0,0,None,25.9,0.0,20311
2015-10-07,Somnath,2,10,2015,0,0,None,26.7,0.0,24838
2015-10-07,Dwarka,2,10,2015,0,0,None,24.2,0.0,21680
2015-10-07,Ambaji,2,10,2015,0,0,None,21.3,0.0,37454
2015-10-07,Pavagadh,2,10,2015,0,0,None,20.0,0.0,20756
2015-10-08,Somnath,3,10,2015,0,0,None,26.2,0.0,26397
2015-10-08,Dwarka,3,10,2015,0,0,None,18.2,0.0,19976
2015-10-08,Ambaji,3,10,2015,0,0,None,26.9,2.0,33558
2015-10-08,Pavagadh,3,10,2015,0,0,None,20.1,0.0,19012
2015-10-09,Somnath,4,10,2015,0,0,None,26.7,0.0,23129
2015-10-09,Dwarka,4,10,2015,0,0,None,27.8,0.0,23526
2015-10-09,Ambaji,4,10,2015,0,0,None,21.2,0.0,35659
2015-10-09,Pavagadh,4,10,2015,0,0,None,24.0,0.0,20301
2015-10-10,Somnath,5,10,2015,1,0,None,22.3,0.0,34353
2015-10-10,Dwarka,5,10,2015,1,0,None,24.9,0.0,32900
2015-10-10,Ambaji,5,10,2015,1,0,None,20.2,0.0,47400
2015-10-10,Pavagadh,5,10,2015,1,0,None,26.5,0.0,28018
2015-10-11,Somnath,6,10,2015,1,0,None,22.8,0.0,33923
2015-10-11,Dwarka,6,10,2015,1,0,None,18.1,0.0,26929
2015-10-11,Ambaji,6,10,2015,1,0,None,24.3,0.0,46126
2015-10-11,Pavagadh,6,10,2015,1,0,None,21.0,0.0,27176
2015-10-12,Somnath,0,10,2015,0,0,None,26.9,0.0,25319
2015-10-12,Dwarka,0,10,2015,0,0,None,23.0,0.0,20195
2015-10-12,Ambaji,0,10,2015,0,0,None,24.0,0.0,37920
2015-10-12,Pavagadh,0,10,2015,0,0,None,22.1,0.0,20858
2015-10-13,Somnath,1,10,2015,0,0,None,20.9,0.0,25989
2015-10-13,Dwarka,1,10,2015,0,0,None,27.0,0.0,22775
2015-10-13,Ambaji,1,10,2015,0,0,Navratri,24.8,0.0,147335
2015-10-13,Pavagadh,1,10,2015,0,0,Navratri,20.7,0.0,198106
2015-10-14,Somnath,2,10,2015,0,0,None,23.9,0.0,26143
2015-10-14,Dwarka,2,10,2015,0,0,None,21.2,0.0,22248
2015-10-14,Ambaji,2,10,2015,0,0,Navratri,21.4,0.0,157336
2015-10-14,Pavagadh,2,10,2015,0,0,Navratri,27.2,0.0,145369
2015-10-15,Somnath,3,10,2015,0,0,None,25.3,0.0,23091
2015-10-15,Dwarka,3,10,2015,0,0,None,18.0,0.0,21369
2015-10-15,Ambaji,3,10,2015,0,0,Navratri,20.5,0.0,196091
2015-10-15,Pavagadh,3,10,2015,0,0,Navratri,27.6,0.0,166122
2015-10-16,Somnath,4,10,2015,0,0,None,23.5,0.0,25535
2015-10-16,Dwarka,4,10,2015,0,0,None,21.9,0.0,20217
2015-10-16,Ambaji,4,10,2015,0,0,Navratri,21.1,0.0,169176
2015-10-16,Pavagadh,4,10,2015,0,0,Navratri,22.4,0.0,230692
2015-10-17,Somnath,5,10,2015,1,0,None,23.8,0.0,32808
2015-10-17,Dwarka,5,10,2015,1,0,None,22.0,0.0,30433
2015-10-17,Ambaji,5,10,2015,1,0,Navratri,19.3,0.0,193485
2015-10-17,Pavagadh,5,10,2015,1,0,Navratri,25.0,0.0,188285
2015-10-18,Somnath,6,10,2015,1,0,None,24.2,0.0,31222
2015-10-18,Dwarka,6,10,2015,1,0,None,22.4,0.0,30375
2015-10-18,Ambaji,6,10,2015,1,0,Navratri,19.3,0.0,181330
2015-10-18,Pavagadh,6,10,2015,1,0,Navratri,23.4,0.0,150979
2015-10-19,Somnath,0,10,2015,0,0,None,23.4,0.0,25688
2015-10-19,Dwarka,0,10,2015,0,0,None,26.2,0.0,21991
2015-10-19,Ambaji,0,10,2015,0,0,Navratri,24.9,0.0,168363
2015-10-19,Pavagadh,0,10,2015,0,0,Navratri,27.0,0.0,195244
2015-10-20,Somnath,1,10,2015,0,0,None,21.6,0.0,24830
2015-10-20,Dwarka,1,10,2015,0,0,None,19.9,0.0,22248
2015-10-20,Ambaji,1,10,2015,0,0,Navratri,21.6,0.0,136454
2015-10-20,Pavagadh,1,10,2015,0,0,Navratri,18.6,0.0,189551
2015-10-21,Somnath,2,10,2015,0,0,None,24.8,0.0,26281
2015-10-21,Dwarka,2,10,2015,0,0,None,22.5,0.0,23912
2015-10-21,Ambaji,2,10,2015,0,0,Navratri,20.5,0.0,204293
2015-10-21,Pavagadh,2,10,2015,0,0,Navratri,21.8,0.0,167342
2015-10-22,Somnath,3,10,2015,0,0,None,19.6,0.0,27488
2015-10-22,Dwarka,3,10,2015,0,0,None,22.5,0.0,21563
2015-10-22,Ambaji,3,10,2015,0,0,None,19.2,0.0,34403
2015-10-22,Pavagadh,3,10,2015,0,0,None,21.9,0.0,19768
2015-10-23,Somnath,4,10,2015,0,0,None,24.5,0.0,26568
2015-10-23,Dwarka,4,10,2015,0,0,None,27.4,0.0,24000
2015-10-23,Ambaji,4,10,2015,0,0,None,19.5,0.0,35712
2015-10-23,Pavagadh,4,10,2015,0,0,None,23.8,0.0,19352
2015-10-24,Somnath,5,10,2015,1,0,None,19.3,0.0,34874
2015-10-24,Dwarka,5,10,2015,1,0,None,20.1,0.0,31621
2015-10-24,Ambaji,5,10,2015,1,0,None,26.7,0.0,50822
2015-10-24,Pavagadh,5,10,2015,1,0,None,23.4,0.0,30569
2015-10-25,Somnath,6,10,2015,1,0,None,22.0,0.0,30901
2015-10-25,Dwarka,6,10,2015,1,0,None,22.3,0.0,31500
2015-10-25,Ambaji,6,10,2015,1,0,None,25.6,0.0,46991
2015-10-25,Pavagadh,6,10,2015,1,0,None,22.8,0.0,30976
2015-10-26,Somnath,0,10,2015,0,0,None,20.8,0.0,23121
2015-10-26,Dwarka,0,10,2015,0,0,None,26.8,0.0,20579
2015-10-26,Ambaji,0,10,2015,0,0,None,25.2,0.0,34337
2015-10-26,Pavagadh,0,10,2015,0,0,None,23.2,0.0,21743
2015-10-27,Somnath,1,10,2015,0,0,None,24.7,0.0,26548
2015-10-27,Dwarka,1,10,2015,0,0,None,27.5,0.0,24123
2015-10-27,Ambaji,1,10,2015,0,0,None,18.9,0.0,33462
2015-10-27,Pavagadh,1,10,2015,0,0,None,19.3,0.0,20575
2015-10-28,Somnath,2,10,2015,0,0,None,21.8,0.0,25497
2015-10-28,Dwarka,2,10,2015,0,0,None,27.0,0.0,20751
2015-10-28,Ambaji,2,10,2015,0,0,None,22.4,0.0,37243
2015-10-28,Pavagadh,2,10,2015,0,0,None,26.3,0.0,19412
2015-10-29,Somnath,3,10,2015,0,0,None,26.0,0.0,26629
2015-10-29,Dwarka,3,10,2015,0,0,None,24.3,0.0,22433
2015-10-29,Ambaji,3,10,2015,0,0,None,22.1,0.0,35287
2015-10-29,Pavagadh,3,10,2015,0,0,None,24.1,0.0,20502
2015-10-30,Somnath,4,10,2015,0,0,None,23.7,0.0,22797
2015-10-30,Dwarka,4,10,2015,0,0,None,24.0,0.0,22102
2015-10-30,Ambaji,4,10,2015,0,0,None,20.3,0.0,32060
2015-10-30,Pavagadh,4,10,2015,0,0,None,22.4,0.0,18737
2015-10-31,Somnath,5,10,2015,1,0,None,20.0,0.0,32086
2015-10-31,Dwarka,5,10,2015,1,0,None,23.1,0.0,32338
2015-10-31,Ambaji,5,10,2015,1,0,None,19.5,0.0,41994
2015-10-31,Pavagadh,5,10,2015,1,0,None,23.7,0.0,29853
2015-11-01,Somnath,6,11,2015,1,0,None,27.6,0.0,29981
2015-11-01,Dwarka,6,11,2015,1,0,None,19.9,0.0,28583
2015-11-01,Ambaji,6,11,2015,1,0,None,27.5,0.0,43553
2015-11-01,Pavagadh,6,11,2015,1,0,None,19.7,0.0,26591
2015-11-02,Somnath,0,11,2015,0,0,None,20.5,0.0,27447
2015-11-02,Dwarka,0,11,2015,0,0,None,24.8,0.0,20427
2015-11-02,Ambaji,0,11,2015,0,0,None,21.8,0.0,32037
2015-11-02,Pavagadh,0,11,2015,0,0,None,18.0,0.0,20567
2015-11-03,Somnath,1,11,2015,0,0,None,22.1,0.0,24577
2015-11-03,Dwarka,1,11,2015,0,0,None,18.2,0.0,20579
2015-11-03,Ambaji,1,11,2015,0,0,None,19.0,0.0,35695
2015-11-03,Pavagadh,1,11,2015,0,0,None,25.3,0.0,19572
2015-11-04,Somnath,2,11,2015,0,0,None,20.4,0.0,23395
2015-11-04,Dwarka,2,11,2015,0,0,None,26.0,0.0,22206
2015-11-04,Ambaji,2,11,2015,0,0,None,22.8,0.0,32009
2015-11-04,Pavagadh,2,11,2015,0,0,None,20.8,0.0,21129
2015-11-05,Somnath,3,11,2015,0,0,None,27.9,0.0,26871
2015-11-05,Dwarka,3,11,2015,0,0,None,26.3,0.0,21557
2015-11-05,Ambaji,3,11,2015,0,0,None,22.1,0.0,32766
2015-11-05,Pavagadh,3,11,2015,0,0,None,26.0,0.0,20923
2015-11-06,Somnath,4,11,2015,0,0,None,22.2,0.0,26663
2015-11-06,Dwarka,4,11,2015,0,0,None,26.0,0.0,20062
2015-11-06,Ambaji,4,11,2015,0,0,None,24.9,0.0,34410
2015-11-06,Pavagadh,4,11,2015,0,0,None,23.5,0.0,20078
2015-11-07,Somnath,5,11,2015,1,0,None,28.0,0.0,35131
2015-11-07,Dwarka,5,11,2015,1,0,None,19.3,0.0,35265
2015-11-07,Ambaji,5,11,2015,1,0,None,27.1,2.0,45600
2015-11-07,Pavagadh,5,11,2015,1,0,None,24.7,0.0,26886
2015-11-08,Somnath,6,11,2015,1,0,None,23.9,0.0,33119
2015-11-08,Dwarka,6,11,2015,1,0,None,23.5,0.0,30955
2015-11-08,Ambaji,6,11,2015,1,0,None,18.3,0.0,51612
2015-11-08,Pavagadh,6,11,2015,1,0,None,20.6,0.0,29944
2015-11-09,Somnath,0,11,2015,0,0,Diwali Peak,25.4,0.0,69223
2015-11-09,Dwarka,0,11,2015,0,0,Diwali Peak,20.6,0.0,68371
2015-11-09,Ambaji,0,11,2015,0,0,Diwali Peak,20.9,0.0,100372
2015-11-09,Pavagadh,0,11,2015,0,0,Diwali Peak,25.3,0.0,67144
2015-11-10,Somnath,1,11,2015,0,0,Diwali Peak,19.7,0.0,66414
2015-11-10,Dwarka,1,11,2015,0,0,Diwali Peak,23.5,0.0,71742
2015-11-10,Ambaji,1,11,2015,0,0,Diwali Peak,20.0,0.0,119472
2015-11-10,Pavagadh,1,11,2015,0,0,Diwali Peak,26.9,0.0,65272
2015-11-11,Somnath,2,11,2015,0,0,Diwali Peak,25.5,0.0,71899
2015-11-11,Dwarka,2,11,2015,0,0,Diwali Peak,20.7,0.0,58091
2015-11-11,Ambaji,2,11,2015,0,0,Diwali Peak,23.6,0.0,104791
2015-11-11,Pavagadh,2,11,2015,0,0,Diwali Peak,18.8,0.0,53629
2015-11-12,Somnath,3,11,2015,0,0,Diwali Peak,20.1,0.0,77030
2015-11-12,Dwarka,3,11,2015,0,0,Diwali Peak,18.1,0.0,73879
2015-11-12,Ambaji,3,11,2015,0,0,Diwali Peak,27.3,0.0,100056
2015-11-12,Pavagadh,3,11,2015,0,0,Diwali Peak,22.6,0.0,65526
2015-11-13,Somnath,4,11,2015,0,0,Diwali Peak,27.3,2.0,77078
2015-11-13,Dwarka,4,11,2015,0,0,Diwali Peak,26.8,0.0,64859
2015-11-13,Ambaji,4,11,2015,0,0,Diwali Peak,20.6,0.0,98966
2015-11-13,Pavagadh,4,11,2015,0,0,Diwali Peak,23.0,0.0,57608
2015-11-14,Somnath,5,11,2015,1,0,Diwali Peak,25.6,0.0,102553
2015-11-14,Dwarka,5,11,2015,1,0,Diwali Peak,24.5,0.0,103466
2015-11-14,Ambaji,5,11,2015,1,0,Diwali Peak,24.9,0.0,131304
2015-11-14,Pavagadh,5,11,2015,1,0,Diwali Peak,25.3,0.0,77573
2015-11-15,Somnath,6,11,2015,1,0,None,22.3,0.0,34285
2015-11-15,Dwarka,6,11,2015,1,0,None,22.1,0.0,31144
2015-11-15,Ambaji,6,11,2015,1,0,None,27.1,0.0,54789
2015-11-15,Pavagadh,6,11,2015,1,0,None,26.5,0.0,29089
2015-11-16,Somnath,0,11,2015,0,0,None,21.4,0.0,24930
2015-11-16,Dwarka,0,11,2015,0,0,None,19.1,0.0,21194
2015-11-16,Ambaji,0,11,2015,0,0,None,26.1,0.0,33617
2015-11-16,Pavagadh,0,11,2015,0,0,None,26.6,0.0,21058
2015-11-17,Somnath,1,11,2015,0,0,None,19.5,0.0,27225
2015-11-17,Dwarka,1,11,2015,0,0,None,24.8,0.0,22002
2015-11-17,Ambaji,1,11,2015,0,0,None,24.5,0.0,32339
2015-11-17,Pavagadh,1,11,2015,0,0,None,21.1,0.0,21445
2015-11-18,Somnath,2,11,2015,0,0,None,19.4,0.0,24144
2015-11-18,Dwarka,2,11,2015,0,0,None,24.6,0.0,23372
2015-11-18,Ambaji,2,11,2015,0,0,None,27.5,0.0,37509
2015-11-18,Pavagadh,2,11,2015,0,0,None,19.3,0.0,20967
2015-11-19,Somnath,3,11,2015,0,0,None,24.8,0.0,26865
2015-11-19,Dwarka,3,11,2015,0,0,None,19.7,0.0,22956
2015-11-19,Ambaji,3,11,2015,0,0,None,22.8,0.0,34183
2015-11-19,Pavagadh,3,11,2015,0,0,None,19.7,0.0,20195
2015-11-20,Somnath,4,11,2015,0,0,None,19.9,0.0,25055
2015-11-20,Dwarka,4,11,2015,0,0,None,24.0,0.0,23446
2015-11-20,Ambaji,4,11,2015,0,0,None,26.3,0.0,32237
2015-11-20,Pavagadh,4,11,2015,0,0,None,26.4,0.0,20788
2015-11-21,Somnath,5,11,2015,1,0,None,21.6,0.0,33327
2015-11-21,Dwarka,5,11,2015,1,0,None,22.1,0.0,31466
2015-11-21,Ambaji,5,11,2015,1,0,None,24.8,0.0,45012
2015-11-21,Pavagadh,5,11,2015,1,0,None,27.4,0.0,28479
2015-11-22,Somnath,6,11,2015,1,0,None,19.4,0.0,38572
2015-11-22,Dwarka,6,11,2015,1,0,None,21.7,0.0,30237
2015-11-22,Ambaji,6,11,2015,1,0,None,22.4,0.0,49114
2015-11-22,Pavagadh,6,11,2015,1,0,None,19.4,2.0,24696
2015-11-23,Somnath,0,11,2015,0,0,None,24.6,0.0,24575
2015-11-23,Dwarka,0,11,2015,0,0,None,22.2,0.0,20661
2015-11-23,Ambaji,0,11,2015,0,0,None,26.2,0.0,34432
2015-11-23,Pavagadh,0,11,2015,0,0,None,22.6,0.0,21008
2015-11-24,Somnath,1,11,2015,0,0,None,23.1,0.0,25480
2015-11-24,Dwarka,1,11,2015,0,0,None,28.0,0.0,23851
2015-11-24,Ambaji,1,11,2015,0,0,None,21.5,0.0,32929
2015-11-24,Pavagadh,1,11,2015,0,0,None,22.2,0.0,18000
2015-11-25,Somnath,2,11,2015,0,0,None,27.2,0.0,26211
2015-11-25,Dwarka,2,11,2015,0,0,None,19.7,0.0,20097
2015-11-25,Ambaji,2,11,2015,0,0,None,25.2,0.0,34513
2015-11-25,Pavagadh,2,11,2015,0,0,None,19.2,0.0,19395
2015-11-26,Somnath,3,11,2015,0,0,None,21.7,0.0,26093
2015-11-26,Dwarka,3,11,2015,0,0,None,19.1,0.0,24175
2015-11-26,Ambaji,3,11,2015,0,0,None,20.3,0.0,32829
2015-11-26,Pavagadh,3,11,2015,0,0,None,18.4,0.0,21209
2015-11-27,Somnath,4,11,2015,0,0,None,21.4,0.0,25877
2015-11-27,Dwarka,4,11,2015,0,0,None,23.1,0.0,23610
2015-11-27,Ambaji,4,11,2015,0,0,None,18.1,0.0,34725
2015-11-27,Pavagadh,4,11,2015,0,0,None,27.9,0.0,21947
2015-11-28,Somnath,5,11,2015,1,0,None,25.5,0.0,38655
2015-11-28,Dwarka,5,11,2015,1,0,None,26.6,0.0,30728
2015-11-28,Ambaji,5,11,2015,1,0,None,18.1,0.0,50149
2015-11-28,Pavagadh,5,11,2015,1,0,None,21.4,0.0,25002
2015-11-29,Somnath,6,11,2015,1,0,None,20.4,0.0,30785
2015-11-29,Dwarka,6,11,2015,1,0,None,23.6,0.0,29686
2015-11-29,Ambaji,6,11,2015,1,0,None,26.8,0.0,47287
2015-11-29,Pavagadh,6,11,2015,1,0,None,19.1,0.0,25178
2015-11-30,Somnath,0,11,2015,0,0,None,21.0,0.0,23321
2015-11-30,Dwarka,0,11,2015,0,0,None,25.8,0.0,22593
2015-11-30,Ambaji,0,11,2015,0,0,None,19.2,0.0,37866
2015-11-30,Pavagadh,0,11,2015,0,0,None,19.9,0.0,20178
2015-12-01,Somnath,1,12,2015,0,0,None,18.8,0.0,23734
2015-12-01,Dwarka,1,12,2015,0,0,None,26.6,0.0,23557
2015-12-01,Ambaji,1,12,2015,0,0,None,18.1,0.0,36886
2015-12-01,Pavagadh,1,12,2015,0,0,None,27.3,0.0,21278
2015-12-02,Somnath,2,12,2015,0,0,None,26.9,0.0,23920
2015-12-02,Dwarka,2,12,2015,0,0,None,20.9,0.0,21530
2015-12-02,Ambaji,2,12,2015,0,0,None,23.4,0.0,36338
2015-12-02,Pavagadh,2,12,2015,0,0,None,19.7,0.0,20013
2015-12-03,Somnath,3,12,2015,0,0,None,26.0,0.0,25727
2015-12-03,Dwarka,3,12,2015,0,0,None,19.6,0.0,20184
2015-12-03,Ambaji,3,12,2015,0,0,None,21.8,0.0,31778
2015-12-03,Pavagadh,3,12,2015,0,0,None,20.7,0.0,21814
2015-12-04,Somnath,4,12,2015,0,0,None,21.5,0.0,23395
2015-12-04,Dwarka,4,12,2015,0,0,None,21.9,0.0,20421
2015-12-04,Ambaji,4,12,2015,0,0,None,25.6,0.0,38368
2015-12-04,Pavagadh,4,12,2015,0,0,None,21.8,0.0,19370
2015-12-05,Somnath,5,12,2015,1,0,None,24.3,0.0,36141
2015-12-05,Dwarka,5,12,2015,1,0,None,27.2,0.0,33284
2015-12-05,Ambaji,5,12,2015,1,0,None,18.7,0.0,48989
2015-12-05,Pavagadh,5,12,2015,1,0,None,21.6,0.0,30170
2015-12-06,Somnath,6,12,2015,1,0,None,21.8,0.0,31725
2015-12-06,Dwarka,6,12,2015,1,0,None,21.0,0.0,32469
2015-12-06,Ambaji,6,12,2015,1,0,None,21.6,0.0,46638
2015-12-06,Pavagadh,6,12,2015,1,0,None,26.0,0.0,28468
2015-12-07,Somnath,0,12,2015,0,0,None,21.4,0.0,22626
2015-12-07,Dwarka,0,12,2015,0,0,None,24.9,0.0,20045
2015-12-07,Ambaji,0,12,2015,0,0,None,24.1,0.0,34207
2015-12-07,Pavagadh,0,12,2015,0,0,None,18.8,0.0,19191
2015-12-08,Somnath,1,12,2015,0,0,None,18.9,0.0,22530
2015-12-08,Dwarka,1,12,2015,0,0,None,22.8,0.0,21153
2015-12-08,Ambaji,1,12,2015,0,0,None,27.3,0.0,38260
2015-12-08,Pavagadh,1,12,2015,0,0,None,20.1,0.0,20186
2015-12-09,Somnath,2,12,2015,0,0,None,26.8,0.0,25172
2015-12-09,Dwarka,2,12,2015,0,0,None,20.0,0.0,23832
2015-12-09,Ambaji,2,12,2015,0,0,None,21.3,0.0,36818
2015-12-09,Pavagadh,2,12,2015,0,0,None,21.4,0.0,20951
2015-12-10,Somnath,3,12,2015,0,0,None,24.0,0.0,22748
2015-12-10,Dwarka,3,12,2015,0,0,None,20.6,0.0,20798
2015-12-10,Ambaji,3,12,2015,0,0,None,25.4,0.0,34466
2015-12-10,Pavagadh,3,12,2015,0,0,None,21.4,0.0,19779
2015-12-11,Somnath,4,12,2015,0,0,None,22.9,0.0,27047
2015-12-11,Dwarka,4,12,2015,0,0,None,23.7,0.0,23371
2015-12-11,Ambaji,4,12,2015,0,0,None,21.4,0.0,37439
2015-12-11,Pavagadh,4,12,2015,0,0,None,21.6,0.0,21763
2015-12-12,Somnath,5,12,2015,1,0,None,24.2,0.0,39046
2015-12-12,Dwarka,5,12,2015,1,0,None,22.0,0.0,31423
2015-12-12,Ambaji,5,12,2015,1,0,None,22.5,0.0,49292
2015-12-12,Pavagadh,5,12,2015,1,0,None,19.9,0.0,26514
2015-12-13,Somnath,6,12,2015,1,0,None,20.9,0.0,32930
2015-12-13,Dwarka,6,12,2015,1,0,None,27.7,0.0,32333
2015-12-13,Ambaji,6,12,2015,1,0,None,22.8,0.0,51213
2015-12-13,Pavagadh,6,12,2015,1,0,None,20.5,0.0,24935
2015-12-14,Somnath,0,12,2015,0,0,None,18.0,0.0,27386
2015-12-14,Dwarka,0,12,2015,0,0,None,20.4,0.0,23492
2015-12-14,Ambaji,0,12,2015,0,0,None,23.5,0.0,36596
2015-12-14,Pavagadh,0,12,2015,0,0,None,24.0,0.0,21078
2015-12-15,Somnath,1,12,2015,0,0,None,27.8,0.0,24208
2015-12-15,Dwarka,1,12,2015,0,0,None,24.5,0.0,23748
2015-12-15,Ambaji,1,12,2015,0,0,None,19.2,0.0,37210
2015-12-15,Pavagadh,1,12,2015,0,0,None,24.0,0.0,19893
2015-12-16,Somnath,2,12,2015,0,0,None,26.5,0.0,26848
2015-12-16,Dwarka,2,12,2015,0,0,None,18.9,0.0,23529
2015-12-16,Ambaji,2,12,2015,0,0,None,19.8,0.0,32658
2015-12-16,Pavagadh,2,12,2015,0,0,None,25.1,0.0,20541
2015-12-17,Somnath,3,12,2015,0,0,None,20.0,0.0,22707
2015-12-17,Dwarka,3,12,2015,0,0,None,21.2,0.0,23574
2015-12-17,Ambaji,3,12,2015,0,0,None,24.7,0.0,38171
2015-12-17,Pavagadh,3,12,2015,0,0,None,25.2,0.0,20110
2015-12-18,Somnath,4,12,2015,0,0,None,20.6,0.0,26130
2015-12-18,Dwarka,4,12,2015,0,0,None,19.2,0.0,22142
2015-12-18,Ambaji,4,12,2015,0,0,None,23.6,0.0,32663
2015-12-18,Pavagadh,4,12,2015,0,0,None,21.8,0.0,21879
2015-12-19,Somnath,5,12,2015,1,0,None,25.3,0.0,36977
2015-12-19,Dwarka,5,12,2015,1,0,None,19.9,0.0,31985
2015-12-19,Ambaji,5,12,2015,1,0,None,22.9,0.0,48025
2015-12-19,Pavagadh,5,12,2015,1,0,None,20.0,0.0,24523
2015-12-20,Somnath,6,12,2015,1,0,None,22.4,0.0,33139
2015-12-20,Dwarka,6,12,2015,1,0,None,23.6,0.0,35469
2015-12-20,Ambaji,6,12,2015,1,0,None,23.0,0.0,45965
2015-12-20,Pavagadh,6,12,2015,1,0,None,22.7,0.0,26785
2015-12-21,Somnath,0,12,2015,0,0,None,23.5,0.0,24925
2015-12-21,Dwarka,0,12,2015,0,0,None,18.9,0.0,22079
2015-12-21,Ambaji,0,12,2015,0,0,None,24.1,0.0,34884
2015-12-21,Pavagadh,0,12,2015,0,0,None,22.3,0.0,18424
2015-12-22,Somnath,1,12,2015,0,0,None,26.4,0.0,23474
2015-12-22,Dwarka,1,12,2015,0,0,None,23.0,0.0,20072
2015-12-22,Ambaji,1,12,2015,0,0,None,23.8,0.0,31755
2015-12-22,Pavagadh,1,12,2015,0,0,None,18.5,0.0,18471
2015-12-23,Somnath,2,12,2015,0,0,None,18.5,0.0,26719
2015-12-23,Dwarka,2,12,2015,0,0,None,20.6,0.0,19975
2015-12-23,Ambaji,2,12,2015,0,0,None,22.5,0.0,35496
2015-12-23,Pavagadh,2,12,2015,0,0,None,21.3,0.0,18426
2015-12-24,Somnath,3,12,2015,0,0,None,21.7,0.0,26332
2015-12-24,Dwarka,3,12,2015,0,0,None,27.7,0.0,23606
2015-12-24,Ambaji,3,12,2015,0,0,None,24.0,0.0,33496
2015-12-24,Pavagadh,3,12,2015,0,0,None,24.3,0.0,19928
2015-12-25,Somnath,4,12,2015,0,1,None,25.6,0.0,40560
2015-12-25,Dwarka,4,12,2015,0,1,None,18.6,0.0,37637
2015-12-25,Ambaji,4,12,2015,0,1,None,23.5,0.0,56308
2015-12-25,Pavagadh,4,12,2015,0,1,None,23.6,0.0,25829
2015-12-26,Somnath,5,12,2015,1,0,None,27.6,0.0,32530
2015-12-26,Dwarka,5,12,2015,1,0,None,24.8,0.0,28804
2015-12-26,Ambaji,5,12,2015,1,0,None,23.8,0.0,52017
2015-12-26,Pavagadh,5,12,2015,1,0,None,24.5,0.0,26392
2015-12-27,Somnath,6,12,2015,1,0,None,21.1,0.0,38973
2015-12-27,Dwarka,6,12,2015,1,0,None,24.8,0.0,30918
2015-12-27,Ambaji,6,12,2015,1,0,None,22.7,0.0,45236
2015-12-27,Pavagadh,6,12,2015,1,0,None,21.3,0.0,29169
2015-12-28,Somnath,0,12,2015,0,0,None,20.1,0.0,23517
2015-12-28,Dwarka,0,12,2015,0,0,None,25.7,0.0,22287
2015-12-28,Ambaji,0,12,2015,0,0,None,18.2,0.0,34620
2015-12-28,Pavagadh,0,12,2015,0,0,None,26.2,0.0,18346
2015-12-29,Somnath,1,12,2015,0,0,None,23.4,0.0,24439
2015-12-29,Dwarka,1,12,2015,0,0,None,26.3,0.0,23915
2015-12-29,Ambaji,1,12,2015,0,0,None,25.5,0.0,36236
2015-12-29,Pavagadh,1,12,2015,0,0,None,21.6,0.0,19102
2015-12-30,Somnath,2,12,2015,0,0,None,21.3,0.0,26326
2015-12-30,Dwarka,2,12,2015,0,0,None,27.3,0.0,23311
2015-12-30,Ambaji,2,12,2015,0,0,None,25.4,0.0,34210
2015-12-30,Pavagadh,2,12,2015,0,0,None,20.8,0.0,21931
2015-12-31,Somnath,3,12,2015,0,0,None,24.4,0.0,27383
2015-12-31,Dwarka,3,12,2015,0,0,None,21.8,0.0,21711
2015-12-31,Ambaji,3,12,2015,0,0,None,26.7,0.0,38133
2015-12-31,Pavagadh,3,12,2015,0,0,None,20.2,0.0,21024
2016-01-01,Somnath,4,1,2016,0,0,None,21.9,0.0,24722
2016-01-01,Dwarka,4,1,2016,0,0,None,25.4,0.0,20057
2016-01-01,Ambaji,4,1,2016,0,0,None,21.0,0.0,32676
2016-01-01,Pavagadh,4,1,2016,0,0,None,21.5,0.0,18229
2016-01-02,Somnath,5,1,2016,1,0,None,23.8,0.0,33909
2016-01-02,Dwarka,5,1,2016,1,0,None,24.6,0.0,31119
2016-01-02,Ambaji,5,1,2016,1,0,None,23.0,0.0,51966
2016-01-02,Pavagadh,5,1,2016,1,0,None,18.4,0.0,29441
2016-01-03,Somnath,6,1,2016,1,0,None,23.0,0.0,36678
2016-01-03,Dwarka,6,1,2016,1,0,None,26.0,0.0,30457
2016-01-03,Ambaji,6,1,2016,1,0,None,21.9,0.0,46180
2016-01-03,Pavagadh,6,1,2016,1,0,None,26.6,0.0,26536
2016-01-04,Somnath,0,1,2016,0,0,None,22.2,0.0,23519
2016-01-04,Dwarka,0,1,2016,0,0,None,26.3,0.0,20040
2016-01-04,Ambaji,0,1,2016,0,0,None,27.7,0.0,33536
2016-01-04,Pavagadh,0,1,2016,0,0,None,22.7,0.0,19219
2016-01-05,Somnath,1,1,2016,0,0,None,19.9,0.0,23989
2016-01-05,Dwarka,1,1,2016,0,0,None,25.8,0.0,20800
2016-01-05,Ambaji,1,1,2016,0,0,None,19.7,0.0,38079
2016-01-05,Pavagadh,1,1,2016,0,0,None,21.4,2.0,19940
2016-01-06,Somnath,2,1,2016,0,0,None,19.8,0.0,24801
2016-01-06,Dwarka,2,1,2016,0,0,None,25.1,2.0,20020
2016-01-06,Ambaji,2,1,2016,0,0,None,19.0,0.0,33472
2016-01-06,Pavagadh,2,1,2016,0,0,None,19.8,0.0,18087
2016-01-07,Somnath,3,1,2016,0,0,None,25.7,0.0,24838
2016-01-07,Dwarka,3,1,2016,0,0,None,24.1,0.0,19919
2016-01-07,Ambaji,3,1,2016,0,0,None,25.8,0.0,36833
2016-01-07,Pavagadh,3,1,2016,0,0,None,26.9,0.0,20142
2016-01-08,Somnath,4,1,2016,0,0,None,22.8,0.0,26937
2016-01-08,Dwarka,4,1,2016,0,0,None,26.9,0.0,22506
2016-01-08,Ambaji,4,1,2016,0,0,None,27.3,0.0,35062
2016-01-08,Pavagadh,4,1,2016,0,0,None,22.5,0.0,21835
2016-01-09,Somnath,5,1,2016,1,0,None,19.4,0.0,32413
2016-01-09,Dwarka,5,1,2016,1,0,None,22.0,2.0,29294
2016-01-09,Ambaji,5,1,2016,1,0,None,18.8,0.0,48678
2016-01-09,Pavagadh,5,1,2016,1,0,None,20.6,0.0,25310
2016-01-10,Somnath,6,1,2016,1,0,None,27.7,0.0,34658
2016-01-10,Dwarka,6,1,2016,1,0,None,27.1,0.0,35051
2016-01-10,Ambaji,6,1,2016,1,0,None,18.9,0.0,52617
2016-01-10,Pavagadh,6,1,2016,1,0,None,18.1,0.0,28872
2016-01-11,Somnath,0,1,2016,0,0,None,25.3,2.0,23937
2016-01-11,Dwarka,0,1,2016,0,0,None,23.4,0.0,21584
2016-01-11,Ambaji,0,1,2016,0,0,None,19.7,0.0,37473
2016-01-11,Pavagadh,0,1,2016,0,0,None,23.0,0.0,18909
2016-01-12,Somnath,1,1,2016,0,0,None,23.4,0.0,25075
2016-01-12,Dwarka,1,1,2016,0,0,None,27.9,0.0,21432
2016-01-12,Ambaji,1,1,2016,0,0,None,25.7,0.0,34191
2016-01-12,Pavagadh,1,1,2016,0,0,None,21.5,0.0,21127
2016-01-13,Somnath,2,1,2016,0,0,None,22.8,0.0,25382
2016-01-13,Dwarka,2,1,2016,0,0,None,21.4,0.0,20848
2016-01-13,Ambaji,2,1,2016,0,0,None,20.2,0.0,33325
2016-01-13,Pavagadh,2,1,2016,0,0,None,18.1,0.0,20044
2016-01-14,Somnath,3,1,2016,0,0,None,22.5,0.0,25355
2016-01-14,Dwarka,3,1,2016,0,0,None,26.6,0.0,22304
2016-01-14,Ambaji,3,1,2016,0,0,None,26.7,0.0,36526
2016-01-14,Pavagadh,3,1,2016,0,0,None,21.7,0.0,19831
2016-01-15,Somnath,4,1,2016,0,0,None,21.9,0.0,23719
2016-01-15,Dwarka,4,1,2016,0,0,None,27.7,0.0,20889
2016-01-15,Ambaji,4,1,2016,0,0,None,21.5,0.0,38266
2016-01-15,Pavagadh,4,1,2016,0,0,None,22.4,0.0,20104
2016-01-16,Somnath,5,1,2016,1,0,None,24.9,0.0,32937
2016-01-16,Dwarka,5,1,2016,1,0,None,18.5,0.0,29043
2016-01-16,Ambaji,5,1,2016,1,0,None,22.9,0.0,45060
2016-01-16,Pavagadh,5,1,2016,1,0,None,27.7,0.0,28204
2016-01-17,Somnath,6,1,2016,1,0,None,27.8,0.0,37457
2016-01-17,Dwarka,6,1,2016,1,0,None,24.1,0.0,28825
2016-01-17,Ambaji,6,1,2016,1,0,None,24.0,0.0,50186
2016-01-17,Pavagadh,6,1,2016,1,0,None,18.3,0.0,26268
2016-01-18,Somnath,0,1,2016,0,0,None,19.3,0.0,22863
2016-01-18,Dwarka,0,1,2016,0,0,None,20.0,0.0,22529
2016-01-18,Ambaji,0,1,2016,0,0,None,23.4,0.0,33528
2016-01-18,Pavagadh,0,1,2016,0,0,None,20.4,0.0,19644
2016-01-19,Somnath,1,1,2016,0,0,None,25.0,0.0,24333
2016-01-19,Dwarka,1,1,2016,0,0,None,21.9,0.0,24000
2016-01-19,Ambaji,1,1,2016,0,0,None,26.0,0.0,31976
2016-01-19,Pavagadh,1,1,2016,0,0,None,21.2,0.0,20023
2016-01-20,Somnath,2,1,2016,0,0,None,25.8,0.0,26724
2016-01-20,Dwarka,2,1,2016,0,0,None,21.6,0.0,21176
2016-01-20,Ambaji,2,1,2016,0,0,None,18.6,0.0,31568
2016-01-20,Pavagadh,2,1,2016,0,0,None,22.1,0.0,20773
2016-01-21,Somnath,3,1,2016,0,0,None,25.7,0.0,26558
2016-01-21,Dwarka,3,1,2016,0,0,None,20.9,0.0,22998
2016-01-21,Ambaji,3,1,2016,0,0,None,24.9,2.0,33076
2016-01-21,Pavagadh,3,1,2016,0,0,None,24.6,0.0,21660
2016-01-22,Somnath,4,1,2016,0,0,None,19.6,0.0,25341
2016-01-22,Dwarka,4,1,2016,0,0,None,20.7,0.0,21268
2016-01-22,Ambaji,4,1,2016,0,0,None,23.8,0.0,35485
2016-01-22,Pavagadh,4,1,2016,0,0,None,24.3,0.0,18204
2016-01-23,Somnath,5,1,2016,1,0,None,20.3,0.0,31883
2016-01-23,Dwarka,5,1,2016,1,0,None,23.0,0.0,29521
2016-01-23,Ambaji,5,1,2016,1,0,None,19.3,0.0,53715
2016-01-23,Pavagadh,5,1,2016,1,0,None,19.1,0.0,30797
2016-01-24,Somnath,6,1,2016,1,0,None,19.1,0.0,37238
2016-01-24,Dwarka,6,1,2016,1,0,None,24.5,0.0,28046
2016-01-24,Ambaji,6,1,2016,1,0,None,24.4,0.0,46531
2016-01-24,Pavagadh,6,1,2016,1,0,None,23.5,0.0,30463
2016-01-25,Somnath,0,1,2016,0,0,None,19.6,0.0,23227
2016-01-25,Dwarka,0,1,2016,0,0,None,26.8,0.0,21855
2016-01-25,Ambaji,0,1,2016,0,0,None,19.1,0.0,37575
2016-01-25,Pavagadh,0,1,2016,0,0,None,26.3,0.0,18301
2016-01-26,Somnath,1,1,2016,0,1,None,19.1,0.0,34240
2016-01-26,Dwarka,1,1,2016,0,1,None,20.6,0.0,37840
2016-01-26,Ambaji,1,1,2016,0,1,None,26.3,0.0,52549
2016-01-26,Pavagadh,1,1,2016,0,1,None,20.8,0.0,33036
2016-01-27,Somnath,2,1,2016,0,0,None,20.6,0.0,27153
2016-01-27,Dwarka,2,1,2016,0,0,None,18.2,0.0,22991
2016-01-27,Ambaji,2,1,2016,0,0,None,26.4,0.0,38329
2016-01-27,Pavagadh,2,1,2016,0,0,None,18.7,0.0,20585
2016-01-28,Somnath,3,1,2016,0,0,None,24.5,0.0,25750
2016-01-28,Dwarka,3,1,2016,0,0,None,27.8,0.0,21732
2016-01-28,Ambaji,3,1,2016,0,0,None,18.4,0.0,37284
2016-01-28,Pavagadh,3,1,2016,0,0,None,25.0,0.0,18220
2016-01-29,Somnath,4,1,2016,0,0,None,22.3,0.0,27142
2016-01-29,Dwarka,4,1,2016,0,0,None,24.4,0.0,22111
2016-01-29,Ambaji,4,1,2016,0,0,None,18.7,0.0,34020
2016-01-29,Pavagadh,4,1,2016,0,0,None,22.8,0.0,20730
2016-01-30,Somnath,5,1,2016,1,0,None,24.6,0.0,32593
2016-01-30,Dwarka,5,1,2016,1,0,None,19.3,0.0,29337
2016-01-30,Ambaji,5,1,2016,1,0,None,26.7,0.0,48247
2016-01-30,Pavagadh,5,1,2016,1,0,None,18.8,0.0,27789
2016-01-31,Somnath,6,1,2016,1,0,None,22.2,0.0,34991
2016-01-31,Dwarka,6,1,2016,1,0,None,23.5,0.0,31436
2016-01-31,Ambaji,6,1,2016,1,0,None,26.2,0.0,48992
2016-01-31,Pavagadh,6,1,2016,1,0,None,22.4,0.0,25882
2016-02-01,Somnath,0,2,2016,0,0,None,25.6,0.0,23432
2016-02-01,Dwarka,0,2,2016,0,0,None,19.9,0.0,20050
2016-02-01,Ambaji,0,2,2016,0,0,None,23.9,0.0,31622
2016-02-01,Pavagadh,0,2,2016,0,0,None,18.5,0.0,21277
2016-02-02,Somnath,1,2,2016,0,0,None,21.3,0.0,25481
2016-02-02,Dwarka,1,2,2016,0,0,None,20.7,0.0,23035
2016-02-02,Ambaji,1,2,2016,0,0,None,24.3,0.0,36691
2016-02-02,Pavagadh,1,2,2016,0,0,None,24.8,0.0,19409
2016-02-03,Somnath,2,2,2016,0,0,None,19.3,0.0,25880
2016-02-03,Dwarka,2,2,2016,0,0,None,26.6,0.0,22564
2016-02-03,Ambaji,2,2,2016,0,0,None,19.8,0.0,37189
2016-02-03,Pavagadh,2,2,2016,0,0,None,23.8,0.0,21125
2016-02-04,Somnath,3,2,2016,0,0,None,25.0,0.0,22781
2016-02-04,Dwarka,3,2,2016,0,0,None,25.5,0.0,21058
2016-02-04,Ambaji,3,2,2016,0,0,None,24.4,0.0,38205
2016-02-04,Pavagadh,3,2,2016,0,0,None,18.3,0.0,18666
2016-02-05,Somnath,4,2,2016,0,0,None,25.1,0.0,23676
2016-02-05,Dwarka,4,2,2016,0,0,None,22.9,0.0,20731
2016-02-05,Ambaji,4,2,2016,0,0,None,19.4,0.0,35004
2016-02-05,Pavagadh,4,2,2016,0,0,None,27.1,0.0,20583
2016-02-06,Somnath,5,2,2016,1,0,None,20.3,0.0,36590
2016-02-06,Dwarka,5,2,2016,1,0,None,25.5,0.0,29993
2016-02-06,Ambaji,5,2,2016,1,0,None,27.8,0.0,46180
2016-02-06,Pavagadh,5,2,2016,1,0,None,23.6,0.0,28271
2016-02-07,Somnath,6,2,2016,1,0,None,27.0,0.0,38695
2016-02-07,Dwarka,6,2,2016,1,0,None,19.7,0.0,33319
2016-02-07,Ambaji,6,2,2016,1,0,None,24.8,0.0,44980
2016-02-07,Pavagadh,6,2,2016,1,0,None,18.9,0.0,26011
2016-02-08,Somnath,0,2,2016,0,0,None,26.0,0.0,23151
2016-02-08,Dwarka,0,2,2016,0,0,None,24.4,0.0,20229
2016-02-08,Ambaji,0,2,2016,0,0,None,19.7,0.0,37250
2016-02-08,Pavagadh,0,2,2016,0,0,None,21.5,0.0,20149
2016-02-09,Somnath,1,2,2016,0,0,None,24.8,0.0,25643
2016-02-09,Dwarka,1,2,2016,0,0,None,20.7,0.0,21804
2016-02-09,Ambaji,1,2,2016,0,0,None,26.9,0.0,37326
2016-02-09,Pavagadh,1,2,2016,0,0,None,27.9,0.0,20767
2016-02-10,Somnath,2,2,2016,0,0,None,24.7,0.0,27428
2016-02-10,Dwarka,2,2,2016,0,0,None,24.9,0.0,23313
2016-02-10,Ambaji,2,2,2016,0,0,None,19.1,0.0,37871
2016-02-10,Pavagadh,2,2,2016,0,0,None,21.8,0.0,19720
2016-02-11,Somnath,3,2,2016,0,0,None,22.4,0.0,26310
2016-02-11,Dwarka,3,2,2016,0,0,None,27.4,0.0,20569
2016-02-11,Ambaji,3,2,2016,0,0,None,26.7,0.0,33269
2016-02-11,Pavagadh,3,2,2016,0,0,None,18.7,0.0,21648
2016-02-12,Somnath,4,2,2016,0,0,None,24.3,0.0,23785
2016-02-12,Dwarka,4,2,2016,0,0,None,25.2,0.0,21451
2016-02-12,Ambaji,4,2,2016,0,0,None,24.3,0.0,37261
2016-02-12,Pavagadh,4,2,2016,0,0,None,20.4,0.0,19620
2016-02-13,Somnath,5,2,2016,1,0,None,24.0,0.0,35253
2016-02-13,Dwarka,5,2,2016,1,0,None,20.7,0.0,31092
2016-02-13,Ambaji,5,2,2016,1,0,None,20.7,0.0,56604
2016-02-13,Pavagadh,5,2,2016,1,0,None,23.0,0.0,29077
2016-02-14,Somnath,6,2,2016,1,0,None,27.6,0.0,31278
2016-02-14,Dwarka,6,2,2016,1,0,None,20.7,0.0,27773
2016-02-14,Ambaji,6,2,2016,1,0,None,21.4,2.0,49070
2016-02-14,Pavagadh,6,2,2016,1,0,None,19.7,2.0,28003
2016-02-15,Somnath,0,2,2016,0,0,None,18.7,0.0,23101
2016-02-15,Dwarka,0,2,2016,0,0,None,23.8,0.0,21985
2016-02-15,Ambaji,0,2,2016,0,0,None,26.4,0.0,36460
2016-02-15,Pavagadh,0,2,2016,0,0,None,25.3,0.0,19444
2016-02-16,Somnath,1,2,2016,0,0,None,24.4,0.0,24307
2016-02-16,Dwarka,1,2,2016,0,0,None,23.3,2.0,21887
2016-02-16,Ambaji,1,2,2016,0,0,None,26.2,0.0,37074
2016-02-16,Pavagadh,1,2,2016,0,0,None,24.0,0.0,19643
2016-02-17,Somnath,2,2,2016,0,0,None,24.0,0.0,24586
2016-02-17,Dwarka,2,2,2016,0,0,None,19.4,0.0,19873
2016-02-17,Ambaji,2,2,2016,0,0,None,26.7,0.0,32980
2016-02-17,Pavagadh,2,2,2016,0,0,None,25.4,0.0,20024
2016-02-18,Somnath,3,2,2016,0,0,None,19.6,0.0,26757
2016-02-18,Dwarka,3,2,2016,0,0,None,26.6,0.0,23154
2016-02-18,Ambaji,3,2,2016,0,0,None,19.4,0.0,31639
2016-02-18,Pavagadh,3,2,2016,0,0,None,23.9,0.0,20072
2016-02-19,Somnath,4,2,2016,0,0,None,18.1,0.0,26090
2016-02-19,Dwarka,4,2,2016,0,0,None,22.4,0.0,20825
2016-02-19,Ambaji,4,2,2016,0,0,None,26.1,0.0,32975
2016-02-19,Pavagadh,4,2,2016,0,0,None,20.4,0.0,21319
2016-02-20,Somnath,5,2,2016,1,0,None,22.2,0.0,38082
2016-02-20,Dwarka,5,2,2016,1,0,None,22.5,0.0,30246
2016-02-20,Ambaji,5,2,2016,1,0,None,21.6,2.0,48723
2016-02-20,Pavagadh,5,2,2016,1,0,None,23.7,0.0,28917
2016-02-21,Somnath,6,2,2016,1,0,None,25.2,0.0,32810
2016-02-21,Dwarka,6,2,2016,1,0,None,22.6,0.0,31551
2016-02-21,Ambaji,6,2,2016,1,0,None,27.5,0.0,50349
2016-02-21,Pavagadh,6,2,2016,1,0,None,19.3,0.0,27045
2016-02-22,Somnath,0,2,2016,0,0,None,22.5,0.0,23602
2016-02-22,Dwarka,0,2,2016,0,0,None,19.6,0.0,23876
2016-02-22,Ambaji,0,2,2016,0,0,None,25.1,0.0,35120
2016-02-22,Pavagadh,0,2,2016,0,0,None,18.8,2.0,20665
2016-02-23,Somnath,1,2,2016,0,0,None,20.9,0.0,23047
2016-02-23,Dwarka,1,2,2016,0,0,None,27.7,0.0,22651
2016-02-23,Ambaji,1,2,2016,0,0,None,20.5,0.0,36937
2016-02-23,Pavagadh,1,2,2016,0,0,None,24.7,0.0,21569
2016-02-24,Somnath,2,2,2016,0,0,None,18.8,0.0,23741
2016-02-24,Dwarka,2,2,2016,0,0,None,27.9,0.0,23023
2016-02-24,Ambaji,2,2,2016,0,0,None,24.8,0.0,33172
2016-02-24,Pavagadh,2,2,2016,0,0,None,20.8,0.0,18937
2016-02-25,Somnath,3,2,2016,0,0,None,18.2,0.0,27328
2016-02-25,Dwarka,3,2,2016,0,0,None,21.4,0.0,19831
2016-02-25,Ambaji,3,2,2016,0,0,None,24.8,0.0,32526
2016-02-25,Pavagadh,3,2,2016,0,0,None,19.6,0.0,20465
2016-02-26,Somnath,4,2,2016,0,0,None,18.4,0.0,24044
2016-02-26,Dwarka,4,2,2016,0,0,None,21.7,0.0,23368
2016-02-26,Ambaji,4,2,2016,0,0,None,22.0,0.0,34345
2016-02-26,Pavagadh,4,2,2016,0,0,None,25.7,0.0,21590
2016-02-27,Somnath,5,2,2016,1,0,None,27.1,0.0,39603
2016-02-27,Dwarka,5,2,2016,1,0,None,25.9,0.0,34393
2016-02-27,Ambaji,5,2,2016,1,0,None,20.9,0.0,42638
2016-02-27,Pavagadh,5,2,2016,1,0,None,23.4,0.0,25819
2016-02-28,Somnath,6,2,2016,1,0,None,27.6,0.0,29986
2016-02-28,Dwarka,6,2,2016,1,0,None,23.7,0.0,33564
2016-02-28,Ambaji,6,2,2016,1,0,None,18.1,0.0,48706
2016-02-28,Pavagadh,6,2,2016,1,0,None,18.7,0.0,29498
2016-02-29,Somnath,0,2,2016,0,0,None,22.9,0.0,25741
2016-02-29,Dwarka,0,2,2016,0,0,None,19.7,0.0,22497
2016-02-29,Ambaji,0,2,2016,0,0,None,19.6,0.0,35128
2016-02-29,Pavagadh,0,2,2016,0,0,None,18.7,0.0,19012
2016-03-01,Somnath,1,3,2016,0,0,None,40.8,0.0,27394
2016-03-01,Dwarka,1,3,2016,0,0,None,37.5,0.0,23115
2016-03-01,Ambaji,1,3,2016,0,0,None,33.5,0.0,35323
2016-03-01,Pavagadh,1,3,2016,0,0,None,33.0,0.0,21413
2016-03-02,Somnath,2,3,2016,0,0,None,41.4,0.0,20457
2016-03-02,Dwarka,2,3,2016,0,0,None,41.6,0.0,18666
2016-03-02,Ambaji,2,3,2016,0,0,None,38.9,0.0,37022
2016-03-02,Pavagadh,2,3,2016,0,0,None,34.6,0.0,18942
2016-03-03,Somnath,3,3,2016,0,0,None,39.9,0.0,23134
2016-03-03,Dwarka,3,3,2016,0,0,None,41.5,0.0,18704
2016-03-03,Ambaji,3,3,2016,0,0,None,33.8,0.0,36812
2016-03-03,Pavagadh,3,3,2016,0,0,None,33.2,0.0,21258
2016-03-04,Somnath,4,3,2016,0,0,None,42.3,0.0,23794
2016-03-04,Dwarka,4,3,2016,0,0,None,36.3,0.0,21969
2016-03-04,Ambaji,4,3,2016,0,0,None,37.2,0.0,37427
2016-03-04,Pavagadh,4,3,2016,0,0,None,41.2,0.0,17638
2016-03-05,Somnath,5,3,2016,1,0,None,38.3,0.0,36371
2016-03-05,Dwarka,5,3,2016,1,0,None,35.7,0.0,32315
2016-03-05,Ambaji,5,3,2016,1,0,None,35.4,0.0,46844
2016-03-05,Pavagadh,5,3,2016,1,0,None,32.4,0.0,28467
2016-03-06,Somnath,6,3,2016,1,0,None,35.9,0.0,36411
2016-03-06,Dwarka,6,3,2016,1,0,None,34.8,0.0,32203
2016-03-06,Ambaji,6,3,2016,1,0,None,34.3,0.0,44907
2016-03-06,Pavagadh,6,3,2016,1,0,None,40.5,0.0,26587
2016-03-07,Somnath,0,3,2016,0,0,Maha Shivratri,40.2,0.0,350135
2016-03-07,Dwarka,0,3,2016,0,0,None,41.6,0.0,19556
2016-03-07,Ambaji,0,3,2016,0,0,None,42.0,0.0,30332
2016-03-07,Pavagadh,0,3,2016,0,0,None,32.9,0.0,21775
2016-03-08,Somnath,1,3,2016,0,0,None,42.7,0.0,23769
2016-03-08,Dwarka,1,3,2016,0,0,None,35.0,0.0,22699
2016-03-08,Ambaji,1,3,2016,0,0,None,42.9,0.0,29226
2016-03-08,Pavagadh,1,3,2016,0,0,None,33.3,0.0,21997
2016-03-09,Somnath,2,3,2016,0,0,None,40.8,0.0,25048
2016-03-09,Dwarka,2,3,2016,0,0,None,35.3,0.0,21052
2016-03-09,Ambaji,2,3,2016,0,0,None,36.1,0.0,35277
2016-03-09,Pavagadh,2,3,2016,0,0,None,32.9,0.0,18409
2016-03-10,Somnath,3,3,2016,0,0,None,36.5,1.0,25687
2016-03-10,Dwarka,3,3,2016,0,0,None,40.8,0.0,21391
2016-03-10,Ambaji,3,3,2016,0,0,None,33.2,0.0,36982
2016-03-10,Pavagadh,3,3,2016,0,0,None,33.8,0.0,19949
2016-03-11,Somnath,4,3,2016,0,0,None,38.9,1.0,25398
2016-03-11,Dwarka,4,3,2016,0,0,None,37.9,0.0,20076
2016-03-11,Ambaji,4,3,2016,0,0,None,34.1,0.0,36703
2016-03-11,Pavagadh,4,3,2016,0,0,None,40.0,0.0,21344
2016-03-12,Somnath,5,3,2016,1,0,None,33.7,0.0,32883
2016-03-12,Dwarka,5,3,2016,1,0,None,34.8,0.0,33350
2016-03-12,Ambaji,5,3,2016,1,0,None,32.6,0.0,47024
2016-03-12,Pavagadh,5,3,2016,1,0,None,32.6,0.0,28199
2016-03-13,Somnath,6,3,2016,1,0,None,38.2,0.0,32274
2016-03-13,Dwarka,6,3,2016,1,0,None,38.5,0.0,31849
2016-03-13,Ambaji,6,3,2016,1,0,None,32.2,0.0,48947
2016-03-13,Pavagadh,6,3,2016,1,0,None,33.5,0.0,29611
2016-03-14,Somnath,0,3,2016,0,0,None,40.6,1.0,25959
2016-03-14,Dwarka,0,3,2016,0,0,None,33.7,0.0,23505
2016-03-14,Ambaji,0,3,2016,0,0,None,34.3,0.0,36422
2016-03-14,Pavagadh,0,3,2016,0,0,None,36.4,1.0,20601
2016-03-15,Somnath,1,3,2016,0,0,None,33.0,1.0,23792
2016-03-15,Dwarka,1,3,2016,0,0,None,35.7,0.0,20025
2016-03-15,Ambaji,1,3,2016,0,0,None,37.5,0.0,34306
2016-03-15,Pavagadh,1,3,2016,0,0,None,35.9,0.0,21212
2016-03-16,Somnath,2,3,2016,0,0,None,33.7,0.0,24366
2016-03-16,Dwarka,2,3,2016,0,0,None,33.7,0.0,22911
2016-03-16,Ambaji,2,3,2016,0,0,None,34.1,0.0,32240
2016-03-16,Pavagadh,2,3,2016,0,0,None,38.9,0.0,21943
2016-03-17,Somnath,3,3,2016,0,0,None,40.6,0.0,25392
2016-03-17,Dwarka,3,3,2016,0,0,None,42.0,0.0,18620
2016-03-17,Ambaji,3,3,2016,0,0,None,41.3,0.0,34377
2016-03-17,Pavagadh,3,3,2016,0,0,None,41.8,1.0,17341
2016-03-18,Somnath,4,3,2016,0,0,None,40.1,0.0,25533
2016-03-18,Dwarka,4,3,2016,0,0,None,33.8,0.0,22968
2016-03-18,Ambaji,4,3,2016,0,0,None,32.9,0.0,32717
2016-03-18,Pavagadh,4,3,2016,0,0,None,35.7,0.0,19601
2016-03-19,Somnath,5,3,2016,1,0,None,38.0,0.0,38226
2016-03-19,Dwarka,5,3,2016,1,0,None,34.4,0.0,30125
2016-03-19,Ambaji,5,3,2016,1,0,None,42.7,0.0,42723
2016-03-19,Pavagadh,5,3,2016,1,0,None,35.3,0.0,29747
2016-03-20,Somnath,6,3,2016,1,0,None,32.7,0.0,36537
2016-03-20,Dwarka,6,3,2016,1,0,None,34.8,0.0,30340
2016-03-20,Ambaji,6,3,2016,1,0,None,41.1,0.0,44097
2016-03-20,Pavagadh,6,3,2016,1,0,None,38.3,0.0,30316
2016-03-21,Somnath,0,3,2016,0,0,None,37.0,0.0,24447
2016-03-21,Dwarka,0,3,2016,0,0,None,42.5,0.0,22181
2016-03-21,Ambaji,0,3,2016,0,0,None,35.9,0.0,36571
2016-03-21,Pavagadh,0,3,2016,0,0,None,35.4,0.0,19770
2016-03-22,Somnath,1,3,2016,0,0,None,37.3,0.0,24411
2016-03-22,Dwarka,1,3,2016,0,0,None,36.9,0.0,21416
2016-03-22,Ambaji,1,3,2016,0,0,None,37.8,0.0,34032
2016-03-22,Pavagadh,1,3,2016,0,0,None,37.8,0.0,19077
2016-03-23,Somnath,2,3,2016,0,0,None,35.1,1.0,26117
2016-03-23,Dwarka,2,3,2016,0,0,None,38.3,0.0,19928
2016-03-23,Ambaji,2,3,2016,0,0,None,38.8,0.0,35320
2016-03-23,Pavagadh,2,3,2016,0,0,None,36.0,0.0,18773
2016-03-24,Somnath,3,3,2016,0,0,None,42.5,0.0,20411
2016-03-24,Dwarka,3,3,2016,0,0,None,32.4,0.0,22167
2016-03-24,Ambaji,3,3,2016,0,0,None,37.6,0.0,36713
2016-03-24,Pavagadh,3,3,2016,0,0,None,33.9,0.0,19842
2016-03-25,Somnath,4,3,2016,0,0,None,35.1,0.0,25726
2016-03-25,Dwarka,4,3,2016,0,0,None,39.2,0.0,21637
2016-03-25,Ambaji,4,3,2016,0,0,None,32.8,0.0,38360
2016-03-25,Pavagadh,4,3,2016,0,0,None,38.6,0.0,18029
2016-03-26,Somnath,5,3,2016,1,0,None,37.7,0.0,38320
2016-03-26,Dwarka,5,3,2016,1,0,None,42.7,0.0,29921
2016-03-26,Ambaji,5,3,2016,1,0,None,32.7,0.0,46896
2016-03-26,Pavagadh,5,3,2016,1,0,None,37.0,0.0,25585
2016-03-27,Somnath,6,3,2016,1,0,None,37.5,0.0,34662
2016-03-27,Dwarka,6,3,2016,1,0,None,42.3,1.0,26425
2016-03-27,Ambaji,6,3,2016,1,0,None,41.1,1.0,47358
2016-03-27,Pavagadh,6,3,2016,1,0,None,32.3,0.0,28553
2016-03-28,Somnath,0,3,2016,0,0,None,38.1,0.0,23898
2016-03-28,Dwarka,0,3,2016,0,0,None,38.2,0.0,21620
2016-03-28,Ambaji,0,3,2016,0,0,None,40.3,0.0,38434
2016-03-28,Pavagadh,0,3,2016,0,0,None,35.1,0.0,19318
2016-03-29,Somnath,1,3,2016,0,0,None,36.8,0.0,25921
2016-03-29,Dwarka,1,3,2016,0,0,None,41.7,0.0,18805
2016-03-29,Ambaji,1,3,2016,0,0,None,41.8,0.0,30925
2016-03-29,Pavagadh,1,3,2016,0,0,None,42.3,0.0,18967
2016-03-30,Somnath,2,3,2016,0,0,None,36.4,0.0,24623
2016-03-30,Dwarka,2,3,2016,0,0,None,36.2,1.0,23152
2016-03-30,Ambaji,2,3,2016,0,0,None,37.6,5.0,34756
2016-03-30,Pavagadh,2,3,2016,0,0,None,32.6,0.0,19744
2016-03-31,Somnath,3,3,2016,0,0,None,33.7,1.0,26334
2016-03-31,Dwarka,3,3,2016,0,0,None,35.0,0.0,22974
2016-03-31,Ambaji,3,3,2016,0,0,None,42.4,0.0,33286
2016-03-31,Pavagadh,3,3,2016,0,0,None,38.2,0.0,18458
2016-04-01,Somnath,4,4,2016,0,0,None,33.4,0.0,23844
2016-04-01,Dwarka,4,4,2016,0,0,None,32.2,0.0,19942
2016-04-01,Ambaji,4,4,2016,0,0,None,38.5,0.0,38281
2016-04-01,Pavagadh,4,4,2016,0,0,None,37.3,0.0,20206
2016-04-02,Somnath,5,4,2016,1,0,None,41.3,5.0,33049
2016-04-02,Dwarka,5,4,2016,1,0,None,34.1,0.0,27596
2016-04-02,Ambaji,5,4,2016,1,0,None,35.8,0.0,54817
2016-04-02,Pavagadh,5,4,2016,1,0,None,34.9,0.0,26421
2016-04-03,Somnath,6,4,2016,1,0,None,32.8,1.0,37479
2016-04-03,Dwarka,6,4,2016,1,0,None,41.1,0.0,32851
2016-04-03,Ambaji,6,4,2016,1,0,None,37.7,0.0,45525
2016-04-03,Pavagadh,6,4,2016,1,0,None,38.5,0.0,25698
2016-04-04,Somnath,0,4,2016,0,0,None,34.1,0.0,27252
2016-04-04,Dwarka,0,4,2016,0,0,None,36.2,0.0,22944
2016-04-04,Ambaji,0,4,2016,0,0,None,38.6,0.0,34375
2016-04-04,Pavagadh,0,4,2016,0,0,None,34.4,1.0,18522
2016-04-05,Somnath,1,4,2016,0,0,None,36.1,0.0,23608
2016-04-05,Dwarka,1,4,2016,0,0,None,40.6,0.0,20152
2016-04-05,Ambaji,1,4,2016,0,0,None,37.2,0.0,32093
2016-04-05,Pavagadh,1,4,2016,0,0,None,40.9,0.0,21660
2016-04-06,Somnath,2,4,2016,0,0,None,41.4,0.0,22590
2016-04-06,Dwarka,2,4,2016,0,0,None,41.3,0.0,18759
2016-04-06,Ambaji,2,4,2016,0,0,None,41.3,0.0,30897
2016-04-06,Pavagadh,2,4,2016,0,0,None,34.5,0.0,21170
2016-04-07,Somnath,3,4,2016,0,0,None,34.1,0.0,27492
2016-04-07,Dwarka,3,4,2016,0,0,None,32.3,0.0,21407
2016-04-07,Ambaji,3,4,2016,0,0,None,41.3,0.0,35710
2016-04-07,Pavagadh,3,4,2016,0,0,None,32.1,0.0,19001
2016-04-08,Somnath,4,4,2016,0,0,None,39.4,0.0,24799
2016-04-08,Dwarka,4,4,2016,0,0,None,38.7,0.0,23341
2016-04-08,Ambaji,4,4,2016,0,0,None,42.6,0.0,28875
2016-04-08,Pavagadh,4,4,2016,0,0,None,38.2,0.0,18577
2016-04-09,Somnath,5,4,2016,1,0,None,36.9,0.0,35710
2016-04-09,Dwarka,5,4,2016,1,0,None,32.1,0.0,30888
2016-04-09,Ambaji,5,4,2016,1,0,None,32.6,0.0,49474
2016-04-09,Pavagadh,5,4,2016,1,0,None,35.6,0.0,26353
2016-04-10,Somnath,6,4,2016,1,0,None,35.9,0.0,34498
2016-04-10,Dwarka,6,4,2016,1,0,None,36.6,0.0,26212
2016-04-10,Ambaji,6,4,2016,1,0,None,41.7,0.0,45342
2016-04-10,Pavagadh,6,4,2016,1,0,None,36.1,0.0,32136
2016-04-11,Somnath,0,4,2016,0,0,None,40.1,0.0,25845
2016-04-11,Dwarka,0,4,2016,0,0,None,36.5,0.0,20016
2016-04-11,Ambaji,0,4,2016,0,0,None,34.1,0.0,34677
2016-04-11,Pavagadh,0,4,2016,0,0,None,35.3,0.0,21417
2016-04-12,Somnath,1,4,2016,0,0,None,40.2,0.0,23087
2016-04-12,Dwarka,1,4,2016,0,0,None,34.8,1.0,22358
2016-04-12,Ambaji,1,4,2016,0,0,None,37.9,0.0,34062
2016-04-12,Pavagadh,1,4,2016,0,0,None,40.9,0.0,18466
2016-04-13,Somnath,2,4,2016,0,0,None,33.4,0.0,27182
2016-04-13,Dwarka,2,4,2016,0,0,None,35.4,0.0,23162
2016-04-13,Ambaji,2,4,2016,0,0,None,34.7,0.0,32212
2016-04-13,Pavagadh,2,4,2016,0,0,None,40.0,0.0,19485
2016-04-14,Somnath,3,4,2016,0,0,None,37.5,0.0,23066
2016-04-14,Dwarka,3,4,2016,0,0,None,36.5,0.0,22179
2016-04-14,Ambaji,3,4,2016,0,0,None,41.0,0.0,37154
2016-04-14,Pavagadh,3,4,2016,0,0,None,39.6,0.0,20798
2016-04-15,Somnath,4,4,2016,0,0,None,36.5,0.0,25828
2016-04-15,Dwarka,4,4,2016,0,0,None,37.8,0.0,21287
2016-04-15,Ambaji,4,4,2016,0,0,None,42.0,0.0,29747
2016-04-15,Pavagadh,4,4,2016,0,0,None,40.3,0.0,19978
2016-04-16,Somnath,5,4,2016,1,0,None,41.8,0.0,35048
2016-04-16,Dwarka,5,4,2016,1,0,None,39.5,0.0,31106
2016-04-16,Ambaji,5,4,2016,1,0,None,35.5,0.0,46401
2016-04-16,Pavagadh,5,4,2016,1,0,None,34.8,0.0,25458
2016-04-17,Somnath,6,4,2016,1,0,None,38.3,0.0,35920
2016-04-17,Dwarka,6,4,2016,1,0,None,41.8,0.0,25855
2016-04-17,Ambaji,6,4,2016,1,0,None,33.4,0.0,48558
2016-04-17,Pavagadh,6,4,2016,1,0,None,32.7,0.0,30222
2016-04-18,Somnath,0,4,2016,0,0,None,34.8,0.0,25137
2016-04-18,Dwarka,0,4,2016,0,0,None,39.2,0.0,23603
2016-04-18,Ambaji,0,4,2016,0,0,None,35.4,0.0,31612
2016-04-18,Pavagadh,0,4,2016,0,0,None,36.1,0.0,20173
2016-04-19,Somnath,1,4,2016,0,0,None,32.8,0.0,23588
2016-04-19,Dwarka,1,4,2016,0,0,None,39.4,0.0,22272
2016-04-19,Ambaji,1,4,2016,0,0,None,40.1,0.0,33988
2016-04-19,Pavagadh,1,4,2016,0,0,None,40.9,0.0,20284
2016-04-20,Somnath,2,4,2016,0,0,None,40.2,0.0,24013
2016-04-20,Dwarka,2,4,2016,0,0,None,37.1,0.0,23891
2016-04-20,Ambaji,2,4,2016,0,0,None,38.0,0.0,37822
2016-04-20,Pavagadh,2,4,2016,0,0,None,33.1,0.0,20835
2016-04-21,Somnath,3,4,2016,0,0,None,41.1,0.0,20457
2016-04-21,Dwarka,3,4,2016,0,0,None,36.8,0.0,21081
2016-04-21,Ambaji,3,4,2016,0,0,None,40.5,0.0,37293
2016-04-21,Pavagadh,3,4,2016,0,0,None,36.7,0.0,18358
2016-04-22,Somnath,4,4,2016,0,0,None,35.7,0.0,27307
2016-04-22,Dwarka,4,4,2016,0,0,None,40.9,0.0,20783
2016-04-22,Ambaji,4,4,2016,0,0,None,42.3,0.0,30696
2016-04-22,Pavagadh,4,4,2016,0,0,None,42.4,0.0,19008
2016-04-23,Somnath,5,4,2016,1,0,None,33.9,0.0,37909
2016-04-23,Dwarka,5,4,2016,1,0,None,37.2,5.0,28897
2016-04-23,Ambaji,5,4,2016,1,0,None,42.9,0.0,41351
2016-04-23,Pavagadh,5,4,2016,1,0,None,33.0,0.0,29671
2016-04-24,Somnath,6,4,2016,1,0,None,38.3,5.0,32444
2016-04-24,Dwarka,6,4,2016,1,0,None,33.8,0.0,31603
2016-04-24,Ambaji,6,4,2016,1,0,None,42.0,1.0,42691
2016-04-24,Pavagadh,6,4,2016,1,0,None,33.2,0.0,26630
2016-04-25,Somnath,0,4,2016,0,0,None,36.7,0.0,26183
2016-04-25,Dwarka,0,4,2016,0,0,None,37.0,5.0,20040
2016-04-25,Ambaji,0,4,2016,0,0,None,35.9,0.0,35021
2016-04-25,Pavagadh,0,4,2016,0,0,None,35.5,0.0,21498
2016-04-26,Somnath,1,4,2016,0,0,None,42.3,0.0,23612
2016-04-26,Dwarka,1,4,2016,0,0,None,41.1,0.0,18859
2016-04-26,Ambaji,1,4,2016,0,0,None,37.1,0.0,38231
2016-04-26,Pavagadh,1,4,2016,0,0,None,35.4,0.0,20107
2016-04-27,Somnath,2,4,2016,0,0,None,32.6,0.0,23596
2016-04-27,Dwarka,2,4,2016,0,0,None,37.1,0.0,23318
2016-04-27,Ambaji,2,4,2016,0,0,None,40.1,0.0,33835
2016-04-27,Pavagadh,2,4,2016,0,0,None,35.5,0.0,18208
2016-04-28,Somnath,3,4,2016,0,0,None,32.1,0.0,24885
2016-04-28,Dwarka,3,4,2016,0,0,None,33.4,0.0,23903
2016-04-28,Ambaji,3,4,2016,0,0,None,41.5,0.0,31565
2016-04-28,Pavagadh,3,4,2016,0,0,None,42.7,1.0,18515
2016-04-29,Somnath,4,4,2016,0,0,None,34.2,0.0,25880
2016-04-29,Dwarka,4,4,2016,0,0,None,36.5,1.0,20191
2016-04-29,Ambaji,4,4,2016,0,0,None,37.6,1.0,37828
2016-04-29,Pavagadh,4,4,2016,0,0,None,33.7,0.0,20476
2016-04-30,Somnath,5,4,2016,1,0,None,33.8,1.0,34604
2016-04-30,Dwarka,5,4,2016,1,0,None,33.3,0.0,30603
2016-04-30,Ambaji,5,4,2016,1,0,None,36.6,0.0,45436
2016-04-30,Pavagadh,5,4,2016,1,0,None,34.5,1.0,31300
2016-05-01,Somnath,6,5,2016,1,0,None,32.2,0.0,34037
2016-05-01,Dwarka,6,5,2016,1,0,None,42.0,0.0,29698
2016-05-01,Ambaji,6,5,2016,1,0,None,32.9,0.0,46602
2016-05-01,Pavagadh,6,5,2016,1,0,None,34.0,0.0,29850
2016-05-02,Somnath,0,5,2016,0,0,None,32.9,0.0,24201
2016-05-02,Dwarka,0,5,2016,0,0,None,41.4,0.0,17942
2016-05-02,Ambaji,0,5,2016,0,0,None,40.5,0.0,36870
2016-05-02,Pavagadh,0,5,2016,0,0,None,34.3,0.0,19861
2016-05-03,Somnath,1,5,2016,0,0,None,42.4,1.0,21149
2016-05-03,Dwarka,1,5,2016,0,0,None,33.6,0.0,21826
2016-05-03,Ambaji,1,5,2016,0,0,None,41.9,1.0,31041
2016-05-03,Pavagadh,1,5,2016,0,0,None,41.9,0.0,16395
2016-05-04,Somnath,2,5,2016,0,0,None,36.6,0.0,23497
2016-05-04,Dwarka,2,5,2016,0,0,None,32.4,0.0,20955
2016-05-04,Ambaji,2,5,2016,0,0,None,32.6,0.0,37113
2016-05-04,Pavagadh,2,5,2016,0,0,None,41.4,0.0,19536
2016-05-05,Somnath,3,5,2016,0,0,None,34.2,0.0,23959
2016-05-05,Dwarka,3,5,2016,0,0,None,33.9,0.0,23807
2016-05-05,Ambaji,3,5,2016,0,0,None,38.8,0.0,38040
2016-05-05,Pavagadh,3,5,2016,0,0,None,32.5,0.0,20263
2016-05-06,Somnath,4,5,2016,0,0,None,38.8,0.0,24515
2016-05-06,Dwarka,4,5,2016,0,0,None,39.1,0.0,22607
2016-05-06,Ambaji,4,5,2016,0,0,None,35.5,0.0,34489
2016-05-06,Pavagadh,4,5,2016,0,0,None,33.4,1.0,19900
2016-05-07,Somnath,5,5,2016,1,0,None,35.5,0.0,33660
2016-05-07,Dwarka,5,5,2016,1,0,None,40.9,0.0,28701
2016-05-07,Ambaji,5,5,2016,1,0,None,38.2,0.0,43934
2016-05-07,Pavagadh,5,5,2016,1,0,None,41.7,0.0,25756
2016-05-08,Somnath,6,5,2016,1,0,None,32.1,0.0,34578
2016-05-08,Dwarka,6,5,2016,1,0,None,39.5,0.0,33011
2016-05-08,Ambaji,6,5,2016,1,0,None,36.4,1.0,47976
2016-05-08,Pavagadh,6,5,2016,1,0,None,33.4,0.0,28329
2016-05-09,Somnath,0,5,2016,0,0,None,37.2,0.0,25508
2016-05-09,Dwarka,0,5,2016,0,0,None,32.7,0.0,22205
2016-05-09,Ambaji,0,5,2016,0,0,None,36.8,0.0,37295
2016-05-09,Pavagadh,0,5,2016,0,0,None,40.5,0.0,18776
2016-05-10,Somnath,1,5,2016,0,0,None,37.9,1.0,26674
2016-05-10,Dwarka,1,5,2016,0,0,None,41.3,0.0,19529
2016-05-10,Ambaji,1,5,2016,0,0,None,33.7,0.0,38128
2016-05-10,Pavagadh,1,5,2016,0,0,None,34.6,0.0,18333
2016-05-11,Somnath,2,5,2016,0,0,None,42.2,0.0,24804
2016-05-11,Dwarka,2,5,2016,0,0,None,35.8,0.0,19970
2016-05-11,Ambaji,2,5,2016,0,0,None,34.1,0.0,36867
2016-05-11,Pavagadh,2,5,2016,0,0,None,35.9,0.0,20134
2016-05-12,Somnath,3,5,2016,0,0,None,32.0,0.0,23541
2016-05-12,Dwarka,3,5,2016,0,0,None,34.8,0.0,21030
2016-05-12,Ambaji,3,5,2016,0,0,None,34.1,0.0,37559
2016-05-12,Pavagadh,3,5,2016,0,0,None,34.7,0.0,19425
2016-05-13,Somnath,4,5,2016,0,0,None,40.2,0.0,26583
2016-05-13,Dwarka,4,5,2016,0,0,None,42.6,0.0,20001
2016-05-13,Ambaji,4,5,2016,0,0,None,32.4,5.0,34184
2016-05-13,Pavagadh,4,5,2016,0,0,None,33.7,0.0,19137
2016-05-14,Somnath,5,5,2016,1,0,None,38.4,0.0,37063
2016-05-14,Dwarka,5,5,2016,1,0,None,34.9,0.0,31979
2016-05-14,Ambaji,5,5,2016,1,0,None,40.6,0.0,46526
2016-05-14,Pavagadh,5,5,2016,1,0,None,42.3,0.0,23186
2016-05-15,Somnath,6,5,2016,1,0,None,37.4,0.0,38157
2016-05-15,Dwarka,6,5,2016,1,0,None,37.3,0.0,30889
2016-05-15,Ambaji,6,5,2016,1,0,None,34.7,0.0,56475
2016-05-15,Pavagadh,6,5,2016,1,0,None,37.7,0.0,26965
2016-05-16,Somnath,0,5,2016,0,0,None,38.6,0.0,24987
2016-05-16,Dwarka,0,5,2016,0,0,None,33.7,0.0,21406
2016-05-16,Ambaji,0,5,2016,0,0,None,36.8,0.0,32020
2016-05-16,Pavagadh,0,5,2016,0,0,None,37.5,0.0,20295
2016-05-17,Somnath,1,5,2016,0,0,None,39.0,0.0,26191
2016-05-17,Dwarka,1,5,2016,0,0,None,35.7,0.0,21704
2016-05-17,Ambaji,1,5,2016,0,0,None,37.3,0.0,31628
2016-05-17,Pavagadh,1,5,2016,0,0,None,39.2,0.0,19239
2016-05-18,Somnath,2,5,2016,0,0,None,32.9,0.0,27116
2016-05-18,Dwarka,2,5,2016,0,0,None,39.6,0.0,21369
2016-05-18,Ambaji,2,5,2016,0,0,None,38.5,0.0,31805
2016-05-18,Pavagadh,2,5,2016,0,0,None,34.6,0.0,18036
2016-05-19,Somnath,3,5,2016,0,0,None,34.2,1.0,25567
2016-05-19,Dwarka,3,5,2016,0,0,None,34.9,0.0,19924
2016-05-19,Ambaji,3,5,2016,0,0,None,34.7,0.0,34411
2016-05-19,Pavagadh,3,5,2016,0,0,None,39.9,1.0,19632
2016-05-20,Somnath,4,5,2016,0,0,None,34.1,0.0,27040
2016-05-20,Dwarka,4,5,2016,0,0,None,40.8,0.0,22847
2016-05-20,Ambaji,4,5,2016,0,0,None,38.3,1.0,32357
2016-05-20,Pavagadh,4,5,2016,0,0,None,37.9,0.0,19640
2016-05-21,Somnath,5,5,2016,1,0,None,37.3,0.0,32701
2016-05-21,Dwarka,5,5,2016,1,0,None,42.4,0.0,26191
2016-05-21,Ambaji,5,5,2016,1,0,None,37.4,0.0,52870
2016-05-21,Pavagadh,5,5,2016,1,0,None,39.4,0.0,27594
2016-05-22,Somnath,6,5,2016,1,0,None,40.5,0.0,38803
2016-05-22,Dwarka,6,5,2016,1,0,None,40.3,0.0,31269
2016-05-22,Ambaji,6,5,2016,1,0,None,40.5,0.0,56313
2016-05-22,Pavagadh,6,5,2016,1,0,None,35.0,0.0,27858
2016-05-23,Somnath,0,5,2016,0,0,None,35.5,0.0,26149
2016-05-23,Dwarka,0,5,2016,0,0,None,36.5,0.0,22876
2016-05-23,Ambaji,0,5,2016,0,0,None,39.8,0.0,37518
2016-05-23,Pavagadh,0,5,2016,0,0,None,37.0,0.0,18967
2016-05-24,Somnath,1,5,2016,0,0,None,37.3,0.0,24391
2016-05-24,Dwarka,1,5,2016,0,0,None,40.2,0.0,21894
2016-05-24,Ambaji,1,5,2016,0,0,None,42.9,0.0,30495
2016-05-24,Pavagadh,1,5,2016,0,0,None,34.6,0.0,21120
2016-05-25,Somnath,2,5,2016,0,0,None,40.5,0.0,27111
2016-05-25,Dwarka,2,5,2016,0,0,None,38.5,0.0,22008
2016-05-25,Ambaji,2,5,2016,0,0,None,38.7,0.0,34904
2016-05-25,Pavagadh,2,5,2016,0,0,None,37.6,0.0,21250
2016-05-26,Somnath,3,5,2016,0,0,None,38.0,0.0,26330
2016-05-26,Dwarka,3,5,2016,0,0,None,42.3,1.0,18089
2016-05-26,Ambaji,3,5,2016,0,0,None,37.7,0.0,38037
2016-05-26,Pavagadh,3,5,2016,0,0,None,34.0,0.0,19626
2016-05-27,Somnath,4,5,2016,0,0,None,36.2,0.0,24781
2016-05-27,Dwarka,4,5,2016,0,0,None,33.9,0.0,22040
2016-05-27,Ambaji,4,5,2016,0,0,None,33.6,0.0,35460
2016-05-27,Pavagadh,4,5,2016,0,0,None,39.9,1.0,21649
2016-05-28,Somnath,5,5,2016,1,0,None,42.4,0.0,31492
2016-05-28,Dwarka,5,5,2016,1,0,None,42.7,0.0,27055
2016-05-28,Ambaji,5,5,2016,1,0,None,32.1,0.0,46224
2016-05-28,Pavagadh,5,5,2016,1,0,None,35.7,0.0,30551
2016-05-29,Somnath,6,5,2016,1,0,None,39.3,0.0,39565
2016-05-29,Dwarka,6,5,2016,1,0,None,33.3,0.0,27147
2016-05-29,Ambaji,6,5,2016,1,0,None,39.4,0.0,49554
2016-05-29,Pavagadh,6,5,2016,1,0,None,41.4,1.0,24535
2016-05-30,Somnath,0,5,2016,0,0,None,38.1,0.0,22719
2016-05-30,Dwarka,0,5,2016,0,0,None,39.9,0.0,20927
2016-05-30,Ambaji,0,5,2016,0,0,None,34.1,0.0,31502
2016-05-30,Pavagadh,0,5,2016,0,0,None,40.9,0.0,18765
2016-05-31,Somnath,1,5,2016,0,0,None,36.2,0.0,24274
2016-05-31,Dwarka,1,5,2016,0,0,None,35.5,1.0,22622
2016-05-31,Ambaji,1,5,2016,0,0,None,32.3,0.0,37625
2016-05-31,Pavagadh,1,5,2016,0,0,None,35.3,0.0,21033
2016-06-01,Somnath,2,6,2016,0,0,None,38.7,0.0,22767
2016-06-01,Dwarka,2,6,2016,0,0,None,33.5,0.0,20714
2016-06-01,Ambaji,2,6,2016,0,0,None,37.5,0.0,33484
2016-06-01,Pavagadh,2,6,2016,0,0,None,42.4,0.0,16887
2016-06-02,Somnath,3,6,2016,0,0,None,33.2,0.0,23303
2016-06-02,Dwarka,3,6,2016,0,0,None,42.8,0.0,19235
2016-06-02,Ambaji,3,6,2016,0,0,None,39.0,0.0,34512
2016-06-02,Pavagadh,3,6,2016,0,0,None,35.0,0.0,18162
2016-06-03,Somnath,4,6,2016,0,0,None,42.1,0.0,23266
2016-06-03,Dwarka,4,6,2016,0,0,None,32.3,1.0,22117
2016-06-03,Ambaji,4,6,2016,0,0,None,35.3,0.0,31964
2016-06-03,Pavagadh,4,6,2016,0,0,None,42.9,0.0,18100
2016-06-04,Somnath,5,6,2016,1,0,None,42.4,0.0,32863
2016-06-04,Dwarka,5,6,2016,1,0,None,32.7,0.0,30951
2016-06-04,Ambaji,5,6,2016,1,0,None,34.1,0.0,50406
2016-06-04,Pavagadh,5,6,2016,1,0,None,42.4,0.0,21783
2016-06-05,Somnath,6,6,2016,1,0,None,35.0,0.0,38291
2016-06-05,Dwarka,6,6,2016,1,0,None,36.4,0.0,30830
2016-06-05,Ambaji,6,6,2016,1,0,None,34.9,0.0,50812
2016-06-05,Pavagadh,6,6,2016,1,0,None,42.3,0.0,23751
2016-06-06,Somnath,0,6,2016,0,0,None,33.9,0.0,27424
2016-06-06,Dwarka,0,6,2016,0,0,None,42.4,0.0,21469
2016-06-06,Ambaji,0,6,2016,0,0,None,37.0,0.0,37447
2016-06-06,Pavagadh,0,6,2016,0,0,None,37.3,0.0,19972
2016-06-07,Somnath,1,6,2016,0,0,None,38.4,0.0,27004
2016-06-07,Dwarka,1,6,2016,0,0,None,39.4,0.0,20237
2016-06-07,Ambaji,1,6,2016,0,0,None,38.6,0.0,32050
2016-06-07,Pavagadh,1,6,2016,0,0,None,37.8,0.0,20355
2016-06-08,Somnath,2,6,2016,0,0,None,33.0,0.0,23373
2016-06-08,Dwarka,2,6,2016,0,0,None,42.9,0.0,19506
2016-06-08,Ambaji,2,6,2016,0,0,None,33.0,1.0,33503
2016-06-08,Pavagadh,2,6,2016,0,0,None,36.7,0.0,18098
2016-06-09,Somnath,3,6,2016,0,0,None,40.9,0.0,23891
2016-06-09,Dwarka,3,6,2016,0,0,None,32.7,0.0,23738
2016-06-09,Ambaji,3,6,2016,0,0,None,39.5,0.0,31959
2016-06-09,Pavagadh,3,6,2016,0,0,None,39.6,0.0,19618
2016-06-10,Somnath,4,6,2016,0,0,None,36.0,0.0,25848
2016-06-10,Dwarka,4,6,2016,0,0,None,42.7,0.0,19710
2016-06-10,Ambaji,4,6,2016,0,0,None,36.9,0.0,37275
2016-06-10,Pavagadh,4,6,2016,0,0,None,37.3,0.0,19219
2016-06-11,Somnath,5,6,2016,1,0,None,34.0,0.0,33879
2016-06-11,Dwarka,5,6,2016,1,0,None,39.6,0.0,30241
2016-06-11,Ambaji,5,6,2016,1,0,None,36.0,0.0,49228
2016-06-11,Pavagadh,5,6,2016,1,0,None,39.3,0.0,26133
2016-06-12,Somnath,6,6,2016,1,0,None,34.3,0.0,34843
2016-06-12,Dwarka,6,6,2016,1,0,None,34.5,0.0,29972
2016-06-12,Ambaji,6,6,2016,1,0,None,32.8,0.0,48409
2016-06-12,Pavagadh,6,6,2016,1,0,None,39.8,0.0,27839
2016-06-13,Somnath,0,6,2016,0,0,None,33.3,0.0,24685
2016-06-13,Dwarka,0,6,2016,0,0,None,34.9,0.0,23633
2016-06-13,Ambaji,0,6,2016,0,0,None,43.0,0.0,29453
2016-06-13,Pavagadh,0,6,2016,0,0,None,34.8,0.0,19469
2016-06-14,Somnath,1,6,2016,0,0,None,42.1,0.0,21666
2016-06-14,Dwarka,1,6,2016,0,0,None,41.2,0.0,19386
2016-06-14,Ambaji,1,6,2016,0,0,None,41.0,0.0,37595
2016-06-14,Pavagadh,1,6,2016,0,0,None,37.6,0.0,19988
2016-06-15,Somnath,2,6,2016,0,0,None,39.3,0.0,26857
2016-06-15,Dwarka,2,6,2016,0,0,None,36.9,0.0,20408
2016-06-15,Ambaji,2,6,2016,0,0,None,36.8,0.0,34325
2016-06-15,Pavagadh,2,6,2016,0,0,None,39.5,0.0,21845
2016-06-16,Somnath,3,6,2016,0,0,None,38.6,0.0,23046
2016-06-16,Dwarka,3,6,2016,0,0,None,36.4,0.0,22305
2016-06-16,Ambaji,3,6,2016,0,0,None,41.5,0.0,32106
2016-06-16,Pavagadh,3,6,2016,0,0,None,34.3,0.0,20171
2016-06-17,Somnath,4,6,2016,0,0,None,41.2,0.0,21819
2016-06-17,Dwarka,4,6,2016,0,0,None,42.4,0.0,19833
2016-06-17,Ambaji,4,6,2016,0,0,None,42.2,0.0,30060
2016-06-17,Pavagadh,4,6,2016,0,0,None,33.2,0.0,21282
2016-06-18,Somnath,5,6,2016,1,0,None,35.1,0.0,33202
2016-06-18,Dwarka,5,6,2016,1,0,None,36.1,0.0,32485
2016-06-18,Ambaji,5,6,2016,1,0,None,35.9,0.0,50069
2016-06-18,Pavagadh,5,6,2016,1,0,None,39.0,0.0,24333
2016-06-19,Somnath,6,6,2016,1,0,None,34.5,0.0,38179
2016-06-19,Dwarka,6,6,2016,1,0,None,40.7,0.0,29734
2016-06-19,Ambaji,6,6,2016,1,0,None,34.1,0.0,54493
2016-06-19,Pavagadh,6,6,2016,1,0,None,33.8,0.0,27677
2016-06-20,Somnath,0,6,2016,0,0,None,41.1,0.0,23184
2016-06-20,Dwarka,0,6,2016,0,0,None,39.3,0.0,22574
2016-06-20,Ambaji,0,6,2016,0,0,None,36.9,0.0,35055
2016-06-20,Pavagadh,0,6,2016,0,0,None,37.8,0.0,20942
2016-06-21,Somnath,1,6,2016,0,0,None,39.3,0.0,26103
2016-06-21,Dwarka,1,6,2016,0,0,None,37.5,0.0,23847
2016-06-21,Ambaji,1,6,2016,0,0,None,32.6,0.0,31763
2016-06-21,Pavagadh,1,6,2016,0,0,None,36.0,0.0,18592
2016-06-22,Somnath,2,6,2016,0,0,None,40.2,0.0,23342
2016-06-22,Dwarka,2,6,2016,0,0,None,38.4,0.0,23833
2016-06-22,Ambaji,2,6,2016,0,0,None,39.8,0.0,34260
2016-06-22,Pavagadh,2,6,2016,0,0,None,32.0,0.0,20138
2016-06-23,Somnath,3,6,2016,0,0,None,39.4,0.0,26153
2016-06-23,Dwarka,3,6,2016,0,0,None,37.7,0.0,20644
2016-06-23,Ambaji,3,6,2016,0,0,None,41.2,0.0,30366
2016-06-23,Pavagadh,3,6,2016,0,0,None,42.9,0.0,18717
2016-06-24,Somnath,4,6,2016,0,0,None,35.1,0.0,23383
2016-06-24,Dwarka,4,6,2016,0,0,None,38.4,1.0,21208
2016-06-24,Ambaji,4,6,2016,0,0,None,39.4,0.0,35873
2016-06-24,Pavagadh,4,6,2016,0,0,None,35.7,0.0,19252
2016-06-25,Somnath,5,6,2016,1,0,None,34.0,1.0,32729
2016-06-25,Dwarka,5,6,2016,1,0,None,36.9,0.0,34879
2016-06-25,Ambaji,5,6,2016,1,0,None,36.8,0.0,46070
2016-06-25,Pavagadh,5,6,2016,1,0,None,39.6,0.0,30831
2016-06-26,Somnath,6,6,2016,1,0,None,36.8,1.0,36170
2016-06-26,Dwarka,6,6,2016,1,0,None,38.6,0.0,34029
2016-06-26,Ambaji,6,6,2016,1,0,None,32.5,0.0,45438
2016-06-26,Pavagadh,6,6,2016,1,0,None,32.3,0.0,26993
2016-06-27,Somnath,0,6,2016,0,0,None,34.9,0.0,25945
2016-06-27,Dwarka,0,6,2016,0,0,None,37.7,0.0,21206
2016-06-27,Ambaji,0,6,2016,0,0,None,38.5,0.0,32532
2016-06-27,Pavagadh,0,6,2016,0,0,None,32.8,0.0,21009
2016-06-28,Somnath,1,6,2016,0,0,None,40.3,0.0,25846
2016-06-28,Dwarka,1,6,2016,0,0,None,37.2,0.0,19968
2016-06-28,Ambaji,1,6,2016,0,0,None,38.8,0.0,35002
2016-06-28,Pavagadh,1,6,2016,0,0,None,35.9,0.0,20571
2016-06-29,Somnath,2,6,2016,0,0,None,39.6,0.0,24211
2016-06-29,Dwarka,2,6,2016,0,0,None,40.5,0.0,23684
2016-06-29,Ambaji,2,6,2016,0,0,None,37.8,0.0,35545
2016-06-29,Pavagadh,2,6,2016,0,0,None,40.2,1.0,18294
2016-06-30,Somnath,3,6,2016,0,0,None,32.6,1.0,25149
2016-06-30,Dwarka,3,6,2016,0,0,None,38.8,0.0,20212
2016-06-30,Ambaji,3,6,2016,0,0,None,40.4,0.0,33681
2016-06-30,Pavagadh,3,6,2016,0,0,None,35.4,0.0,18289
2016-07-01,Somnath,4,7,2016,0,0,None,31.3,13.5,27179
2016-07-01,Dwarka,4,7,2016,0,0,None,30.1,17.5,21313
2016-07-01,Ambaji,4,7,2016,0,0,None,27.7,0.0,36755
2016-07-01,Pavagadh,4,7,2016,0,0,None,29.9,0.8,18124
2016-07-02,Somnath,5,7,2016,1,0,None,29.3,0.0,37585
2016-07-02,Dwarka,5,7,2016,1,0,None,26.2,4.1,27953
2016-07-02,Ambaji,5,7,2016,1,0,None,31.7,38.3,31747
2016-07-02,Pavagadh,5,7,2016,1,0,None,31.6,20.7,14180
2016-07-03,Somnath,6,7,2016,1,0,None,28.5,0.0,35405
2016-07-03,Dwarka,6,7,2016,1,0,None,26.8,24.9,25531
2016-07-03,Ambaji,6,7,2016,1,0,None,27.3,0.0,47006
2016-07-03,Pavagadh,6,7,2016,1,0,None,27.0,0.0,27005
2016-07-04,Somnath,0,7,2016,0,0,None,29.6,20.3,20140
2016-07-04,Dwarka,0,7,2016,0,0,None,26.9,0.0,20364
2016-07-04,Ambaji,0,7,2016,0,0,None,28.6,20.7,20316
2016-07-04,Pavagadh,0,7,2016,0,0,None,31.4,14.3,18350
2016-07-05,Somnath,1,7,2016,0,0,None,28.3,0.0,25797
2016-07-05,Dwarka,1,7,2016,0,0,None,29.7,7.1,20252
2016-07-05,Ambaji,1,7,2016,0,0,None,30.3,18.5,33242
2016-07-05,Pavagadh,1,7,2016,0,0,None,27.9,0.4,19364
2016-07-06,Somnath,2,7,2016,0,0,None,30.8,0.0,25091
2016-07-06,Dwarka,2,7,2016,0,0,None,28.7,31.7,17998
2016-07-06,Ambaji,2,7,2016,0,0,None,28.9,38.7,17915
2016-07-06,Pavagadh,2,7,2016,0,0,None,29.3,8.4,20609
2016-07-07,Somnath,3,7,2016,0,0,None,30.4,41.4,18140
2016-07-07,Dwarka,3,7,2016,0,0,None,27.6,2.0,24139
2016-07-07,Ambaji,3,7,2016,0,0,None,27.9,1.7,36536
2016-07-07,Pavagadh,3,7,2016,0,0,None,31.1,0.3,18892
2016-07-08,Somnath,4,7,2016,0,0,None,26.3,8.5,23649
2016-07-08,Dwarka,4,7,2016,0,0,None,29.1,42.3,18740
2016-07-08,Ambaji,4,7,2016,0,0,None,28.1,8.0,36593
2016-07-08,Pavagadh,4,7,2016,0,0,None,28.7,0.0,21776
2016-07-09,Somnath,5,7,2016,1,0,None,28.0,1.5,32922
2016-07-09,Dwarka,5,7,2016,1,0,None,27.2,0.0,29036
2016-07-09,Ambaji,5,7,2016,1,0,None,29.6,0.0,51738
2016-07-09,Pavagadh,5,7,2016,1,0,None,29.4,1.0,29645
2016-07-10,Somnath,6,7,2016,1,0,None,29.7,0.0,32301
2016-07-10,Dwarka,6,7,2016,1,0,None,26.1,18.0,30766
2016-07-10,Ambaji,6,7,2016,1,0,None,29.0,7.9,43692
2016-07-10,Pavagadh,6,7,2016,1,0,None,27.2,3.3,26699
2016-07-11,Somnath,0,7,2016,0,0,None,27.9,0.0,23468
2016-07-11,Dwarka,0,7,2016,0,0,None,28.1,0.1,23492
2016-07-11,Ambaji,0,7,2016,0,0,None,26.2,0.0,37744
2016-07-11,Pavagadh,0,7,2016,0,0,None,29.2,15.9,19548
2016-07-12,Somnath,1,7,2016,0,0,None,29.9,0.8,24786
2016-07-12,Dwarka,1,7,2016,0,0,None,29.3,0.0,20260
2016-07-12,Ambaji,1,7,2016,0,0,None,30.9,7.5,33716
2016-07-12,Pavagadh,1,7,2016,0,0,None,28.4,10.5,21206
2016-07-13,Somnath,2,7,2016,0,0,None,28.6,28.3,20475
2016-07-13,Dwarka,2,7,2016,0,0,None,27.5,0.0,22338
2016-07-13,Ambaji,2,7,2016,0,0,None,27.3,24.4,19476
2016-07-13,Pavagadh,2,7,2016,0,0,None,26.8,0.0,19579
2016-07-14,Somnath,3,7,2016,0,0,None,29.0,0.0,24564
2016-07-14,Dwarka,3,7,2016,0,0,None,29.2,0.0,20877
2016-07-14,Ambaji,3,7,2016,0,0,None,30.1,1.8,34376
2016-07-14,Pavagadh,3,7,2016,0,0,None,29.9,0.0,18713
2016-07-15,Somnath,4,7,2016,0,0,None,26.5,0.0,23803
2016-07-15,Dwarka,4,7,2016,0,0,None,31.1,0.0,23199
2016-07-15,Ambaji,4,7,2016,0,0,None,27.0,0.0,36884
2016-07-15,Pavagadh,4,7,2016,0,0,None,29.6,4.6,18487
2016-07-16,Somnath,5,7,2016,1,0,None,29.1,6.7,33924
2016-07-16,Dwarka,5,7,2016,1,0,None,29.8,0.0,28625
2016-07-16,Ambaji,5,7,2016,1,0,None,26.8,0.0,54973
2016-07-16,Pavagadh,5,7,2016,1,0,None,27.7,0.0,26793
2016-07-17,Somnath,6,7,2016,1,0,None,26.3,0.0,36339
2016-07-17,Dwarka,6,7,2016,1,0,None,31.0,0.6,31265
2016-07-17,Ambaji,6,7,2016,1,0,None,26.8,13.7,43658
2016-07-17,Pavagadh,6,7,2016,1,0,None,26.2,33.8,16619
2016-07-18,Somnath,0,7,2016,0,0,None,31.4,2.5,27108
2016-07-18,Dwarka,0,7,2016,0,0,None,30.5,0.0,22920
2016-07-18,Ambaji,0,7,2016,0,0,None,27.2,17.5,33038
2016-07-18,Pavagadh,0,7,2016,0,0,None,28.6,0.0,21135
2016-07-19,Somnath,1,7,2016,0,0,None,28.7,0.0,26693
2016-07-19,Dwarka,1,7,2016,0,0,None,29.9,4.8,21185
2016-07-19,Ambaji,1,7,2016,0,0,None,26.7,3.5,34687
2016-07-19,Pavagadh,1,7,2016,0,0,None,31.5,19.1,20749
2016-07-20,Somnath,2,7,2016,0,0,None,26.6,0.0,25342
2016-07-20,Dwarka,2,7,2016,0,0,None,28.2,0.0,20932
2016-07-20,Ambaji,2,7,2016,0,0,None,30.2,27.4,20395
2016-07-20,Pavagadh,2,7,2016,0,0,None,27.3,0.0,21088
2016-07-21,Somnath,3,7,2016,0,0,None,28.8,0.0,24781
2016-07-21,Dwarka,3,7,2016,0,0,None,31.4,27.7,17936
2016-07-21,Ambaji,3,7,2016,0,0,None,27.4,26.2,18786
2016-07-21,Pavagadh,3,7,2016,0,0,None,30.8,15.4,18982
2016-07-22,Somnath,4,7,2016,0,0,None,26.7,0.0,22994
2016-07-22,Dwarka,4,7,2016,0,0,None,27.6,0.0,21324
2016-07-22,Ambaji,4,7,2016,0,0,None,31.8,0.0,33377
2016-07-22,Pavagadh,4,7,2016,0,0,None,26.2,0.0,19803
2016-07-23,Somnath,5,7,2016,1,0,None,26.6,0.0,35073
2016-07-23,Dwarka,5,7,2016,1,0,None,26.8,2.9,34093
2016-07-23,Ambaji,5,7,2016,1,0,None,30.8,6.1,46958
2016-07-23,Pavagadh,5,7,2016,1,0,None,29.3,0.0,29453
2016-07-24,Somnath,6,7,2016,1,0,None,27.0,0.0,32451
2016-07-24,Dwarka,6,7,2016,1,0,None,28.0,12.7,29996
2016-07-24,Ambaji,6,7,2016,1,0,None,30.4,0.0,48765
2016-07-24,Pavagadh,6,7,2016,1,0,None,29.7,6.9,26903
2016-07-25,Somnath,0,7,2016,0,0,None,26.9,1.7,25915
2016-07-25,Dwarka,0,7,2016,0,0,None,30.0,0.0,23010
2016-07-25,Ambaji,0,7,2016,0,0,None,26.3,0.0,37538
2016-07-25,Pavagadh,0,7,2016,0,0,None,28.7,56.0,12537
2016-07-26,Somnath,1,7,2016,0,0,None,26.5,8.7,25423
2016-07-26,Dwarka,1,7,2016,0,0,None,30.9,0.0,21510
2016-07-26,Ambaji,1,7,2016,0,0,None,26.3,0.0,35730
2016-07-26,Pavagadh,1,7,2016,0,0,None,27.2,20.3,12310
2016-07-27,Somnath,2,7,2016,0,0,None,27.8,0.0,25816
2016-07-27,Dwarka,2,7,2016,0,0,None,28.4,19.7,20865
2016-07-27,Ambaji,2,7,2016,0,0,None,27.0,5.1,35902
2016-07-27,Pavagadh,2,7,2016,0,0,None,26.7,0.0,19133
2016-07-28,Somnath,3,7,2016,0,0,None,26.0,40.7,19803
2016-07-28,Dwarka,3,7,2016,0,0,None,30.7,0.0,24071
2016-07-28,Ambaji,3,7,2016,0,0,None,28.2,0.0,31944
2016-07-28,Pavagadh,3,7,2016,0,0,None,28.4,0.0,20155
2016-07-29,Somnath,4,7,2016,0,0,None,27.7,18.2,25724
2016-07-29,Dwarka,4,7,2016,0,0,None,28.2,0.0,19897
2016-07-29,Ambaji,4,7,2016,0,0,None,27.8,0.0,33746
2016-07-29,Pavagadh,4,7,2016,0,0,None,27.5,26.0,11222
2016-07-30,Somnath,5,7,2016,1,0,None,30.8,18.7,33752
2016-07-30,Dwarka,5,7,2016,1,0,None,30.7,0.0,28694
2016-07-30,Ambaji,5,7,2016,1,0,None,28.9,6.8,47567
2016-07-30,Pavagadh,5,7,2016,1,0,None,28.6,25.4,16061
2016-07-31,Somnath,6,7,2016,1,0,None,29.8,4.0,32828
2016-07-31,Dwarka,6,7,2016,1,0,None,26.6,2.5,31769
2016-07-31,Ambaji,6,7,2016,1,0,None,27.7,4.1,52262
2016-07-31,Pavagadh,6,7,2016,1,0,None,28.2,0.0,26669
2016-08-01,Somnath,0,8,2016,0,0,None,27.2,5.7,25886
2016-08-01,Dwarka,0,8,2016,0,0,None,27.7,1.0,20641
2016-08-01,Ambaji,0,8,2016,0,0,None,28.4,0.0,34140
2016-08-01,Pavagadh,0,8,2016,0,0,None,30.0,2.0,18234
2016-08-02,Somnath,1,8,2016,0,0,None,27.8,2.9,26303
2016-08-02,Dwarka,1,8,2016,0,0,None,26.1,7.2,22028
2016-08-02,Ambaji,1,8,2016,0,0,None,29.4,5.2,36633
2016-08-02,Pavagadh,1,8,2016,0,0,None,31.2,1.5,21591
2016-08-03,Somnath,2,8,2016,0,0,None,28.1,6.7,23129
2016-08-03,Dwarka,2,8,2016,0,0,None,29.5,3.4,21788
2016-08-03,Ambaji,2,8,2016,0,0,None,30.8,1.5,35336
2016-08-03,Pavagadh,2,8,2016,0,0,None,30.2,0.0,20516
2016-08-04,Somnath,3,8,2016,0,0,None,26.9,0.0,25886
2016-08-04,Dwarka,3,8,2016,0,0,None,26.1,6.1,22745
2016-08-04,Ambaji,3,8,2016,0,0,None,27.3,36.7,23516
2016-08-04,Pavagadh,3,8,2016,0,0,None,31.9,14.6,19651
2016-08-05,Somnath,4,8,2016,0,0,None,31.2,59.5,21475
2016-08-05,Dwarka,4,8,2016,0,0,None,26.5,21.3,17597
2016-08-05,Ambaji,4,8,2016,0,0,None,26.1,0.0,34055
2016-08-05,Pavagadh,4,8,2016,0,0,None,29.7,0.0,19369
2016-08-06,Somnath,5,8,2016,1,0,None,26.6,13.3,36803
2016-08-06,Dwarka,5,8,2016,1,0,None,29.1,7.6,27771
2016-08-06,Ambaji,5,8,2016,1,0,None,31.9,0.0,48645
2016-08-06,Pavagadh,5,8,2016,1,0,None,31.1,0.3,26352
2016-08-07,Somnath,6,8,2016,1,0,None,31.8,0.0,30813
2016-08-07,Dwarka,6,8,2016,1,0,None,30.6,0.0,32222
2016-08-07,Ambaji,6,8,2016,1,0,None,26.2,0.0,48559
2016-08-07,Pavagadh,6,8,2016,1,0,None,30.3,0.6,25081
2016-08-08,Somnath,0,8,2016,0,0,None,28.0,10.7,24883
2016-08-08,Dwarka,0,8,2016,0,0,None,27.6,13.9,21541
2016-08-08,Ambaji,0,8,2016,0,0,None,27.8,0.0,36727
2016-08-08,Pavagadh,0,8,2016,0,0,None,31.1,2.1,20784
2016-08-09,Somnath,1,8,2016,0,0,None,27.2,1.0,26626
2016-08-09,Dwarka,1,8,2016,0,0,None,26.8,0.0,23602
2016-08-09,Ambaji,1,8,2016,0,0,None,28.8,0.0,35836
2016-08-09,Pavagadh,1,8,2016,0,0,None,30.8,23.1,12391
2016-08-10,Somnath,2,8,2016,0,0,None,28.9,23.1,21030
2016-08-10,Dwarka,2,8,2016,0,0,None,27.1,51.7,19286
2016-08-10,Ambaji,2,8,2016,0,0,None,26.2,15.6,37310
2016-08-10,Pavagadh,2,8,2016,0,0,None,26.3,0.0,20193
2016-08-11,Somnath,3,8,2016,0,0,None,27.2,5.0,25154
2016-08-11,Dwarka,3,8,2016,0,0,None,26.3,25.1,15896
2016-08-11,Ambaji,3,8,2016,0,0,None,28.7,21.6,20999
2016-08-11,Pavagadh,3,8,2016,0,0,None,29.7,2.5,19748
2016-08-12,Somnath,4,8,2016,0,0,None,28.4,0.0,25403
2016-08-12,Dwarka,4,8,2016,0,0,None,28.3,3.9,22332
2016-08-12,Ambaji,4,8,2016,0,0,None,28.5,2.8,36140
2016-08-12,Pavagadh,4,8,2016,0,0,None,31.1,10.1,21902
2016-08-13,Somnath,5,8,2016,1,0,None,28.0,1.4,32613
2016-08-13,Dwarka,5,8,2016,1,0,None,31.8,0.0,33376
2016-08-13,Ambaji,5,8,2016,1,0,None,29.5,29.3,32595
2016-08-13,Pavagadh,5,8,2016,1,0,None,29.5,9.1,24173
2016-08-14,Somnath,6,8,2016,1,0,None,27.4,7.2,38082
2016-08-14,Dwarka,6,8,2016,1,0,None,28.1,2.1,30397
2016-08-14,Ambaji,6,8,2016,1,0,None,29.4,0.0,47217
2016-08-14,Pavagadh,6,8,2016,1,0,None,27.5,0.2,25509
2016-08-15,Somnath,0,8,2016,0,1,None,26.7,0.0,34555
2016-08-15,Dwarka,0,8,2016,0,1,None,27.2,1.0,39860
2016-08-15,Ambaji,0,8,2016,0,1,None,27.5,0.3,54768
2016-08-15,Pavagadh,0,8,2016,0,1,None,27.6,15.9,28543
2016-08-16,Somnath,1,8,2016,0,0,None,30.1,29.4,20131
2016-08-16,Dwarka,1,8,2016,0,0,None,30.0,17.8,21742
2016-08-16,Ambaji,1,8,2016,0,0,None,31.7,15.4,34173
2016-08-16,Pavagadh,1,8,2016,0,0,None,31.7,49.1,12121
2016-08-17,Somnath,2,8,2016,0,0,None,30.8,0.0,23763
2016-08-17,Dwarka,2,8,2016,0,0,None,28.6,5.2,19867
2016-08-17,Ambaji,2,8,2016,0,0,None,27.3,8.8,32697
2016-08-17,Pavagadh,2,8,2016,0,0,None,31.2,0.0,18340
2016-08-18,Somnath,3,8,2016,0,0,None,29.9,0.0,27281
2016-08-18,Dwarka,3,8,2016,0,0,None,26.0,39.4,19369
2016-08-18,Ambaji,3,8,2016,0,0,None,30.6,10.8,33121
2016-08-18,Pavagadh,3,8,2016,0,0,None,27.1,0.0,18540
2016-08-19,Somnath,4,8,2016,0,0,None,28.8,0.0,23429
2016-08-19,Dwarka,4,8,2016,0,0,None,31.9,0.0,22244
2016-08-19,Ambaji,4,8,2016,0,0,None,27.0,8.3,33665
2016-08-19,Pavagadh,4,8,2016,0,0,None,27.7,0.0,18613
2016-08-20,Somnath,5,8,2016,1,0,None,30.4,13.6,35507
2016-08-20,Dwarka,5,8,2016,1,0,None,27.1,0.0,32928
2016-08-20,Ambaji,5,8,2016,1,0,None,27.9,46.8,31591
2016-08-20,Pavagadh,5,8,2016,1,0,None,28.7,2.6,27912
2016-08-21,Somnath,6,8,2016,1,0,None,26.1,22.8,31597
2016-08-21,Dwarka,6,8,2016,1,0,None,26.1,23.2,22476
2016-08-21,Ambaji,6,8,2016,1,0,None,31.3,31.6,31630
2016-08-21,Pavagadh,6,8,2016,1,0,None,30.0,10.8,28473
2016-08-22,Somnath,0,8,2016,0,0,None,28.3,36.9,19540
2016-08-22,Dwarka,0,8,2016,0,0,None,28.5,17.1,20095
2016-08-22,Ambaji,0,8,2016,0,0,None,29.6,0.0,37297
2016-08-22,Pavagadh,0,8,2016,0,0,None,27.0,0.0,20624
2016-08-23,Somnath,1,8,2016,0,0,None,31.3,11.7,27095
2016-08-23,Dwarka,1,8,2016,0,0,None,31.4,4.8,21529
2016-08-23,Ambaji,1,8,2016,0,0,None,28.3,4.7,37527
2016-08-23,Pavagadh,1,8,2016,0,0,None,26.4,0.0,18691
2016-08-24,Somnath,2,8,2016,0,0,None,28.1,4.7,26342
2016-08-24,Dwarka,2,8,2016,0,0,None,31.3,9.3,21869
2016-08-24,Ambaji,2,8,2016,0,0,None,31.2,0.0,35091
2016-08-24,Pavagadh,2,8,2016,0,0,None,30.0,0.0,18038
2016-08-25,Somnath,3,8,2016,0,0,None,28.4,0.0,26201
2016-08-25,Dwarka,3,8,2016,0,0,Janmashtami,29.3,6.4,253671
2016-08-25,Ambaji,3,8,2016,0,0,None,28.5,0.0,37528
2016-08-25,Pavagadh,3,8,2016,0,0,None,26.9,7.9,20749
2016-08-26,Somnath,4,8,2016,0,0,None,27.5,0.0,26887
2016-08-26,Dwarka,4,8,2016,0,0,None,28.5,0.0,24169
2016-08-26,Ambaji,4,8,2016,0,0,None,26.6,45.1,20718
2016-08-26,Pavagadh,4,8,2016,0,0,None,26.1,82.9,10545
2016-08-27,Somnath,5,8,2016,1,0,None,31.1,13.9,36340
2016-08-27,Dwarka,5,8,2016,1,0,None,27.7,0.0,29808
2016-08-27,Ambaji,5,8,2016,1,0,None,26.2,5.1,54236
2016-08-27,Pavagadh,5,8,2016,1,0,None,28.7,0.0,30276
2016-08-28,Somnath,6,8,2016,1,0,None,28.6,4.6,34823
2016-08-28,Dwarka,6,8,2016,1,0,None,28.6,19.0,27750
2016-08-28,Ambaji,6,8,2016,1,0,None,28.5,13.2,47608
2016-08-28,Pavagadh,6,8,2016,1,0,None,29.2,2.5,29130
2016-08-29,Somnath,0,8,2016,0,0,None,28.5,10.3,25270
2016-08-29,Dwarka,0,8,2016,0,0,None,29.4,0.0,20580
2016-08-29,Ambaji,0,8,2016,0,0,None,27.5,0.0,38130
2016-08-29,Pavagadh,0,8,2016,0,0,None,26.8,3.6,18240
2016-08-30,Somnath,1,8,2016,0,0,None,28.0,18.6,25168
2016-08-30,Dwarka,1,8,2016,0,0,None,26.9,24.8,17246
2016-08-30,Ambaji,1,8,2016,0,0,None,28.0,5.7,32108
2016-08-30,Pavagadh,1,8,2016,0,0,None,27.3,8.4,20633
2016-08-31,Somnath,2,8,2016,0,0,None,27.6,11.0,25528
2016-08-31,Dwarka,2,8,2016,0,0,None,31.8,9.6,22322
2016-08-31,Ambaji,2,8,2016,0,0,None,31.6,0.0,33760
2016-08-31,Pavagadh,2,8,2016,0,0,None,27.4,10.5,20976
2016-09-01,Somnath,3,9,2016,0,0,None,29.0,19.3,26529
2016-09-01,Dwarka,3,9,2016,0,0,None,27.7,0.0,21677
2016-09-01,Ambaji,3,9,2016,0,0,None,31.3,0.0,35178
2016-09-01,Pavagadh,3,9,2016,0,0,None,30.1,0.0,19982
2016-09-02,Somnath,4,9,2016,0,0,None,27.9,0.0,23600
2016-09-02,Dwarka,4,9,2016,0,0,None,28.3,0.0,22987
2016-09-02,Ambaji,4,9,2016,0,0,None,28.4,6.6,33488
2016-09-02,Pavagadh,4,9,2016,0,0,None,27.1,0.0,19008
2016-09-03,Somnath,5,9,2016,1,0,None,28.7,60.3,23974
2016-09-03,Dwarka,5,9,2016,1,0,None,29.5,8.1,27779
2016-09-03,Ambaji,5,9,2016,1,0,None,29.1,2.4,42746
2016-09-03,Pavagadh,5,9,2016,1,0,None,26.6,0.0,25454
2016-09-04,Somnath,6,9,2016,1,0,None,27.0,0.0,34790
2016-09-04,Dwarka,6,9,2016,1,0,None,28.0,10.2,29669
2016-09-04,Ambaji,6,9,2016,1,0,None,29.1,0.0,49488
2016-09-04,Pavagadh,6,9,2016,1,0,None,30.8,7.6,25371
2016-09-05,Somnath,0,9,2016,0,0,None,27.6,8.0,27238
2016-09-05,Dwarka,0,9,2016,0,0,None,26.8,0.0,20814
2016-09-05,Ambaji,0,9,2016,0,0,None,30.6,2.3,37505
2016-09-05,Pavagadh,0,9,2016,0,0,None,27.9,0.0,20265
2016-09-06,Somnath,1,9,2016,0,0,None,28.8,19.8,22938
2016-09-06,Dwarka,1,9,2016,0,0,None,30.0,0.0,20054
2016-09-06,Ambaji,1,9,2016,0,0,None,26.8,0.0,34560
2016-09-06,Pavagadh,1,9,2016,0,0,None,28.4,10.6,18506
2016-09-07,Somnath,2,9,2016,0,0,None,28.9,0.0,23791
2016-09-07,Dwarka,2,9,2016,0,0,None,28.9,0.0,22821
2016-09-07,Ambaji,2,9,2016,0,0,None,31.0,21.9,16376
2016-09-07,Pavagadh,2,9,2016,0,0,None,27.2,28.0,11380
2016-09-08,Somnath,3,9,2016,0,0,None,30.3,6.6,25385
2016-09-08,Dwarka,3,9,2016,0,0,None,28.1,74.0,15344
2016-09-08,Ambaji,3,9,2016,0,0,None,31.3,15.8,33803
2016-09-08,Pavagadh,3,9,2016,0,0,None,28.3,6.3,19642
2016-09-09,Somnath,4,9,2016,0,0,None,30.3,43.1,18866
2016-09-09,Dwarka,4,9,2016,0,0,None,29.5,0.0,20016
2016-09-09,Ambaji,4,9,2016,0,0,None,29.4,0.0,33193
2016-09-09,Pavagadh,4,9,2016,0,0,None,31.3,19.8,21732
2016-09-10,Somnath,5,9,2016,1,0,None,29.9,0.7,36880
2016-09-10,Dwarka,5,9,2016,1,0,None,26.2,0.0,28412
2016-09-10,Ambaji,5,9,2016,1,0,Bhadarvi Poonam,27.3,12.8,373052
2016-09-10,Pavagadh,5,9,2016,1,0,None,31.2,0.0,27068
2016-09-11,Somnath,6,9,2016,1,0,None,28.5,15.7,37108
2016-09-11,Dwarka,6,9,2016,1,0,None,26.8,0.0,31049
2016-09-11,Ambaji,6,9,2016,1,0,Bhadarvi Poonam,26.7,6.1,315279
2016-09-11,Pavagadh,6,9,2016,1,0,None,28.7,5.8,30351
2016-09-12,Somnath,0,9,2016,0,0,None,30.3,0.0,24054
2016-09-12,Dwarka,0,9,2016,0,0,None,26.6,26.7,18634
2016-09-12,Ambaji,0,9,2016,0,0,Bhadarvi Poonam,26.1,5.8,330323
2016-09-12,Pavagadh,0,9,2016,0,0,None,31.7,36.6,12972
2016-09-13,Somnath,1,9,2016,0,0,None,29.6,0.0,25690
2016-09-13,Dwarka,1,9,2016,0,0,None,29.8,64.5,19114
2016-09-13,Ambaji,1,9,2016,0,0,Bhadarvi Poonam,31.2,1.3,348584
2016-09-13,Pavagadh,1,9,2016,0,0,None,31.0,12.7,20108
2016-09-14,Somnath,2,9,2016,0,0,None,26.2,0.0,26640
2016-09-14,Dwarka,2,9,2016,0,0,None,26.9,13.5,20522
2016-09-14,Ambaji,2,9,2016,0,0,Bhadarvi Poonam,26.7,0.0,316851
2016-09-14,Pavagadh,2,9,2016,0,0,None,27.0,0.0,20437
2016-09-15,Somnath,3,9,2016,0,0,None,29.9,33.6,18986
2016-09-15,Dwarka,3,9,2016,0,0,None,28.8,29.9,17815
2016-09-15,Ambaji,3,9,2016,0,0,Bhadarvi Poonam,31.2,0.0,389448
2016-09-15,Pavagadh,3,9,2016,0,0,None,29.5,26.1,10145
2016-09-16,Somnath,4,9,2016,0,0,None,28.0,15.5,26757
2016-09-16,Dwarka,4,9,2016,0,0,None,29.7,0.0,20964
2016-09-16,Ambaji,4,9,2016,0,0,Bhadarvi Poonam,29.1,0.2,369517
2016-09-16,Pavagadh,4,9,2016,0,0,None,29.6,0.0,20285
2016-09-17,Somnath,5,9,2016,1,0,None,26.4,13.6,31027
2016-09-17,Dwarka,5,9,2016,1,0,None,28.6,6.0,32683
2016-09-17,Ambaji,5,9,2016,1,0,None,28.0,0.0,51416
2016-09-17,Pavagadh,5,9,2016,1,0,None,29.3,17.9,29938
2016-09-18,Somnath,6,9,2016,1,0,None,30.9,4.4,32448
2016-09-18,Dwarka,6,9,2016,1,0,None,28.9,10.9,32129
2016-09-18,Ambaji,6,9,2016,1,0,None,26.6,0.0,52158
2016-09-18,Pavagadh,6,9,2016,1,0,None,30.3,14.9,26274
2016-09-19,Somnath,0,9,2016,0,0,None,29.5,13.0,23933
2016-09-19,Dwarka,0,9,2016,0,0,None,28.2,0.8,20915
2016-09-19,Ambaji,0,9,2016,0,0,None,26.4,25.1,18266
2016-09-19,Pavagadh,0,9,2016,0,0,None,27.6,0.0,19939
2016-09-20,Somnath,1,9,2016,0,0,None,27.8,7.2,25321
2016-09-20,Dwarka,1,9,2016,0,0,None,26.7,0.0,21672
2016-09-20,Ambaji,1,9,2016,0,0,None,28.1,0.0,34047
2016-09-20,Pavagadh,1,9,2016,0,0,None,31.0,19.1,18429
2016-09-21,Somnath,2,9,2016,0,0,None,31.1,0.0,23558
2016-09-21,Dwarka,2,9,2016,0,0,None,26.9,56.0,16915
2016-09-21,Ambaji,2,9,2016,0,0,None,26.2,12.7,38171
2016-09-21,Pavagadh,2,9,2016,0,0,None,29.1,0.0,20188
2016-09-22,Somnath,3,9,2016,0,0,None,26.2,12.9,27252
2016-09-22,Dwarka,3,9,2016,0,0,None,31.2,3.7,20685
2016-09-22,Ambaji,3,9,2016,0,0,None,31.5,0.0,36924
2016-09-22,Pavagadh,3,9,2016,0,0,None,28.4,9.4,19013
2016-09-23,Somnath,4,9,2016,0,0,None,29.0,2.1,26932
2016-09-23,Dwarka,4,9,2016,0,0,None,30.5,10.9,21427
2016-09-23,Ambaji,4,9,2016,0,0,None,30.4,0.0,36842
2016-09-23,Pavagadh,4,9,2016,0,0,None,30.3,6.2,19879
2016-09-24,Somnath,5,9,2016,1,0,None,28.0,0.0,31676
2016-09-24,Dwarka,5,9,2016,1,0,None,28.4,0.0,30257
2016-09-24,Ambaji,5,9,2016,1,0,None,28.6,10.0,50548
2016-09-24,Pavagadh,5,9,2016,1,0,None,31.2,1.4,29021
2016-09-25,Somnath,6,9,2016,1,0,None,29.5,0.0,35596
2016-09-25,Dwarka,6,9,2016,1,0,None,26.8,2.3,30384
2016-09-25,Ambaji,6,9,2016,1,0,None,30.3,0.0,49588
2016-09-25,Pavagadh,6,9,2016,1,0,None,28.8,9.7,31172
2016-09-26,Somnath,0,9,2016,0,0,None,31.6,0.0,26945
2016-09-26,Dwarka,0,9,2016,0,0,None,28.8,0.0,23738
2016-09-26,Ambaji,0,9,2016,0,0,None,28.4,0.0,34410
2016-09-26,Pavagadh,0,9,2016,0,0,None,29.6,0.0,21802
2016-09-27,Somnath,1,9,2016,0,0,None,27.5,0.0,25104
2016-09-27,Dwarka,1,9,2016,0,0,None,27.6,0.0,22229
2016-09-27,Ambaji,1,9,2016,0,0,None,30.0,9.8,35821
2016-09-27,Pavagadh,1,9,2016,0,0,None,28.4,48.9,12074
2016-09-28,Somnath,2,9,2016,0,0,None,28.5,7.8,24545
2016-09-28,Dwarka,2,9,2016,0,0,None,29.3,10.3,20393
2016-09-28,Ambaji,2,9,2016,0,0,None,29.0,2.0,38028
2016-09-28,Pavagadh,2,9,2016,0,0,None,29.6,0.0,19607
2016-09-29,Somnath,3,9,2016,0,0,None,31.5,0.0,26345
2016-09-29,Dwarka,3,9,2016,0,0,None,28.2,0.0,23410
2016-09-29,Ambaji,3,9,2016,0,0,None,31.1,4.7,33499
2016-09-29,Pavagadh,3,9,2016,0,0,None,27.6,0.0,18127
2016-09-30,Somnath,4,9,2016,0,0,None,26.5,3.3,23659
2016-09-30,Dwarka,4,9,2016,0,0,None,30.8,0.1,21689
2016-09-30,Ambaji,4,9,2016,0,0,None,28.4,16.9,36414
2016-09-30,Pavagadh,4,9,2016,0,0,None,30.3,0.0,18000
2016-10-01,Somnath,5,10,2016,1,0,None,27.5,0.0,33433
2016-10-01,Dwarka,5,10,2016,1,0,None,27.3,0.0,29657
2016-10-01,Ambaji,5,10,2016,1,0,Navratri,25.4,0.0,202190
2016-10-01,Pavagadh,5,10,2016,1,0,Navratri,22.4,0.0,196430
2016-10-02,Somnath,6,10,2016,1,1,None,23.0,0.0,37064
2016-10-02,Dwarka,6,10,2016,1,1,None,27.1,0.0,28319
2016-10-02,Ambaji,6,10,2016,1,1,Navratri,18.2,0.0,227617
2016-10-02,Pavagadh,6,10,2016,1,1,Navratri,19.3,0.0,174038
2016-10-03,Somnath,0,10,2016,0,0,None,27.0,0.0,24513
2016-10-03,Dwarka,0,10,2016,0,0,None,26.9,0.0,23041
2016-10-03,Ambaji,0,10,2016,0,0,Navratri,22.8,0.0,212267
2016-10-03,Pavagadh,0,10,2016,0,0,Navratri,25.3,0.0,130204
2016-10-04,Somnath,1,10,2016,0,0,None,23.0,0.0,24173
2016-10-04,Dwarka,1,10,2016,0,0,None,25.0,0.0,22897
2016-10-04,Ambaji,1,10,2016,0,0,Navratri,22.9,0.0,177353
2016-10-04,Pavagadh,1,10,2016,0,0,Navratri,20.0,0.0,147216
2016-10-05,Somnath,2,10,2016,0,0,None,20.5,0.0,26354
2016-10-05,Dwarka,2,10,2016,0,0,None,21.3,0.0,20543
2016-10-05,Ambaji,2,10,2016,0,0,Navratri,25.7,0.0,176544
2016-10-05,Pavagadh,2,10,2016,0,0,Navratri,24.9,0.0,186205
2016-10-06,Somnath,3,10,2016,0,0,None,21.0,0.0,23230
2016-10-06,Dwarka,3,10,2016,0,0,None,20.9,0.0,22096
2016-10-06,Ambaji,3,10,2016,0,0,Navratri,24.6,0.0,191084
2016-10-06,Pavagadh,3,10,2016,0,0,Navratri,20.9,0.0,129971
2016-10-07,Somnath,4,10,2016,0,0,None,22.2,0.0,26107
2016-10-07,Dwarka,4,10,2016,0,0,None,18.9,0.0,23022
2016-10-07,Ambaji,4,10,2016,0,0,Navratri,24.1,0.0,162730
2016-10-07,Pavagadh,4,10,2016,0,0,Navratri,23.1,0.0,185448
2016-10-08,Somnath,5,10,2016,1,0,None,27.5,0.0,39101
2016-10-08,Dwarka,5,10,2016,1,0,None,27.4,0.0,29737
2016-10-08,Ambaji,5,10,2016,1,0,Navratri,26.5,0.0,143633
2016-10-08,Pavagadh,5,10,2016,1,0,Navratri,25.3,0.0,156349
2016-10-09,Somnath,6,10,2016,1,0,None,25.1,0.0,32453
2016-10-09,Dwarka,6,10,2016,1,0,None,26.1,0.0,32871
2016-10-09,Ambaji,6,10,2016,1,0,Navratri,20.1,0.0,163224
2016-10-09,Pavagadh,6,10,2016,1,0,Navratri,27.4,0.0,177361
2016-10-10,Somnath,0,10,2016,0,0,None,25.0,0.0,24706
2016-10-10,Dwarka,0,10,2016,0,0,None,25.2,0.0,20729
2016-10-10,Ambaji,0,10,2016,0,0,None,24.3,0.0,33674
2016-10-10,Pavagadh,0,10,2016,0,0,None,22.6,0.0,20166
2016-10-11,Somnath,1,10,2016,0,0,None,26.4,0.0,22791
2016-10-11,Dwarka,1,10,2016,0,0,None,28.0,0.0,23601
2016-10-11,Ambaji,1,10,2016,0,0,None,24.5,0.0,32286
2016-10-11,Pavagadh,1,10,2016,0,0,None,21.5,0.0,18806
2016-10-12,Somnath,2,10,2016,0,0,None,18.8,0.0,26677
2016-10-12,Dwarka,2,10,2016,0,0,None,19.6,0.0,22821
2016-10-12,Ambaji,2,10,2016,0,0,None,23.2,0.0,34434
2016-10-12,Pavagadh,2,10,2016,0,0,None,19.9,0.0,20020
2016-10-13,Somnath,3,10,2016,0,0,None,23.3,0.0,26456
2016-10-13,Dwarka,3,10,2016,0,0,None,23.8,0.0,20643
2016-10-13,Ambaji,3,10,2016,0,0,None,18.5,0.0,32028
2016-10-13,Pavagadh,3,10,2016,0,0,None,20.5,0.0,19637
2016-10-14,Somnath,4,10,2016,0,0,None,26.8,0.0,22559
2016-10-14,Dwarka,4,10,2016,0,0,None,21.0,0.0,21454
2016-10-14,Ambaji,4,10,2016,0,0,None,23.3,0.0,37887
2016-10-14,Pavagadh,4,10,2016,0,0,None,20.7,0.0,20196
2016-10-15,Somnath,5,10,2016,1,0,None,27.5,2.0,35205
2016-10-15,Dwarka,5,10,2016,1,0,None,21.8,0.0,28414
2016-10-15,Ambaji,5,10,2016,1,0,None,22.9,0.0,48235
2016-10-15,Pavagadh,5,10,2016,1,0,None,23.6,0.0,26173
2016-10-16,Somnath,6,10,2016,1,0,None,20.3,0.0,33550
2016-10-16,Dwarka,6,10,2016,1,0,None,19.6,0.0,29430
2016-10-16,Ambaji,6,10,2016,1,0,None,22.7,0.0,47346
2016-10-16,Pavagadh,6,10,2016,1,0,None,23.3,0.0,29988
2016-10-17,Somnath,0,10,2016,0,0,None,23.8,0.0,27245
2016-10-17,Dwarka,0,10,2016,0,0,None,25.8,0.0,23514
2016-10-17,Ambaji,0,10,2016,0,0,None,22.3,0.0,37260
2016-10-17,Pavagadh,0,10,2016,0,0,None,19.9,0.0,19162
2016-10-18,Somnath,1,10,2016,0,0,None,21.0,0.0,26127
2016-10-18,Dwarka,1,10,2016,0,0,None,20.3,0.0,22947
2016-10-18,Ambaji,1,10,2016,0,0,None,19.7,0.0,33162
2016-10-18,Pavagadh,1,10,2016,0,0,None,21.8,0.0,18178
2016-10-19,Somnath,2,10,2016,0,0,None,27.7,0.0,24115
2016-10-19,Dwarka,2,10,2016,0,0,None,21.2,0.0,22555
2016-10-19,Ambaji,2,10,2016,0,0,None,19.5,0.0,37516
2016-10-19,Pavagadh,2,10,2016,0,0,None,20.6,0.0,21485
2016-10-20,Somnath,3,10,2016,0,0,None,24.6,0.0,25918
2016-10-20,Dwarka,3,10,2016,0,0,None,18.2,0.0,21942
2016-10-20,Ambaji,3,10,2016,0,0,None,26.1,0.0,37980
2016-10-20,Pavagadh,3,10,2016,0,0,None,27.1,0.0,19440
2016-10-21,Somnath,4,10,2016,0,0,None,22.7,0.0,26919
2016-10-21,Dwarka,4,10,2016,0,0,None,20.1,0.0,23386
2016-10-21,Ambaji,4,10,2016,0,0,None,27.8,0.0,33459
2016-10-21,Pavagadh,4,10,2016,0,0,None,19.1,0.0,19164
2016-10-22,Somnath,5,10,2016,1,0,None,24.1,0.0,37911
2016-10-22,Dwarka,5,10,2016,1,0,None,18.1,0.0,28245
2016-10-22,Ambaji,5,10,2016,1,0,None,23.0,0.0,44863
2016-10-22,Pavagadh,5,10,2016,1,0,None,24.5,0.0,27576
2016-10-23,Somnath,6,10,2016,1,0,None,27.6,0.0,36739
2016-10-23,Dwarka,6,10,2016,1,0,None,23.6,0.0,30043
2016-10-23,Ambaji,6,10,2016,1,0,None,18.9,0.0,44289
2016-10-23,Pavagadh,6,10,2016,1,0,None,23.4,0.0,27346
2016-10-24,Somnath,0,10,2016,0,0,None,24.2,0.0,24847
2016-10-24,Dwarka,0,10,2016,0,0,None,25.2,0.0,21540
2016-10-24,Ambaji,0,10,2016,0,0,None,21.2,0.0,38073
2016-10-24,Pavagadh,0,10,2016,0,0,None,24.7,0.0,19842
2016-10-25,Somnath,1,10,2016,0,0,None,26.9,0.0,27444
2016-10-25,Dwarka,1,10,2016,0,0,None,27.5,0.0,23907
2016-10-25,Ambaji,1,10,2016,0,0,None,21.6,0.0,34428
2016-10-25,Pavagadh,1,10,2016,0,0,None,22.4,0.0,21097
2016-10-26,Somnath,2,10,2016,0,0,None,18.3,0.0,23433
2016-10-26,Dwarka,2,10,2016,0,0,None,21.5,0.0,21863
2016-10-26,Ambaji,2,10,2016,0,0,None,21.3,0.0,32519
2016-10-26,Pavagadh,2,10,2016,0,0,None,18.3,0.0,21817
2016-10-27,Somnath,3,10,2016,0,0,None,19.2,0.0,26166
2016-10-27,Dwarka,3,10,2016,0,0,None,24.4,0.0,23437
2016-10-27,Ambaji,3,10,2016,0,0,None,19.1,0.0,36379
2016-10-27,Pavagadh,3,10,2016,0,0,None,23.9,0.0,18289
2016-10-28,Somnath,4,10,2016,0,0,Diwali Peak,24.9,0.0,69679
2016-10-28,Dwarka,4,10,2016,0,0,Diwali Peak,24.2,0.0,70196
2016-10-28,Ambaji,4,10,2016,0,0,Diwali Peak,22.0,0.0,81607
2016-10-28,Pavagadh,4,10,2016,0,0,Diwali Peak,21.8,0.0,67484
2016-10-29,Somnath,5,10,2016,1,0,Diwali Peak,18.5,0.0,95887
2016-10-29,Dwarka,5,10,2016,1,0,Diwali Peak,19.3,0.0,84542
2016-10-29,Ambaji,5,10,2016,1,0,Diwali Peak,21.6,0.0,135116
2016-10-29,Pavagadh,5,10,2016,1,0,Diwali Peak,22.0,0.0,79857
2016-10-30,Somnath,6,10,2016,1,0,Diwali Peak,20.4,0.0,99649
2016-10-30,Dwarka,6,10,2016,1,0,Diwali Peak,18.4,0.0,105922
2016-10-30,Ambaji,6,10,2016,1,0,Diwali Peak,20.1,0.0,149573
2016-10-30,Pavagadh,6,10,2016,1,0,Diwali Peak,19.0,2.0,102090
2016-10-31,Somnath,0,10,2016,0,0,Diwali Peak,25.2,0.0,67250
2016-10-31,Dwarka,0,10,2016,0,0,Diwali Peak,21.9,0.0,61346
2016-10-31,Ambaji,0,10,2016,0,0,Diwali Peak,24.0,0.0,87122
2016-10-31,Pavagadh,0,10,2016,0,0,Diwali Peak,19.6,0.0,53832
2016-11-01,Somnath,1,11,2016,0,0,Diwali Peak,20.9,0.0,77636
2016-11-01,Dwarka,1,11,2016,0,0,Diwali Peak,22.4,0.0,65652
2016-11-01,Ambaji,1,11,2016,0,0,Diwali Peak,21.2,0.0,104142
2016-11-01,Pavagadh,1,11,2016,0,0,Diwali Peak,25.8,0.0,58096
2016-11-02,Somnath,2,11,2016,0,0,Diwali Peak,20.9,0.0,64950
2016-11-02,Dwarka,2,11,2016,0,0,Diwali Peak,23.2,0.0,71174
2016-11-02,Ambaji,2,11,2016,0,0,Diwali Peak,24.4,0.0,101860
2016-11-02,Pavagadh,2,11,2016,0,0,Diwali Peak,20.6,0.0,58853
2016-11-03,Somnath,3,11,2016,0,0,None,18.5,0.0,26031
2016-11-03,Dwarka,3,11,2016,0,0,None,25.8,0.0,22871
2016-11-03,Ambaji,3,11,2016,0,0,None,21.9,0.0,34287
2016-11-03,Pavagadh,3,11,2016,0,0,None,23.8,0.0,18275
2016-11-04,Somnath,4,11,2016,0,0,None,23.1,0.0,25041
2016-11-04,Dwarka,4,11,2016,0,0,None,18.2,0.0,23407
2016-11-04,Ambaji,4,11,2016,0,0,None,23.5,0.0,33498
2016-11-04,Pavagadh,4,11,2016,0,0,None,21.0,0.0,21342
2016-11-05,Somnath,5,11,2016,1,0,None,27.7,0.0,36855
2016-11-05,Dwarka,5,11,2016,1,0,None,22.3,0.0,31058
2016-11-05,Ambaji,5,11,2016,1,0,None,23.3,0.0,48060
2016-11-05,Pavagadh,5,11,2016,1,0,None,25.2,0.0,25591
2016-11-06,Somnath,6,11,2016,1,0,None,18.0,0.0,34638
2016-11-06,Dwarka,6,11,2016,1,0,None,19.9,0.0,28107
2016-11-06,Ambaji,6,11,2016,1,0,None,22.8,0.0,44860
2016-11-06,Pavagadh,6,11,2016,1,0,None,19.7,0.0,28861
2016-11-07,Somnath,0,11,2016,0,0,None,25.1,0.0,23191
2016-11-07,Dwarka,0,11,2016,0,0,None,27.7,0.0,20699
2016-11-07,Ambaji,0,11,2016,0,0,None,19.9,0.0,32468
2016-11-07,Pavagadh,0,11,2016,0,0,None,25.5,0.0,21131
2016-11-08,Somnath,1,11,2016,0,0,None,25.5,0.0,25931
2016-11-08,Dwarka,1,11,2016,0,0,None,18.2,0.0,22606
2016-11-08,Ambaji,1,11,2016,0,0,None,18.1,0.0,37463
2016-11-08,Pavagadh,1,11,2016,0,0,None,24.8,0.0,20751
2016-11-09,Somnath,2,11,2016,0,0,None,25.9,0.0,22680
2016-11-09,Dwarka,2,11,2016,0,0,None,27.3,0.0,20268
2016-11-09,Ambaji,2,11,2016,0,0,None,22.9,0.0,33051
2016-11-09,Pavagadh,2,11,2016,0,0,None,20.7,0.0,21966
2016-11-10,Somnath,3,11,2016,0,0,None,20.0,0.0,27126
2016-11-10,Dwarka,3,11,2016,0,0,None,19.5,0.0,23968
2016-11-10,Ambaji,3,11,2016,0,0,None,26.8,0.0,35938
2016-11-10,Pavagadh,3,11,2016,0,0,None,25.6,2.0,18721
2016-11-11,Somnath,4,11,2016,0,0,None,25.7,0.0,23378
2016-11-11,Dwarka,4,11,2016,0,0,None,22.2,0.0,21845
2016-11-11,Ambaji,4,11,2016,0,0,None,23.4,2.0,34293
2016-11-11,Pavagadh,4,11,2016,0,0,None,24.2,0.0,19571
2016-11-12,Somnath,5,11,2016,1,0,None,25.0,0.0,37101
2016-11-12,Dwarka,5,11,2016,1,0,None,18.9,0.0,27851
2016-11-12,Ambaji,5,11,2016,1,0,None,20.5,0.0,43457
2016-11-12,Pavagadh,5,11,2016,1,0,None,23.1,0.0,30566
2016-11-13,Somnath,6,11,2016,1,0,None,22.1,0.0,34239
2016-11-13,Dwarka,6,11,2016,1,0,None,19.3,0.0,32863
2016-11-13,Ambaji,6,11,2016,1,0,None,25.4,0.0,52756
2016-11-13,Pavagadh,6,11,2016,1,0,None,19.1,0.0,28505
2016-11-14,Somnath,0,11,2016,0,0,None,27.6,0.0,25480
2016-11-14,Dwarka,0,11,2016,0,0,None,22.6,0.0,21353
2016-11-14,Ambaji,0,11,2016,0,0,None,24.4,0.0,36249
2016-11-14,Pavagadh,0,11,2016,0,0,None,20.0,0.0,21166
2016-11-15,Somnath,1,11,2016,0,0,None,22.8,0.0,26355
2016-11-15,Dwarka,1,11,2016,0,0,None,24.6,0.0,23739
2016-11-15,Ambaji,1,11,2016,0,0,None,19.6,2.0,32331
2016-11-15,Pavagadh,1,11,2016,0,0,None,18.1,0.0,18979
2016-11-16,Somnath,2,11,2016,0,0,None,25.3,0.0,26794
2016-11-16,Dwarka,2,11,2016,0,0,None,27.9,0.0,22925
2016-11-16,Ambaji,2,11,2016,0,0,None,19.2,0.0,37435
2016-11-16,Pavagadh,2,11,2016,0,0,None,21.7,0.0,20015
2016-11-17,Somnath,3,11,2016,0,0,None,24.5,0.0,22778
2016-11-17,Dwarka,3,11,2016,0,0,None,23.7,0.0,21918
2016-11-17,Ambaji,3,11,2016,0,0,None,18.8,0.0,33824
2016-11-17,Pavagadh,3,11,2016,0,0,None,19.5,0.0,20086
2016-11-18,Somnath,4,11,2016,0,0,None,27.3,0.0,25964
2016-11-18,Dwarka,4,11,2016,0,0,None,18.1,0.0,20668
2016-11-18,Ambaji,4,11,2016,0,0,None,27.1,0.0,33502
2016-11-18,Pavagadh,4,11,2016,0,0,None,23.2,0.0,18839
2016-11-19,Somnath,5,11,2016,1,0,None,24.0,0.0,31953
2016-11-19,Dwarka,5,11,2016,1,0,None,25.2,0.0,30861
2016-11-19,Ambaji,5,11,2016,1,0,None,21.7,0.0,47475
2016-11-19,Pavagadh,5,11,2016,1,0,None,26.9,0.0,25644
2016-11-20,Somnath,6,11,2016,1,0,None,25.2,0.0,38159
2016-11-20,Dwarka,6,11,2016,1,0,None,25.3,0.0,32900
2016-11-20,Ambaji,6,11,2016,1,0,None,26.3,0.0,44502
2016-11-20,Pavagadh,6,11,2016,1,0,None,19.5,0.0,29025
2016-11-21,Somnath,0,11,2016,0,0,None,26.4,0.0,23342
2016-11-21,Dwarka,0,11,2016,0,0,None,18.3,0.0,23796
2016-11-21,Ambaji,0,11,2016,0,0,None,19.0,0.0,34660
2016-11-21,Pavagadh,0,11,2016,0,0,None,27.4,0.0,18848
2016-11-22,Somnath,1,11,2016,0,0,None,18.3,0.0,23889
2016-11-22,Dwarka,1,11,2016,0,0,None,26.7,0.0,22501
2016-11-22,Ambaji,1,11,2016,0,0,None,23.3,0.0,34615
2016-11-22,Pavagadh,1,11,2016,0,0,None,28.0,0.0,21573
2016-11-23,Somnath,2,11,2016,0,0,None,26.2,0.0,23637
2016-11-23,Dwarka,2,11,2016,0,0,None,18.0,0.0,20277
2016-11-23,Ambaji,2,11,2016,0,0,None,22.7,0.0,37621
2016-11-23,Pavagadh,2,11,2016,0,0,None,25.5,0.0,18215
2016-11-24,Somnath,3,11,2016,0,0,None,18.1,0.0,23946
2016-11-24,Dwarka,3,11,2016,0,0,None,20.5,0.0,20987
2016-11-24,Ambaji,3,11,2016,0,0,None,23.1,0.0,35086
2016-11-24,Pavagadh,3,11,2016,0,0,None,24.7,0.0,19005
2016-11-25,Somnath,4,11,2016,0,0,None,19.7,0.0,26209
2016-11-25,Dwarka,4,11,2016,0,0,None,25.6,0.0,20829
2016-11-25,Ambaji,4,11,2016,0,0,None,23.9,0.0,34889
2016-11-25,Pavagadh,4,11,2016,0,0,None,23.5,0.0,20261
2016-11-26,Somnath,5,11,2016,1,0,None,25.2,0.0,33608
2016-11-26,Dwarka,5,11,2016,1,0,None,18.7,0.0,29926
2016-11-26,Ambaji,5,11,2016,1,0,None,22.4,0.0,52126
2016-11-26,Pavagadh,5,11,2016,1,0,None,27.5,0.0,27982
2016-11-27,Somnath,6,11,2016,1,0,None,21.1,0.0,37281
2016-11-27,Dwarka,6,11,2016,1,0,None,21.2,0.0,30562
2016-11-27,Ambaji,6,11,2016,1,0,None,22.5,0.0,51908
2016-11-27,Pavagadh,6,11,2016,1,0,None,19.2,0.0,32233
2016-11-28,Somnath,0,11,2016,0,0,None,22.0,0.0,24368
2016-11-28,Dwarka,0,11,2016,0,0,None,21.3,0.0,22471
2016-11-28,Ambaji,0,11,2016,0,0,None,22.8,0.0,31724
2016-11-28,Pavagadh,0,11,2016,0,0,None,24.4,0.0,21037
2016-11-29,Somnath,1,11,2016,0,0,None,26.9,0.0,27139
2016-11-29,Dwarka,1,11,2016,0,0,None,21.3,0.0,19861
2016-11-29,Ambaji,1,11,2016,0,0,None,18.1,0.0,32205
2016-11-29,Pavagadh,1,11,2016,0,0,None,20.6,0.0,18114
2016-11-30,Somnath,2,11,2016,0,0,None,27.1,0.0,26180
2016-11-30,Dwarka,2,11,2016,0,0,None,19.5,0.0,23728
2016-11-30,Ambaji,2,11,2016,0,0,None,24.5,0.0,31537
2016-11-30,Pavagadh,2,11,2016,0,0,None,27.8,0.0,21580
2016-12-01,Somnath,3,12,2016,0,0,None,24.6,0.0,26968
2016-12-01,Dwarka,3,12,2016,0,0,None,20.9,0.0,20238
2016-12-01,Ambaji,3,12,2016,0,0,None,27.2,0.0,33074
2016-12-01,Pavagadh,3,12,2016,0,0,None,23.6,0.0,20477
2016-12-02,Somnath,4,12,2016,0,0,None,20.3,0.0,26285
2016-12-02,Dwarka,4,12,2016,0,0,None,27.9,0.0,21824
2016-12-02,Ambaji,4,12,2016,0,0,None,27.0,0.0,35174
2016-12-02,Pavagadh,4,12,2016,0,0,None,22.8,0.0,21100
2016-12-03,Somnath,5,12,2016,1,0,None,23.3,0.0,30666
2016-12-03,Dwarka,5,12,2016,1,0,None,23.8,0.0,30151
2016-12-03,Ambaji,5,12,2016,1,0,None,24.8,0.0,52888
2016-12-03,Pavagadh,5,12,2016,1,0,None,27.4,0.0,27421
2016-12-04,Somnath,6,12,2016,1,0,None,27.8,0.0,33125
2016-12-04,Dwarka,6,12,2016,1,0,None,18.6,0.0,31544
2016-12-04,Ambaji,6,12,2016,1,0,None,24.6,0.0,46751
2016-12-04,Pavagadh,6,12,2016,1,0,None,25.2,0.0,27444
2016-12-05,Somnath,0,12,2016,0,0,None,20.2,0.0,24359
2016-12-05,Dwarka,0,12,2016,0,0,None,26.5,0.0,21484
2016-12-05,Ambaji,0,12,2016,0,0,None,23.9,0.0,33188
2016-12-05,Pavagadh,0,12,2016,0,0,None,19.7,0.0,20470
2016-12-06,Somnath,1,12,2016,0,0,None,27.8,0.0,26015
2016-12-06,Dwarka,1,12,2016,0,0,None,20.2,0.0,22052
2016-12-06,Ambaji,1,12,2016,0,0,None,21.2,0.0,33340
2016-12-06,Pavagadh,1,12,2016,0,0,None,18.4,0.0,19968
2016-12-07,Somnath,2,12,2016,0,0,None,18.9,0.0,23012
2016-12-07,Dwarka,2,12,2016,0,0,None,24.1,0.0,23118
2016-12-07,Ambaji,2,12,2016,0,0,None,18.2,0.0,37734
2016-12-07,Pavagadh,2,12,2016,0,0,None,25.2,0.0,21284
2016-12-08,Somnath,3,12,2016,0,0,None,22.9,0.0,25503
2016-12-08,Dwarka,3,12,2016,0,0,None,24.8,2.0,20822
2016-12-08,Ambaji,3,12,2016,0,0,None,24.2,0.0,31776
2016-12-08,Pavagadh,3,12,2016,0,0,None,18.1,0.0,20596
2016-12-09,Somnath,4,12,2016,0,0,None,23.7,0.0,22659
2016-12-09,Dwarka,4,12,2016,0,0,None,22.7,0.0,21549
2016-12-09,Ambaji,4,12,2016,0,0,None,24.2,0.0,36987
2016-12-09,Pavagadh,4,12,2016,0,0,None,23.2,0.0,19565
2016-12-10,Somnath,5,12,2016,1,0,None,26.9,0.0,30871
2016-12-10,Dwarka,5,12,2016,1,0,None,26.0,0.0,28019
2016-12-10,Ambaji,5,12,2016,1,0,None,27.0,0.0,50521
2016-12-10,Pavagadh,5,12,2016,1,0,None,22.7,0.0,27440
2016-12-11,Somnath,6,12,2016,1,0,None,22.2,0.0,34694
2016-12-11,Dwarka,6,12,2016,1,0,None,23.2,0.0,29268
2016-12-11,Ambaji,6,12,2016,1,0,None,19.8,0.0,50100
2016-12-11,Pavagadh,6,12,2016,1,0,None,24.3,0.0,28547
2016-12-12,Somnath,0,12,2016,0,0,None,21.9,0.0,25700
2016-12-12,Dwarka,0,12,2016,0,0,None,22.9,0.0,23648
2016-12-12,Ambaji,0,12,2016,0,0,None,19.7,0.0,35912
2016-12-12,Pavagadh,0,12,2016,0,0,None,21.0,0.0,21554
2016-12-13,Somnath,1,12,2016,0,0,None,20.3,0.0,26087
2016-12-13,Dwarka,1,12,2016,0,0,None,25.6,0.0,20830
2016-12-13,Ambaji,1,12,2016,0,0,None,23.2,0.0,33638
2016-12-13,Pavagadh,1,12,2016,0,0,None,21.2,0.0,18820
2016-12-14,Somnath,2,12,2016,0,0,None,25.9,0.0,22642
2016-12-14,Dwarka,2,12,2016,0,0,None,24.3,0.0,21257
2016-12-14,Ambaji,2,12,2016,0,0,None,19.2,0.0,37844
2016-12-14,Pavagadh,2,12,2016,0,0,None,25.8,0.0,19260
2016-12-15,Somnath,3,12,2016,0,0,None,23.4,0.0,25894
2016-12-15,Dwarka,3,12,2016,0,0,None,25.3,0.0,20945
2016-12-15,Ambaji,3,12,2016,0,0,None,18.2,0.0,36447
2016-12-15,Pavagadh,3,12,2016,0,0,None,25.9,0.0,19047
2016-12-16,Somnath,4,12,2016,0,0,None,23.1,0.0,26802
2016-12-16,Dwarka,4,12,2016,0,0,None,22.7,0.0,22354
2016-12-16,Ambaji,4,12,2016,0,0,None,25.7,0.0,37319
2016-12-16,Pavagadh,4,12,2016,0,0,None,20.7,0.0,18856
2016-12-17,Somnath,5,12,2016,1,0,None,22.8,0.0,36993
2016-12-17,Dwarka,5,12,2016,1,0,None,19.6,0.0,29768
2016-12-17,Ambaji,5,12,2016,1,0,None,25.0,0.0,44894
2016-12-17,Pavagadh,5,12,2016,1,0,None,27.4,0.0,28359
2016-12-18,Somnath,6,12,2016,1,0,None,26.7,0.0,37201
2016-12-18,Dwarka,6,12,2016,1,0,None,24.7,0.0,29269
2016-12-18,Ambaji,6,12,2016,1,0,None,22.7,0.0,47207
2016-12-18,Pavagadh,6,12,2016,1,0,None,21.8,0.0,27455
2016-12-19,Somnath,0,12,2016,0,0,None,27.2,0.0,25618
2016-12-19,Dwarka,0,12,2016,0,0,None,26.3,0.0,21693
2016-12-19,Ambaji,0,12,2016,0,0,None,22.1,0.0,37978
2016-12-19,Pavagadh,0,12,2016,0,0,None,26.3,0.0,18432
2016-12-20,Somnath,1,12,2016,0,0,None,22.3,0.0,25595
2016-12-20,Dwarka,1,12,2016,0,0,None,19.4,0.0,19831
2016-12-20,Ambaji,1,12,2016,0,0,None,21.2,0.0,34888
2016-12-20,Pavagadh,1,12,2016,0,0,None,27.8,0.0,19436
2016-12-21,Somnath,2,12,2016,0,0,None,18.5,0.0,27056
2016-12-21,Dwarka,2,12,2016,0,0,None,26.2,0.0,24190
2016-12-21,Ambaji,2,12,2016,0,0,None,20.6,0.0,37856
2016-12-21,Pavagadh,2,12,2016,0,0,None,20.4,0.0,19237
2016-12-22,Somnath,3,12,2016,0,0,None,27.8,0.0,27267
2016-12-22,Dwarka,3,12,2016,0,0,None,18.5,0.0,22141
2016-12-22,Ambaji,3,12,2016,0,0,None,22.8,0.0,36439
2016-12-22,Pavagadh,3,12,2016,0,0,None,19.9,0.0,19012
2016-12-23,Somnath,4,12,2016,0,0,None,27.6,0.0,23498
2016-12-23,Dwarka,4,12,2016,0,0,None,20.4,0.0,20824
2016-12-23,Ambaji,4,12,2016,0,0,None,22.9,0.0,36484
2016-12-23,Pavagadh,4,12,2016,0,0,None,23.8,0.0,20775
2016-12-24,Somnath,5,12,2016,1,0,None,19.7,0.0,33190
2016-12-24,Dwarka,5,12,2016,1,0,None,21.5,0.0,29539
2016-12-24,Ambaji,5,12,2016,1,0,None,19.4,0.0,51157
2016-12-24,Pavagadh,5,12,2016,1,0,None,22.9,0.0,28014
2016-12-25,Somnath,6,12,2016,1,1,None,23.8,0.0,35155
2016-12-25,Dwarka,6,12,2016,1,1,None,22.4,0.0,31270
2016-12-25,Ambaji,6,12,2016,1,1,None,19.0,0.0,55667
2016-12-25,Pavagadh,6,12,2016,1,1,None,27.6,0.0,25385
2016-12-26,Somnath,0,12,2016,0,0,None,26.2,0.0,25507
2016-12-26,Dwarka,0,12,2016,0,0,None,24.1,0.0,23779
2016-12-26,Ambaji,0,12,2016,0,0,None,23.0,0.0,38482
2016-12-26,Pavagadh,0,12,2016,0,0,None,22.9,0.0,20052
2016-12-27,Somnath,1,12,2016,0,0,None,26.1,0.0,26442
2016-12-27,Dwarka,1,12,2016,0,0,None,25.1,0.0,23593
2016-12-27,Ambaji,1,12,2016,0,0,None,26.9,0.0,32413
2016-12-27,Pavagadh,1,12,2016,0,0,None,27.8,0.0,21572
2016-12-28,Somnath,2,12,2016,0,0,None,26.9,0.0,25732
2016-12-28,Dwarka,2,12,2016,0,0,None,23.5,0.0,23080
2016-12-28,Ambaji,2,12,2016,0,0,None,23.1,0.0,35018
2016-12-28,Pavagadh,2,12,2016,0,0,None,22.9,0.0,19114
2016-12-29,Somnath,3,12,2016,0,0,None,19.6,0.0,27364
2016-12-29,Dwarka,3,12,2016,0,0,None,19.5,0.0,22398
2016-12-29,Ambaji,3,12,2016,0,0,None,24.1,0.0,37056
2016-12-29,Pavagadh,3,12,2016,0,0,None,25.9,0.0,19154
2016-12-30,Somnath,4,12,2016,0,0,None,27.4,0.0,25988
2016-12-30,Dwarka,4,12,2016,0,0,None,18.8,0.0,22260
2016-12-30,Ambaji,4,12,2016,0,0,None,19.9,0.0,35707
2016-12-30,Pavagadh,4,12,2016,0,0,None,21.3,0.0,21361
2016-12-31,Somnath,5,12,2016,1,0,None,21.2,0.0,35248
2016-12-31,Dwarka,5,12,2016,1,0,None,19.5,0.0,31247
2016-12-31,Ambaji,5,12,2016,1,0,None,27.1,0.0,47517
2016-12-31,Pavagadh,5,12,2016,1,0,None,22.6,0.0,30268
2017-01-01,Somnath,6,1,2017,1,0,None,26.5,0.0,35295
2017-01-01,Dwarka,6,1,2017,1,0,None,21.9,0.0,33725
2017-01-01,Ambaji,6,1,2017,1,0,None,25.3,0.0,55482
2017-01-01,Pavagadh,6,1,2017,1,0,None,26.1,0.0,26306
2017-01-02,Somnath,0,1,2017,0,0,None,18.2,0.0,25025
2017-01-02,Dwarka,0,1,2017,0,0,None,23.3,0.0,23810
2017-01-02,Ambaji,0,1,2017,0,0,None,19.6,0.0,34467
2017-01-02,Pavagadh,0,1,2017,0,0,None,21.6,0.0,20096
2017-01-03,Somnath,1,1,2017,0,0,None,23.7,0.0,26529
2017-01-03,Dwarka,1,1,2017,0,0,None,19.3,0.0,21715
2017-01-03,Ambaji,1,1,2017,0,0,None,20.9,0.0,34910
2017-01-03,Pavagadh,1,1,2017,0,0,None,21.6,0.0,20778
2017-01-04,Somnath,2,1,2017,0,0,None,25.7,0.0,22747
2017-01-04,Dwarka,2,1,2017,0,0,None,26.5,0.0,23923
2017-01-04,Ambaji,2,1,2017,0,0,None,24.3,0.0,33225
2017-01-04,Pavagadh,2,1,2017,0,0,None,18.1,0.0,18550
2017-01-05,Somnath,3,1,2017,0,0,None,24.1,0.0,25143
2017-01-05,Dwarka,3,1,2017,0,0,None,23.9,0.0,19954
2017-01-05,Ambaji,3,1,2017,0,0,None,18.4,0.0,36673
2017-01-05,Pavagadh,3,1,2017,0,0,None,21.2,0.0,19726
2017-01-06,Somnath,4,1,2017,0,0,None,22.5,0.0,26065
2017-01-06,Dwarka,4,1,2017,0,0,None,20.7,0.0,22246
2017-01-06,Ambaji,4,1,2017,0,0,None,21.3,0.0,36028
2017-01-06,Pavagadh,4,1,2017,0,0,None,22.9,0.0,20176
2017-01-07,Somnath,5,1,2017,1,0,None,25.4,0.0,36429
2017-01-07,Dwarka,5,1,2017,1,0,None,26.7,0.0,32023
2017-01-07,Ambaji,5,1,2017,1,0,None,23.8,0.0,46888
2017-01-07,Pavagadh,5,1,2017,1,0,None,25.5,0.0,27153
2017-01-08,Somnath,6,1,2017,1,0,None,24.0,0.0,31354
2017-01-08,Dwarka,6,1,2017,1,0,None,23.6,0.0,29713
2017-01-08,Ambaji,6,1,2017,1,0,None,25.4,0.0,50899
2017-01-08,Pavagadh,6,1,2017,1,0,None,27.5,0.0,25333
2017-01-09,Somnath,0,1,2017,0,0,None,22.4,0.0,25378
2017-01-09,Dwarka,0,1,2017,0,0,None,23.8,0.0,22043
2017-01-09,Ambaji,0,1,2017,0,0,None,19.0,0.0,33668
2017-01-09,Pavagadh,0,1,2017,0,0,None,27.7,0.0,21833
2017-01-10,Somnath,1,1,2017,0,0,None,18.9,0.0,22732
2017-01-10,Dwarka,1,1,2017,0,0,None,25.1,0.0,21709
2017-01-10,Ambaji,1,1,2017,0,0,None,27.3,0.0,35910
2017-01-10,Pavagadh,1,1,2017,0,0,None,26.5,0.0,19417
2017-01-11,Somnath,2,1,2017,0,0,None,27.1,0.0,27382
2017-01-11,Dwarka,2,1,2017,0,0,None,27.0,0.0,23424
2017-01-11,Ambaji,2,1,2017,0,0,None,22.1,2.0,34805
2017-01-11,Pavagadh,2,1,2017,0,0,None,23.5,0.0,19286
2017-01-12,Somnath,3,1,2017,0,0,None,18.8,0.0,26513
2017-01-12,Dwarka,3,1,2017,0,0,None,19.4,0.0,22553
2017-01-12,Ambaji,3,1,2017,0,0,None,22.1,0.0,37518
2017-01-12,Pavagadh,3,1,2017,0,0,None,25.0,0.0,20438
2017-01-13,Somnath,4,1,2017,0,0,None,18.9,0.0,23468
2017-01-13,Dwarka,4,1,2017,0,0,None,20.1,0.0,23809
2017-01-13,Ambaji,4,1,2017,0,0,None,22.0,0.0,36041
2017-01-13,Pavagadh,4,1,2017,0,0,None,26.7,0.0,21475
2017-01-14,Somnath,5,1,2017,1,0,None,23.4,0.0,32192
2017-01-14,Dwarka,5,1,2017,1,0,None,21.9,0.0,35134
2017-01-14,Ambaji,5,1,2017,1,0,None,19.3,0.0,45994
2017-01-14,Pavagadh,5,1,2017,1,0,None,24.1,0.0,30766
2017-01-15,Somnath,6,1,2017,1,0,None,26.4,0.0,33707
2017-01-15,Dwarka,6,1,2017,1,0,None,23.6,0.0,28788
2017-01-15,Ambaji,6,1,2017,1,0,None,21.6,0.0,51087
2017-01-15,Pavagadh,6,1,2017,1,0,None,25.5,0.0,30518
2017-01-16,Somnath,0,1,2017,0,0,None,22.8,0.0,23572
2017-01-16,Dwarka,0,1,2017,0,0,None,18.7,0.0,23529
2017-01-16,Ambaji,0,1,2017,0,0,None,27.9,0.0,38056
2017-01-16,Pavagadh,0,1,2017,0,0,None,26.3,0.0,20276
2017-01-17,Somnath,1,1,2017,0,0,None,21.8,0.0,24660
2017-01-17,Dwarka,1,1,2017,0,0,None,23.4,0.0,22285
2017-01-17,Ambaji,1,1,2017,0,0,None,22.7,0.0,37674
2017-01-17,Pavagadh,1,1,2017,0,0,None,22.4,0.0,18556
2017-01-18,Somnath,2,1,2017,0,0,None,18.0,0.0,26022
2017-01-18,Dwarka,2,1,2017,0,0,None,19.0,0.0,20746
2017-01-18,Ambaji,2,1,2017,0,0,None,20.0,0.0,31597
2017-01-18,Pavagadh,2,1,2017,0,0,None,25.7,0.0,20456
2017-01-19,Somnath,3,1,2017,0,0,None,19.9,0.0,24879
2017-01-19,Dwarka,3,1,2017,0,0,None,27.5,0.0,23019
2017-01-19,Ambaji,3,1,2017,0,0,None,22.4,0.0,34691
2017-01-19,Pavagadh,3,1,2017,0,0,None,18.7,0.0,18973
2017-01-20,Somnath,4,1,2017,0,0,None,25.3,0.0,27275
2017-01-20,Dwarka,4,1,2017,0,0,None,19.9,0.0,23361
2017-01-20,Ambaji,4,1,2017,0,0,None,27.7,0.0,36591
2017-01-20,Pavagadh,4,1,2017,0,0,None,21.7,0.0,19772
2017-01-21,Somnath,5,1,2017,1,0,None,19.7,2.0,33569
2017-01-21,Dwarka,5,1,2017,1,0,None,24.3,0.0,29094
2017-01-21,Ambaji,5,1,2017,1,0,None,23.6,0.0,54811
2017-01-21,Pavagadh,5,1,2017,1,0,None,27.7,0.0,25487
2017-01-22,Somnath,6,1,2017,1,0,None,18.1,0.0,33963
2017-01-22,Dwarka,6,1,2017,1,0,None,23.1,0.0,30985
2017-01-22,Ambaji,6,1,2017,1,0,None,21.7,0.0,47991
2017-01-22,Pavagadh,6,1,2017,1,0,None,21.6,0.0,29667
2017-01-23,Somnath,0,1,2017,0,0,None,21.6,0.0,26380
2017-01-23,Dwarka,0,1,2017,0,0,None,22.9,0.0,20658
2017-01-23,Ambaji,0,1,2017,0,0,None,19.7,0.0,33102
2017-01-23,Pavagadh,0,1,2017,0,0,None,23.3,0.0,20318
2017-01-24,Somnath,1,1,2017,0,0,None,26.8,0.0,24755
2017-01-24,Dwarka,1,1,2017,0,0,None,18.2,0.0,22467
2017-01-24,Ambaji,1,1,2017,0,0,None,23.6,0.0,32578
2017-01-24,Pavagadh,1,1,2017,0,0,None,24.5,0.0,21002
2017-01-25,Somnath,2,1,2017,0,0,None,21.4,0.0,22739
2017-01-25,Dwarka,2,1,2017,0,0,None,22.1,0.0,20798
2017-01-25,Ambaji,2,1,2017,0,0,None,26.0,0.0,35612
2017-01-25,Pavagadh,2,1,2017,0,0,None,21.5,0.0,20389
2017-01-26,Somnath,3,1,2017,0,1,None,22.7,0.0,35974
2017-01-26,Dwarka,3,1,2017,0,1,None,20.1,0.0,34418
2017-01-26,Ambaji,3,1,2017,0,1,None,25.9,0.0,59098
2017-01-26,Pavagadh,3,1,2017,0,1,None,27.2,0.0,29651
2017-01-27,Somnath,4,1,2017,0,0,None,20.2,0.0,26080
2017-01-27,Dwarka,4,1,2017,0,0,None,21.4,0.0,21291
2017-01-27,Ambaji,4,1,2017,0,0,None,26.2,0.0,32713
2017-01-27,Pavagadh,4,1,2017,0,0,None,21.4,0.0,19394
2017-01-28,Somnath,5,1,2017,1,0,None,25.6,0.0,36566
2017-01-28,Dwarka,5,1,2017,1,0,None,18.7,0.0,30229
2017-01-28,Ambaji,5,1,2017,1,0,None,20.9,0.0,51911
2017-01-28,Pavagadh,5,1,2017,1,0,None,24.4,0.0,28236
2017-01-29,Somnath,6,1,2017,1,0,None,25.1,0.0,38428
2017-01-29,Dwarka,6,1,2017,1,0,None,20.0,0.0,28036
2017-01-29,Ambaji,6,1,2017,1,0,None,27.5,0.0,50445
2017-01-29,Pavagadh,6,1,2017,1,0,None,18.3,0.0,29550
2017-01-30,Somnath,0,1,2017,0,0,None,20.3,0.0,24316
2017-01-30,Dwarka,0,1,2017,0,0,None,20.6,0.0,24052
2017-01-30,Ambaji,0,1,2017,0,0,None,23.7,0.0,36056
2017-01-30,Pavagadh,0,1,2017,0,0,None,22.8,0.0,19885
2017-01-31,Somnath,1,1,2017,0,0,None,26.7,0.0,23144
2017-01-31,Dwarka,1,1,2017,0,0,None,26.6,0.0,23712
2017-01-31,Ambaji,1,1,2017,0,0,None,27.4,0.0,35006
2017-01-31,Pavagadh,1,1,2017,0,0,None,21.7,0.0,21174
2017-02-01,Somnath,2,2,2017,0,0,None,20.8,0.0,26043
2017-02-01,Dwarka,2,2,2017,0,0,None,19.3,0.0,22466
2017-02-01,Ambaji,2,2,2017,0,0,None,27.5,0.0,32257
2017-02-01,Pavagadh,2,2,2017,0,0,None,23.1,0.0,21878
2017-02-02,Somnath,3,2,2017,0,0,None,18.4,0.0,25125
2017-02-02,Dwarka,3,2,2017,0,0,None,21.7,0.0,22537
2017-02-02,Ambaji,3,2,2017,0,0,None,23.9,0.0,37871
2017-02-02,Pavagadh,3,2,2017,0,0,None,21.0,0.0,20175
2017-02-03,Somnath,4,2,2017,0,0,None,19.0,0.0,24372
2017-02-03,Dwarka,4,2,2017,0,0,None,18.8,0.0,22440
2017-02-03,Ambaji,4,2,2017,0,0,None,23.1,0.0,31888
2017-02-03,Pavagadh,4,2,2017,0,0,None,20.8,0.0,18319
2017-02-04,Somnath,5,2,2017,1,0,None,26.6,0.0,35651
2017-02-04,Dwarka,5,2,2017,1,0,None,24.1,0.0,27249
2017-02-04,Ambaji,5,2,2017,1,0,None,19.3,0.0,49972
2017-02-04,Pavagadh,5,2,2017,1,0,None,25.9,0.0,27933
2017-02-05,Somnath,6,2,2017,1,0,None,22.7,0.0,34728
2017-02-05,Dwarka,6,2,2017,1,0,None,18.1,0.0,31791
2017-02-05,Ambaji,6,2,2017,1,0,None,26.6,0.0,46200
2017-02-05,Pavagadh,6,2,2017,1,0,None,24.1,0.0,29415
2017-02-06,Somnath,0,2,2017,0,0,None,21.2,0.0,26250
2017-02-06,Dwarka,0,2,2017,0,0,None,20.1,0.0,21649
2017-02-06,Ambaji,0,2,2017,0,0,None,23.8,0.0,37545
2017-02-06,Pavagadh,0,2,2017,0,0,None,21.7,0.0,21100
2017-02-07,Somnath,1,2,2017,0,0,None,22.3,0.0,27022
2017-02-07,Dwarka,1,2,2017,0,0,None,20.0,0.0,19889
2017-02-07,Ambaji,1,2,2017,0,0,None,24.2,0.0,33677
2017-02-07,Pavagadh,1,2,2017,0,0,None,21.2,0.0,20720
2017-02-08,Somnath,2,2,2017,0,0,None,18.6,0.0,23612
2017-02-08,Dwarka,2,2,2017,0,0,None,28.0,0.0,23194
2017-02-08,Ambaji,2,2,2017,0,0,None,20.2,0.0,37624
2017-02-08,Pavagadh,2,2,2017,0,0,None,26.6,0.0,20809
2017-02-09,Somnath,3,2,2017,0,0,None,23.6,0.0,24075
2017-02-09,Dwarka,3,2,2017,0,0,None,23.2,0.0,21357
2017-02-09,Ambaji,3,2,2017,0,0,None,26.9,0.0,32546
2017-02-09,Pavagadh,3,2,2017,0,0,None,23.8,0.0,18778
2017-02-10,Somnath,4,2,2017,0,0,None,21.9,0.0,23733
2017-02-10,Dwarka,4,2,2017,0,0,None,24.7,0.0,21771
2017-02-10,Ambaji,4,2,2017,0,0,None,27.4,0.0,34705
2017-02-10,Pavagadh,4,2,2017,0,0,None,23.7,0.0,20368
2017-02-11,Somnath,5,2,2017,1,0,None,26.8,0.0,32053
2017-02-11,Dwarka,5,2,2017,1,0,None,18.4,0.0,33585
2017-02-11,Ambaji,5,2,2017,1,0,None,24.6,0.0,51241
2017-02-11,Pavagadh,5,2,2017,1,0,None,26.7,0.0,30887
2017-02-12,Somnath,6,2,2017,1,0,None,20.6,0.0,32618
2017-02-12,Dwarka,6,2,2017,1,0,None,23.9,0.0,31417
2017-02-12,Ambaji,6,2,2017,1,0,None,24.4,0.0,48795
2017-02-12,Pavagadh,6,2,2017,1,0,None,23.1,0.0,28370
2017-02-13,Somnath,0,2,2017,0,0,None,26.7,0.0,25852
2017-02-13,Dwarka,0,2,2017,0,0,None,27.3,0.0,23993
2017-02-13,Ambaji,0,2,2017,0,0,None,25.0,0.0,37848
2017-02-13,Pavagadh,0,2,2017,0,0,None,22.8,0.0,20265
2017-02-14,Somnath,1,2,2017,0,0,None,19.5,0.0,26655
2017-02-14,Dwarka,1,2,2017,0,0,None,18.2,0.0,19810
2017-02-14,Ambaji,1,2,2017,0,0,None,22.2,0.0,37091
2017-02-14,Pavagadh,1,2,2017,0,0,None,27.5,0.0,19018
2017-02-15,Somnath,2,2,2017,0,0,None,27.2,0.0,25372
2017-02-15,Dwarka,2,2,2017,0,0,None,25.0,0.0,22934
2017-02-15,Ambaji,2,2,2017,0,0,None,21.7,0.0,31781
2017-02-15,Pavagadh,2,2,2017,0,0,None,21.9,0.0,18667
2017-02-16,Somnath,3,2,2017,0,0,None,18.2,0.0,25773
2017-02-16,Dwarka,3,2,2017,0,0,None,26.0,2.0,21323
2017-02-16,Ambaji,3,2,2017,0,0,None,24.0,0.0,32669
2017-02-16,Pavagadh,3,2,2017,0,0,None,25.2,0.0,18355
2017-02-17,Somnath,4,2,2017,0,0,None,26.6,0.0,22667
2017-02-17,Dwarka,4,2,2017,0,0,None,18.9,0.0,21272
2017-02-17,Ambaji,4,2,2017,0,0,None,23.1,0.0,33373
2017-02-17,Pavagadh,4,2,2017,0,0,None,27.1,0.0,18182
2017-02-18,Somnath,5,2,2017,1,0,None,21.0,0.0,32978
2017-02-18,Dwarka,5,2,2017,1,0,None,19.3,0.0,31858
2017-02-18,Ambaji,5,2,2017,1,0,None,21.8,0.0,49437
2017-02-18,Pavagadh,5,2,2017,1,0,None,27.0,0.0,28617
2017-02-19,Somnath,6,2,2017,1,0,None,27.5,0.0,31603
2017-02-19,Dwarka,6,2,2017,1,0,None,22.7,0.0,33748
2017-02-19,Ambaji,6,2,2017,1,0,None,25.3,2.0,50963
2017-02-19,Pavagadh,6,2,2017,1,0,None,25.7,0.0,26645
2017-02-20,Somnath,0,2,2017,0,0,None,25.9,0.0,23961
2017-02-20,Dwarka,0,2,2017,0,0,None,24.6,0.0,20721
2017-02-20,Ambaji,0,2,2017,0,0,None,18.3,0.0,35486
2017-02-20,Pavagadh,0,2,2017,0,0,None,26.8,0.0,20115
2017-02-21,Somnath,1,2,2017,0,0,None,25.5,0.0,26230
2017-02-21,Dwarka,1,2,2017,0,0,None,20.0,0.0,22590
2017-02-21,Ambaji,1,2,2017,0,0,None,18.2,0.0,37348
2017-02-21,Pavagadh,1,2,2017,0,0,None,22.0,0.0,21405
2017-02-22,Somnath,2,2,2017,0,0,None,25.8,0.0,24119
2017-02-22,Dwarka,2,2,2017,0,0,None,24.8,0.0,20513
2017-02-22,Ambaji,2,2,2017,0,0,None,21.1,0.0,36317
2017-02-22,Pavagadh,2,2,2017,0,0,None,27.9,0.0,21767
2017-02-23,Somnath,3,2,2017,0,0,None,20.2,0.0,22601
2017-02-23,Dwarka,3,2,2017,0,0,None,24.7,0.0,21325
2017-02-23,Ambaji,3,2,2017,0,0,None,26.6,0.0,31656
2017-02-23,Pavagadh,3,2,2017,0,0,None,24.1,0.0,19662
2017-02-24,Somnath,4,2,2017,0,0,Maha Shivratri,26.3,0.0,352987
2017-02-24,Dwarka,4,2,2017,0,0,None,24.6,0.0,20909
2017-02-24,Ambaji,4,2,2017,0,0,None,21.2,0.0,36832
2017-02-24,Pavagadh,4,2,2017,0,0,None,21.3,0.0,18246
2017-02-25,Somnath,5,2,2017,1,0,None,20.1,0.0,35191
2017-02-25,Dwarka,5,2,2017,1,0,None,25.2,0.0,34439
2017-02-25,Ambaji,5,2,2017,1,0,None,23.5,0.0,53826
2017-02-25,Pavagadh,5,2,2017,1,0,None,18.3,0.0,31373
2017-02-26,Somnath,6,2,2017,1,0,None,23.8,0.0,34384
2017-02-26,Dwarka,6,2,2017,1,0,None,24.7,0.0,32092
2017-02-26,Ambaji,6,2,2017,1,0,None,19.5,0.0,46144
2017-02-26,Pavagadh,6,2,2017,1,0,None,20.7,0.0,27243
2017-02-27,Somnath,0,2,2017,0,0,None,27.4,0.0,24448
2017-02-27,Dwarka,0,2,2017,0,0,None,24.1,0.0,23767
2017-02-27,Ambaji,0,2,2017,0,0,None,27.2,0.0,33098
2017-02-27,Pavagadh,0,2,2017,0,0,None,18.2,0.0,18566
2017-02-28,Somnath,1,2,2017,0,0,None,25.1,0.0,22719
2017-02-28,Dwarka,1,2,2017,0,0,None,26.4,0.0,21701
2017-02-28,Ambaji,1,2,2017,0,0,None,24.7,0.0,34589
2017-02-28,Pavagadh,1,2,2017,0,0,None,18.7,0.0,21059
2017-03-01,Somnath,2,3,2017,0,0,None,42.1,0.0,23213
2017-03-01,Dwarka,2,3,2017,0,0,None,42.4,0.0,20832
2017-03-01,Ambaji,2,3,2017,0,0,None,38.7,0.0,35894
2017-03-01,Pavagadh,2,3,2017,0,0,None,34.1,0.0,20116
2017-03-02,Somnath,3,3,2017,0,0,None,41.6,0.0,20767
2017-03-02,Dwarka,3,3,2017,0,0,None,41.6,0.0,18408
2017-03-02,Ambaji,3,3,2017,0,0,None,40.5,0.0,33958
2017-03-02,Pavagadh,3,3,2017,0,0,None,36.0,0.0,20215
2017-03-03,Somnath,4,3,2017,0,0,None,39.9,0.0,27008
2017-03-03,Dwarka,4,3,2017,0,0,None,35.6,1.0,19909
2017-03-03,Ambaji,4,3,2017,0,0,None,36.1,0.0,33422
2017-03-03,Pavagadh,4,3,2017,0,0,None,35.0,0.0,20449
2017-03-04,Somnath,5,3,2017,1,0,None,36.8,0.0,38262
2017-03-04,Dwarka,5,3,2017,1,0,None,34.2,1.0,27679
2017-03-04,Ambaji,5,3,2017,1,0,None,33.0,0.0,42951
2017-03-04,Pavagadh,5,3,2017,1,0,None,35.3,0.0,30217
2017-03-05,Somnath,6,3,2017,1,0,None,40.4,0.0,36868
2017-03-05,Dwarka,6,3,2017,1,0,None,32.1,0.0,32115
2017-03-05,Ambaji,6,3,2017,1,0,None,35.8,0.0,51334
2017-03-05,Pavagadh,6,3,2017,1,0,None,35.5,0.0,26275
2017-03-06,Somnath,0,3,2017,0,0,None,32.1,0.0,23159
2017-03-06,Dwarka,0,3,2017,0,0,None,39.3,0.0,21704
2017-03-06,Ambaji,0,3,2017,0,0,None,34.2,0.0,32312
2017-03-06,Pavagadh,0,3,2017,0,0,None,32.3,0.0,21817
2017-03-07,Somnath,1,3,2017,0,0,None,33.6,0.0,22839
2017-03-07,Dwarka,1,3,2017,0,0,None,33.2,0.0,21845
2017-03-07,Ambaji,1,3,2017,0,0,None,42.5,1.0,33141
2017-03-07,Pavagadh,1,3,2017,0,0,None,37.0,0.0,21788
2017-03-08,Somnath,2,3,2017,0,0,None,38.6,0.0,23659
2017-03-08,Dwarka,2,3,2017,0,0,None,32.5,1.0,21180
2017-03-08,Ambaji,2,3,2017,0,0,None,36.9,0.0,37358
2017-03-08,Pavagadh,2,3,2017,0,0,None,32.3,0.0,18561
2017-03-09,Somnath,3,3,2017,0,0,None,41.8,0.0,21946
2017-03-09,Dwarka,3,3,2017,0,0,None,35.4,0.0,23580
2017-03-09,Ambaji,3,3,2017,0,0,None,36.4,0.0,32689
2017-03-09,Pavagadh,3,3,2017,0,0,None,36.2,0.0,19452
2017-03-10,Somnath,4,3,2017,0,0,None,42.5,1.0,20217
2017-03-10,Dwarka,4,3,2017,0,0,None,41.5,0.0,17863
2017-03-10,Ambaji,4,3,2017,0,0,None,38.6,0.0,32433
2017-03-10,Pavagadh,4,3,2017,0,0,None,33.2,1.0,21004
2017-03-11,Somnath,5,3,2017,1,0,None,38.5,0.0,36435
2017-03-11,Dwarka,5,3,2017,1,0,None,36.1,0.0,31296
2017-03-11,Ambaji,5,3,2017,1,0,None,42.8,0.0,46476
2017-03-11,Pavagadh,5,3,2017,1,0,None,40.8,0.0,29374
2017-03-12,Somnath,6,3,2017,1,0,None,40.2,0.0,31616
2017-03-12,Dwarka,6,3,2017,1,0,None,36.7,0.0,32441
2017-03-12,Ambaji,6,3,2017,1,0,None,35.1,0.0,48720
2017-03-12,Pavagadh,6,3,2017,1,0,None,42.9,0.0,23268
2017-03-13,Somnath,0,3,2017,0,0,None,38.7,0.0,23769
2017-03-13,Dwarka,0,3,2017,0,0,None,40.4,0.0,21220
2017-03-13,Ambaji,0,3,2017,0,0,None,38.0,0.0,34667
2017-03-13,Pavagadh,0,3,2017,0,0,None,41.7,0.0,19016
2017-03-14,Somnath,1,3,2017,0,0,None,34.1,0.0,25029
2017-03-14,Dwarka,1,3,2017,0,0,None,36.4,0.0,21633
2017-03-14,Ambaji,1,3,2017,0,0,None,32.8,0.0,34411
2017-03-14,Pavagadh,1,3,2017,0,0,None,35.4,1.0,19502
2017-03-15,Somnath,2,3,2017,0,0,None,40.3,0.0,26020
2017-03-15,Dwarka,2,3,2017,0,0,None,34.9,1.0,22132
2017-03-15,Ambaji,2,3,2017,0,0,None,41.1,0.0,31146
2017-03-15,Pavagadh,2,3,2017,0,0,None,32.1,0.0,18771
2017-03-16,Somnath,3,3,2017,0,0,None,38.9,1.0,24822
2017-03-16,Dwarka,3,3,2017,0,0,None,41.0,0.0,21981
2017-03-16,Ambaji,3,3,2017,0,0,None,42.2,0.0,31175
2017-03-16,Pavagadh,3,3,2017,0,0,None,38.0,0.0,19775
2017-03-17,Somnath,4,3,2017,0,0,None,37.3,0.0,26980
2017-03-17,Dwarka,4,3,2017,0,0,None,36.6,0.0,23591
2017-03-17,Ambaji,4,3,2017,0,0,None,33.9,0.0,31674
2017-03-17,Pavagadh,4,3,2017,0,0,None,36.4,5.0,18402
2017-03-18,Somnath,5,3,2017,1,0,None,36.7,0.0,39760
2017-03-18,Dwarka,5,3,2017,1,0,None,34.6,0.0,30333
2017-03-18,Ambaji,5,3,2017,1,0,None,39.4,0.0,48164
2017-03-18,Pavagadh,5,3,2017,1,0,None,34.3,0.0,24741
2017-03-19,Somnath,6,3,2017,1,0,None,43.0,0.0,31957
2017-03-19,Dwarka,6,3,2017,1,0,None,40.0,0.0,32914
2017-03-19,Ambaji,6,3,2017,1,0,None,36.3,0.0,46223
2017-03-19,Pavagadh,6,3,2017,1,0,None,36.4,0.0,29045
2017-03-20,Somnath,0,3,2017,0,0,None,37.3,1.0,23968
2017-03-20,Dwarka,0,3,2017,0,0,None,36.6,0.0,22202
2017-03-20,Ambaji,0,3,2017,0,0,None,38.0,0.0,34290
2017-03-20,Pavagadh,0,3,2017,0,0,None,35.0,5.0,19233
2017-03-21,Somnath,1,3,2017,0,0,None,41.7,0.0,22294
2017-03-21,Dwarka,1,3,2017,0,0,None,41.2,0.0,18441
2017-03-21,Ambaji,1,3,2017,0,0,None,35.7,0.0,35687
2017-03-21,Pavagadh,1,3,2017,0,0,None,41.4,0.0,18952
2017-03-22,Somnath,2,3,2017,0,0,None,36.1,0.0,26046
2017-03-22,Dwarka,2,3,2017,0,0,None,41.4,0.0,17675
2017-03-22,Ambaji,2,3,2017,0,0,None,32.8,0.0,36795
2017-03-22,Pavagadh,2,3,2017,0,0,None,33.2,0.0,20222
2017-03-23,Somnath,3,3,2017,0,0,None,39.6,1.0,22918
2017-03-23,Dwarka,3,3,2017,0,0,None,41.9,0.0,20939
2017-03-23,Ambaji,3,3,2017,0,0,None,42.0,0.0,33154
2017-03-23,Pavagadh,3,3,2017,0,0,None,41.2,0.0,18550
2017-03-24,Somnath,4,3,2017,0,0,None,37.0,0.0,25046
2017-03-24,Dwarka,4,3,2017,0,0,None,42.4,0.0,19467
2017-03-24,Ambaji,4,3,2017,0,0,None,40.0,0.0,36253
2017-03-24,Pavagadh,4,3,2017,0,0,None,38.7,0.0,21443
2017-03-25,Somnath,5,3,2017,1,0,None,41.0,0.0,36111
2017-03-25,Dwarka,5,3,2017,1,0,None,34.8,0.0,32381
2017-03-25,Ambaji,5,3,2017,1,0,None,34.9,0.0,45052
2017-03-25,Pavagadh,5,3,2017,1,0,None,40.3,0.0,25480
2017-03-26,Somnath,6,3,2017,1,0,None,35.2,0.0,34236
2017-03-26,Dwarka,6,3,2017,1,0,None,42.1,0.0,26313
2017-03-26,Ambaji,6,3,2017,1,0,None,41.8,0.0,45011
2017-03-26,Pavagadh,6,3,2017,1,0,None,32.5,0.0,28558
2017-03-27,Somnath,0,3,2017,0,0,None,41.9,0.0,23625
2017-03-27,Dwarka,0,3,2017,0,0,None,40.8,0.0,20375
2017-03-27,Ambaji,0,3,2017,0,0,None,34.4,0.0,34195
2017-03-27,Pavagadh,0,3,2017,0,0,None,41.2,1.0,18155
2017-03-28,Somnath,1,3,2017,0,0,None,40.7,0.0,23335
2017-03-28,Dwarka,1,3,2017,0,0,None,32.4,0.0,23775
2017-03-28,Ambaji,1,3,2017,0,0,None,34.6,0.0,38288
2017-03-28,Pavagadh,1,3,2017,0,0,None,32.3,0.0,19285
2017-03-29,Somnath,2,3,2017,0,0,None,32.4,1.0,23198
2017-03-29,Dwarka,2,3,2017,0,0,None,38.1,0.0,20086
2017-03-29,Ambaji,2,3,2017,0,0,None,32.5,0.0,31999
2017-03-29,Pavagadh,2,3,2017,0,0,None,40.4,0.0,19371
2017-03-30,Somnath,3,3,2017,0,0,None,36.6,1.0,27053
2017-03-30,Dwarka,3,3,2017,0,0,None,39.9,0.0,21206
2017-03-30,Ambaji,3,3,2017,0,0,None,36.2,0.0,35865
2017-03-30,Pavagadh,3,3,2017,0,0,None,37.3,0.0,21944
2017-03-31,Somnath,4,3,2017,0,0,None,41.0,0.0,26136
2017-03-31,Dwarka,4,3,2017,0,0,None,35.0,0.0,21350
2017-03-31,Ambaji,4,3,2017,0,0,None,36.4,0.0,37203
2017-03-31,Pavagadh,4,3,2017,0,0,None,36.0,0.0,18295
2017-04-01,Somnath,5,4,2017,1,0,None,33.9,0.0,38744
2017-04-01,Dwarka,5,4,2017,1,0,None,43.0,0.0,30787
2017-04-01,Ambaji,5,4,2017,1,0,None,38.9,0.0,49497
2017-04-01,Pavagadh,5,4,2017,1,0,None,38.3,0.0,25998
2017-04-02,Somnath,6,4,2017,1,0,None,35.7,0.0,36395
2017-04-02,Dwarka,6,4,2017,1,0,None,32.4,0.0,30662
2017-04-02,Ambaji,6,4,2017,1,0,None,37.9,0.0,44194
2017-04-02,Pavagadh,6,4,2017,1,0,None,37.5,0.0,29575
2017-04-03,Somnath,0,4,2017,0,0,None,32.6,0.0,24144
2017-04-03,Dwarka,0,4,2017,0,0,None,39.2,0.0,22311
2017-04-03,Ambaji,0,4,2017,0,0,None,40.5,1.0,33327
2017-04-03,Pavagadh,0,4,2017,0,0,None,35.7,0.0,21708
2017-04-04,Somnath,1,4,2017,0,0,None,41.9,0.0,21560
2017-04-04,Dwarka,1,4,2017,0,0,None,33.2,0.0,20452
2017-04-04,Ambaji,1,4,2017,0,0,None,39.0,1.0,38477
2017-04-04,Pavagadh,1,4,2017,0,0,None,36.1,0.0,21425
2017-04-05,Somnath,2,4,2017,0,0,None,33.3,0.0,24544
2017-04-05,Dwarka,2,4,2017,0,0,None,34.3,0.0,20134
2017-04-05,Ambaji,2,4,2017,0,0,None,39.6,0.0,33679
2017-04-05,Pavagadh,2,4,2017,0,0,None,33.3,0.0,19973
2017-04-06,Somnath,3,4,2017,0,0,None,38.3,0.0,24552
2017-04-06,Dwarka,3,4,2017,0,0,None,34.1,0.0,20359
2017-04-06,Ambaji,3,4,2017,0,0,None,33.1,0.0,32961
2017-04-06,Pavagadh,3,4,2017,0,0,None,35.4,0.0,19797
2017-04-07,Somnath,4,4,2017,0,0,None,39.8,0.0,25721
2017-04-07,Dwarka,4,4,2017,0,0,None,39.9,0.0,21218
2017-04-07,Ambaji,4,4,2017,0,0,None,36.8,0.0,38394
2017-04-07,Pavagadh,4,4,2017,0,0,None,41.0,0.0,18022
2017-04-08,Somnath,5,4,2017,1,0,None,32.5,0.0,33291
2017-04-08,Dwarka,5,4,2017,1,0,None,41.4,0.0,26337
2017-04-08,Ambaji,5,4,2017,1,0,None,40.9,0.0,51963
2017-04-08,Pavagadh,5,4,2017,1,0,None,39.6,0.0,26840
2017-04-09,Somnath,6,4,2017,1,0,None,36.7,0.0,30759
2017-04-09,Dwarka,6,4,2017,1,0,None,32.1,0.0,26405
2017-04-09,Ambaji,6,4,2017,1,0,None,34.6,0.0,50374
2017-04-09,Pavagadh,6,4,2017,1,0,None,33.4,0.0,30479
2017-04-10,Somnath,0,4,2017,0,0,None,35.3,0.0,26074
2017-04-10,Dwarka,0,4,2017,0,0,None,40.0,0.0,23631
2017-04-10,Ambaji,0,4,2017,0,0,None,41.6,0.0,32139
2017-04-10,Pavagadh,0,4,2017,0,0,None,41.0,0.0,21967
2017-04-11,Somnath,1,4,2017,0,0,None,34.0,0.0,26860
2017-04-11,Dwarka,1,4,2017,0,0,None,34.5,0.0,20383
2017-04-11,Ambaji,1,4,2017,0,0,None,36.3,0.0,34045
2017-04-11,Pavagadh,1,4,2017,0,0,None,36.1,5.0,21979
2017-04-12,Somnath,2,4,2017,0,0,None,33.3,0.0,22758
2017-04-12,Dwarka,2,4,2017,0,0,None,32.3,0.0,24048
2017-04-12,Ambaji,2,4,2017,0,0,None,42.3,0.0,28742
2017-04-12,Pavagadh,2,4,2017,0,0,None,37.7,0.0,18886
2017-04-13,Somnath,3,4,2017,0,0,None,40.3,0.0,27110
2017-04-13,Dwarka,3,4,2017,0,0,None,39.2,0.0,23275
2017-04-13,Ambaji,3,4,2017,0,0,None,41.0,0.0,33878
2017-04-13,Pavagadh,3,4,2017,0,0,None,42.3,0.0,16927
2017-04-14,Somnath,4,4,2017,0,0,None,40.8,0.0,27097
2017-04-14,Dwarka,4,4,2017,0,0,None,37.9,0.0,22390
2017-04-14,Ambaji,4,4,2017,0,0,None,40.6,0.0,32708
2017-04-14,Pavagadh,4,4,2017,0,0,None,32.1,0.0,21546
2017-04-15,Somnath,5,4,2017,1,0,None,39.4,5.0,35460
2017-04-15,Dwarka,5,4,2017,1,0,None,41.0,0.0,31488
2017-04-15,Ambaji,5,4,2017,1,0,None,41.8,0.0,42546
2017-04-15,Pavagadh,5,4,2017,1,0,None,37.9,0.0,30674
2017-04-16,Somnath,6,4,2017,1,0,None,42.0,0.0,36489
2017-04-16,Dwarka,6,4,2017,1,0,None,33.4,0.0,29430
2017-04-16,Ambaji,6,4,2017,1,0,None,38.9,5.0,46662
2017-04-16,Pavagadh,6,4,2017,1,0,None,38.9,0.0,31550
2017-04-17,Somnath,0,4,2017,0,0,None,36.7,0.0,26781
2017-04-17,Dwarka,0,4,2017,0,0,None,37.4,0.0,20546
2017-04-17,Ambaji,0,4,2017,0,0,None,32.0,0.0,32277
2017-04-17,Pavagadh,0,4,2017,0,0,None,34.7,0.0,20241
2017-04-18,Somnath,1,4,2017,0,0,None,36.4,0.0,22778
2017-04-18,Dwarka,1,4,2017,0,0,None,33.4,0.0,21282
2017-04-18,Ambaji,1,4,2017,0,0,None,35.3,0.0,37770
2017-04-18,Pavagadh,1,4,2017,0,0,None,39.6,0.0,18260
2017-04-19,Somnath,2,4,2017,0,0,None,42.7,0.0,23193
2017-04-19,Dwarka,2,4,2017,0,0,None,40.3,0.0,21902
2017-04-19,Ambaji,2,4,2017,0,0,None,36.7,0.0,37985
2017-04-19,Pavagadh,2,4,2017,0,0,None,38.6,0.0,21678
2017-04-20,Somnath,3,4,2017,0,0,None,42.1,5.0,25768
2017-04-20,Dwarka,3,4,2017,0,0,None,34.7,0.0,23421
2017-04-20,Ambaji,3,4,2017,0,0,None,34.5,0.0,38355
2017-04-20,Pavagadh,3,4,2017,0,0,None,35.3,0.0,18016
2017-04-21,Somnath,4,4,2017,0,0,None,32.2,0.0,23693
2017-04-21,Dwarka,4,4,2017,0,0,None,39.6,0.0,20140
2017-04-21,Ambaji,4,4,2017,0,0,None,33.8,0.0,32799
2017-04-21,Pavagadh,4,4,2017,0,0,None,40.7,0.0,18373
2017-04-22,Somnath,5,4,2017,1,0,None,37.3,0.0,31418
2017-04-22,Dwarka,5,4,2017,1,0,None,41.5,1.0,27181
2017-04-22,Ambaji,5,4,2017,1,0,None,38.0,0.0,48588
2017-04-22,Pavagadh,5,4,2017,1,0,None,32.5,0.0,31360
2017-04-23,Somnath,6,4,2017,1,0,None,39.5,1.0,37956
2017-04-23,Dwarka,6,4,2017,1,0,None,42.6,0.0,26307
2017-04-23,Ambaji,6,4,2017,1,0,None,37.0,0.0,43961
2017-04-23,Pavagadh,6,4,2017,1,0,None,40.3,0.0,26667
2017-04-24,Somnath,0,4,2017,0,0,None,38.8,0.0,26803
2017-04-24,Dwarka,0,4,2017,0,0,None,36.9,1.0,21858
2017-04-24,Ambaji,0,4,2017,0,0,None,35.0,0.0,31526
2017-04-24,Pavagadh,0,4,2017,0,0,None,37.9,0.0,19566
2017-04-25,Somnath,1,4,2017,0,0,None,38.5,0.0,23376
2017-04-25,Dwarka,1,4,2017,0,0,None,40.5,1.0,20241
2017-04-25,Ambaji,1,4,2017,0,0,None,33.7,1.0,31764
2017-04-25,Pavagadh,1,4,2017,0,0,None,42.8,0.0,18024
2017-04-26,Somnath,2,4,2017,0,0,None,42.3,0.0,20963
2017-04-26,Dwarka,2,4,2017,0,0,None,34.7,0.0,22126
2017-04-26,Ambaji,2,4,2017,0,0,None,42.2,0.0,32459
2017-04-26,Pavagadh,2,4,2017,0,0,None,42.8,1.0,19021
2017-04-27,Somnath,3,4,2017,0,0,None,41.3,0.0,20861
2017-04-27,Dwarka,3,4,2017,0,0,None,41.2,0.0,18479
2017-04-27,Ambaji,3,4,2017,0,0,None,38.3,0.0,38319
2017-04-27,Pavagadh,3,4,2017,0,0,None,36.8,0.0,20996
2017-04-28,Somnath,4,4,2017,0,0,None,38.2,0.0,24046
2017-04-28,Dwarka,4,4,2017,0,0,None,37.5,0.0,23130
2017-04-28,Ambaji,4,4,2017,0,0,None,38.0,0.0,35304
2017-04-28,Pavagadh,4,4,2017,0,0,None,34.6,0.0,20228
2017-04-29,Somnath,5,4,2017,1,0,None,34.3,0.0,36650
2017-04-29,Dwarka,5,4,2017,1,0,None,37.0,0.0,28416
2017-04-29,Ambaji,5,4,2017,1,0,None,42.8,0.0,39528
2017-04-29,Pavagadh,5,4,2017,1,0,None,39.2,0.0,29055
2017-04-30,Somnath,6,4,2017,1,0,None,40.9,0.0,33546
2017-04-30,Dwarka,6,4,2017,1,0,None,42.5,0.0,30942
2017-04-30,Ambaji,6,4,2017,1,0,None,36.7,0.0,56145
2017-04-30,Pavagadh,6,4,2017,1,0,None,35.6,0.0,25719
2017-05-01,Somnath,0,5,2017,0,0,None,42.5,0.0,21982
2017-05-01,Dwarka,0,5,2017,0,0,None,38.0,0.0,23162
2017-05-01,Ambaji,0,5,2017,0,0,None,38.4,0.0,31862
2017-05-01,Pavagadh,0,5,2017,0,0,None,34.3,0.0,19155
2017-05-02,Somnath,1,5,2017,0,0,None,38.9,0.0,25560
2017-05-02,Dwarka,1,5,2017,0,0,None,38.0,0.0,20875
2017-05-02,Ambaji,1,5,2017,0,0,None,33.5,0.0,35815
2017-05-02,Pavagadh,1,5,2017,0,0,None,34.1,0.0,21492
2017-05-03,Somnath,2,5,2017,0,0,None,40.2,0.0,24534
2017-05-03,Dwarka,2,5,2017,0,0,None,34.9,1.0,23307
2017-05-03,Ambaji,2,5,2017,0,0,None,35.3,0.0,36812
2017-05-03,Pavagadh,2,5,2017,0,0,None,35.3,0.0,18743
2017-05-04,Somnath,3,5,2017,0,0,None,33.2,0.0,23837
2017-05-04,Dwarka,3,5,2017,0,0,None,41.0,5.0,20137
2017-05-04,Ambaji,3,5,2017,0,0,None,37.2,0.0,37022
2017-05-04,Pavagadh,3,5,2017,0,0,None,40.4,0.0,19815
2017-05-05,Somnath,4,5,2017,0,0,None,38.5,1.0,24137
2017-05-05,Dwarka,4,5,2017,0,0,None,42.2,0.0,21586
2017-05-05,Ambaji,4,5,2017,0,0,None,37.1,0.0,33407
2017-05-05,Pavagadh,4,5,2017,0,0,None,35.0,0.0,18456
2017-05-06,Somnath,5,5,2017,1,0,None,35.8,0.0,32715
2017-05-06,Dwarka,5,5,2017,1,0,None,41.4,0.0,28147
2017-05-06,Ambaji,5,5,2017,1,0,None,37.2,0.0,41264
2017-05-06,Pavagadh,5,5,2017,1,0,None,33.4,0.0,27648
2017-05-07,Somnath,6,5,2017,1,0,None,33.5,0.0,34022
2017-05-07,Dwarka,6,5,2017,1,0,None,32.2,0.0,28224
2017-05-07,Ambaji,6,5,2017,1,0,None,36.1,0.0,46678
2017-05-07,Pavagadh,6,5,2017,1,0,None,35.8,0.0,30934
2017-05-08,Somnath,0,5,2017,0,0,None,38.1,0.0,24325
2017-05-08,Dwarka,0,5,2017,0,0,None,41.7,0.0,21559
2017-05-08,Ambaji,0,5,2017,0,0,None,39.5,0.0,35738
2017-05-08,Pavagadh,0,5,2017,0,0,None,37.3,0.0,19111
2017-05-09,Somnath,1,5,2017,0,0,None,41.8,0.0,20379
2017-05-09,Dwarka,1,5,2017,0,0,None,39.9,0.0,22501
2017-05-09,Ambaji,1,5,2017,0,0,None,37.6,0.0,35652
2017-05-09,Pavagadh,1,5,2017,0,0,None,34.6,1.0,20355
2017-05-10,Somnath,2,5,2017,0,0,None,35.4,0.0,26528
2017-05-10,Dwarka,2,5,2017,0,0,None,33.8,0.0,22789
2017-05-10,Ambaji,2,5,2017,0,0,None,35.5,0.0,32413
2017-05-10,Pavagadh,2,5,2017,0,0,None,40.4,0.0,18050
2017-05-11,Somnath,3,5,2017,0,0,None,41.9,0.0,20946
2017-05-11,Dwarka,3,5,2017,0,0,None,38.8,0.0,24163
2017-05-11,Ambaji,3,5,2017,0,0,None,42.8,0.0,31244
2017-05-11,Pavagadh,3,5,2017,0,0,None,39.5,0.0,19313
2017-05-12,Somnath,4,5,2017,0,0,None,32.8,0.0,23479
2017-05-12,Dwarka,4,5,2017,0,0,None,37.3,0.0,21936
2017-05-12,Ambaji,4,5,2017,0,0,None,35.7,0.0,35352
2017-05-12,Pavagadh,4,5,2017,0,0,None,35.0,0.0,21908
2017-05-13,Somnath,5,5,2017,1,0,None,33.2,0.0,38133
2017-05-13,Dwarka,5,5,2017,1,0,None,40.5,0.0,33027
2017-05-13,Ambaji,5,5,2017,1,0,None,33.1,0.0,55889
2017-05-13,Pavagadh,5,5,2017,1,0,None,33.0,0.0,24065
2017-05-14,Somnath,6,5,2017,1,0,None,34.3,1.0,37835
2017-05-14,Dwarka,6,5,2017,1,0,None,40.5,0.0,32724
2017-05-14,Ambaji,6,5,2017,1,0,None,35.5,0.0,52419
2017-05-14,Pavagadh,6,5,2017,1,0,None,42.8,0.0,26368
2017-05-15,Somnath,0,5,2017,0,0,None,36.1,0.0,24316
2017-05-15,Dwarka,0,5,2017,0,0,None,38.7,0.0,23865
2017-05-15,Ambaji,0,5,2017,0,0,None,32.9,1.0,36449
2017-05-15,Pavagadh,0,5,2017,0,0,None,35.6,0.0,20963
2017-05-16,Somnath,1,5,2017,0,0,None,38.6,0.0,24445
2017-05-16,Dwarka,1,5,2017,0,0,None,37.4,5.0,20741
2017-05-16,Ambaji,1,5,2017,0,0,None,36.6,0.0,36855
2017-05-16,Pavagadh,1,5,2017,0,0,None,40.4,0.0,18325
2017-05-17,Somnath,2,5,2017,0,0,None,32.1,0.0,24551
2017-05-17,Dwarka,2,5,2017,0,0,None,42.9,0.0,20771
2017-05-17,Ambaji,2,5,2017,0,0,None,37.4,0.0,32169
2017-05-17,Pavagadh,2,5,2017,0,0,None,36.2,1.0,20358
2017-05-18,Somnath,3,5,2017,0,0,None,35.8,0.0,27052
2017-05-18,Dwarka,3,5,2017,0,0,None,35.0,0.0,24018
2017-05-18,Ambaji,3,5,2017,0,0,None,33.9,0.0,35801
2017-05-18,Pavagadh,3,5,2017,0,0,None,39.5,0.0,19255
2017-05-19,Somnath,4,5,2017,0,0,None,39.5,0.0,24598
2017-05-19,Dwarka,4,5,2017,0,0,None,34.1,0.0,24068
2017-05-19,Ambaji,4,5,2017,0,0,None,36.7,1.0,32482
2017-05-19,Pavagadh,4,5,2017,0,0,None,38.5,0.0,21160
2017-05-20,Somnath,5,5,2017,1,0,None,40.6,0.0,34796
2017-05-20,Dwarka,5,5,2017,1,0,None,38.7,5.0,35448
2017-05-20,Ambaji,5,5,2017,1,0,None,35.8,0.0,46823
2017-05-20,Pavagadh,5,5,2017,1,0,None,40.7,0.0,27628
2017-05-21,Somnath,6,5,2017,1,0,None,35.8,0.0,37008
2017-05-21,Dwarka,6,5,2017,1,0,None,33.7,0.0,27115
2017-05-21,Ambaji,6,5,2017,1,0,None,39.2,0.0,45635
2017-05-21,Pavagadh,6,5,2017,1,0,None,37.9,0.0,30845
2017-05-22,Somnath,0,5,2017,0,0,None,33.6,0.0,26374
2017-05-22,Dwarka,0,5,2017,0,0,None,35.7,0.0,20020
2017-05-22,Ambaji,0,5,2017,0,0,None,38.7,0.0,37314
2017-05-22,Pavagadh,0,5,2017,0,0,None,35.9,0.0,21363
2017-05-23,Somnath,1,5,2017,0,0,None,32.6,0.0,24350
2017-05-23,Dwarka,1,5,2017,0,0,None,35.1,1.0,23104
2017-05-23,Ambaji,1,5,2017,0,0,None,32.7,0.0,35191
2017-05-23,Pavagadh,1,5,2017,0,0,None,41.9,0.0,18151
2017-05-24,Somnath,2,5,2017,0,0,None,37.4,0.0,23528
2017-05-24,Dwarka,2,5,2017,0,0,None,40.3,0.0,24017
2017-05-24,Ambaji,2,5,2017,0,0,None,34.9,0.0,38085
2017-05-24,Pavagadh,2,5,2017,0,0,None,39.3,0.0,21309
2017-05-25,Somnath,3,5,2017,0,0,None,36.0,0.0,23281
2017-05-25,Dwarka,3,5,2017,0,0,None,37.9,0.0,23072
2017-05-25,Ambaji,3,5,2017,0,0,None,37.8,0.0,33381
2017-05-25,Pavagadh,3,5,2017,0,0,None,43.0,0.0,16120
2017-05-26,Somnath,4,5,2017,0,0,None,42.7,1.0,24627
2017-05-26,Dwarka,4,5,2017,0,0,None,34.4,1.0,20428
2017-05-26,Ambaji,4,5,2017,0,0,None,33.1,0.0,35511
2017-05-26,Pavagadh,4,5,2017,0,0,None,40.6,0.0,21911
2017-05-27,Somnath,5,5,2017,1,0,None,36.8,0.0,36077
2017-05-27,Dwarka,5,5,2017,1,0,None,41.2,0.0,28163
2017-05-27,Ambaji,5,5,2017,1,0,None,42.8,0.0,44533
2017-05-27,Pavagadh,5,5,2017,1,0,None,42.5,0.0,22511
2017-05-28,Somnath,6,5,2017,1,0,None,41.2,0.0,29913
2017-05-28,Dwarka,6,5,2017,1,0,None,32.1,0.0,34279
2017-05-28,Ambaji,6,5,2017,1,0,None,35.4,0.0,46031
2017-05-28,Pavagadh,6,5,2017,1,0,None,41.0,0.0,25142
2017-05-29,Somnath,0,5,2017,0,0,None,37.2,0.0,23944
2017-05-29,Dwarka,0,5,2017,0,0,None,33.9,0.0,24156
2017-05-29,Ambaji,0,5,2017,0,0,None,40.6,0.0,33213
2017-05-29,Pavagadh,0,5,2017,0,0,None,34.4,0.0,20205
2017-05-30,Somnath,1,5,2017,0,0,None,38.7,0.0,25901
2017-05-30,Dwarka,1,5,2017,0,0,None,35.2,0.0,22798
2017-05-30,Ambaji,1,5,2017,0,0,None,35.8,0.0,34120
2017-05-30,Pavagadh,1,5,2017,0,0,None,35.0,0.0,21320
2017-05-31,Somnath,2,5,2017,0,0,None,41.4,0.0,22434
2017-05-31,Dwarka,2,5,2017,0,0,None,34.3,0.0,20082
2017-05-31,Ambaji,2,5,2017,0,0,None,34.5,0.0,37130
2017-05-31,Pavagadh,2,5,2017,0,0,None,34.3,0.0,18536
2017-06-01,Somnath,3,6,2017,0,0,None,32.8,5.0,25777
2017-06-01,Dwarka,3,6,2017,0,0,None,38.0,0.0,23496
2017-06-01,Ambaji,3,6,2017,0,0,None,40.9,0.0,32807
2017-06-01,Pavagadh,3,6,2017,0,0,None,39.2,0.0,21929
2017-06-02,Somnath,4,6,2017,0,0,None,39.3,1.0,23507
2017-06-02,Dwarka,4,6,2017,0,0,None,41.5,0.0,19447
2017-06-02,Ambaji,4,6,2017,0,0,None,37.7,0.0,34528
2017-06-02,Pavagadh,4,6,2017,0,0,None,37.1,5.0,19701
2017-06-03,Somnath,5,6,2017,1,0,None,38.6,0.0,37798
2017-06-03,Dwarka,5,6,2017,1,0,None,36.4,0.0,28162
2017-06-03,Ambaji,5,6,2017,1,0,None,32.0,0.0,43937
2017-06-03,Pavagadh,5,6,2017,1,0,None,39.2,0.0,25342
2017-06-04,Somnath,6,6,2017,1,0,None,38.4,0.0,34338
2017-06-04,Dwarka,6,6,2017,1,0,None,33.0,0.0,33192
2017-06-04,Ambaji,6,6,2017,1,0,None,34.4,0.0,47181
2017-06-04,Pavagadh,6,6,2017,1,0,None,39.5,0.0,29364
2017-06-05,Somnath,0,6,2017,0,0,None,33.5,0.0,25812
2017-06-05,Dwarka,0,6,2017,0,0,None,38.7,0.0,22805
2017-06-05,Ambaji,0,6,2017,0,0,None,39.0,0.0,35602
2017-06-05,Pavagadh,0,6,2017,0,0,None,40.6,0.0,20712
2017-06-06,Somnath,1,6,2017,0,0,None,41.9,0.0,24240
2017-06-06,Dwarka,1,6,2017,0,0,None,32.7,0.0,20372
2017-06-06,Ambaji,1,6,2017,0,0,None,42.6,0.0,27854
2017-06-06,Pavagadh,1,6,2017,0,0,None,38.5,0.0,18139
2017-06-07,Somnath,2,6,2017,0,0,None,38.0,0.0,23005
2017-06-07,Dwarka,2,6,2017,0,0,None,40.8,1.0,23129
2017-06-07,Ambaji,2,6,2017,0,0,None,41.0,0.0,33345
2017-06-07,Pavagadh,2,6,2017,0,0,None,34.3,0.0,21791
2017-06-08,Somnath,3,6,2017,0,0,None,39.9,0.0,25693
2017-06-08,Dwarka,3,6,2017,0,0,None,36.3,0.0,20131
2017-06-08,Ambaji,3,6,2017,0,0,None,32.3,0.0,34569
2017-06-08,Pavagadh,3,6,2017,0,0,None,38.1,0.0,19109
2017-06-09,Somnath,4,6,2017,0,0,None,37.2,0.0,24442
2017-06-09,Dwarka,4,6,2017,0,0,None,41.0,0.0,22456
2017-06-09,Ambaji,4,6,2017,0,0,None,41.9,0.0,31354
2017-06-09,Pavagadh,4,6,2017,0,0,None,32.4,0.0,19114
2017-06-10,Somnath,5,6,2017,1,0,None,42.0,0.0,26460
2017-06-10,Dwarka,5,6,2017,1,0,None,38.9,0.0,35236
2017-06-10,Ambaji,5,6,2017,1,0,None,34.2,0.0,45849
2017-06-10,Pavagadh,5,6,2017,1,0,None,42.1,0.0,23576
2017-06-11,Somnath,6,6,2017,1,0,None,32.7,0.0,34038
2017-06-11,Dwarka,6,6,2017,1,0,None,39.9,0.0,31911
2017-06-11,Ambaji,6,6,2017,1,0,None,36.4,0.0,55850
2017-06-11,Pavagadh,6,6,2017,1,0,None,35.8,0.0,25084
2017-06-12,Somnath,0,6,2017,0,0,None,39.6,1.0,24473
2017-06-12,Dwarka,0,6,2017,0,0,None,34.0,0.0,21802
2017-06-12,Ambaji,0,6,2017,0,0,None,35.2,0.0,36651
2017-06-12,Pavagadh,0,6,2017,0,0,None,32.1,0.0,21175
2017-06-13,Somnath,1,6,2017,0,0,None,34.9,0.0,25844
2017-06-13,Dwarka,1,6,2017,0,0,None,39.2,0.0,21324
2017-06-13,Ambaji,1,6,2017,0,0,None,41.2,0.0,28423
2017-06-13,Pavagadh,1,6,2017,0,0,None,32.8,0.0,20331
2017-06-14,Somnath,2,6,2017,0,0,None,32.6,0.0,26265
2017-06-14,Dwarka,2,6,2017,0,0,None,35.2,0.0,23080
2017-06-14,Ambaji,2,6,2017,0,0,None,34.7,0.0,36734
2017-06-14,Pavagadh,2,6,2017,0,0,None,36.4,0.0,20085
2017-06-15,Somnath,3,6,2017,0,0,None,42.1,0.0,22474
2017-06-15,Dwarka,3,6,2017,0,0,None,36.7,0.0,23029
2017-06-15,Ambaji,3,6,2017,0,0,None,37.7,0.0,36555
2017-06-15,Pavagadh,3,6,2017,0,0,None,38.8,0.0,21343
2017-06-16,Somnath,4,6,2017,0,0,None,42.3,0.0,21387
2017-06-16,Dwarka,4,6,2017,0,0,None,40.3,0.0,20419
2017-06-16,Ambaji,4,6,2017,0,0,None,41.6,0.0,32260
2017-06-16,Pavagadh,4,6,2017,0,0,None,35.6,0.0,18670
2017-06-17,Somnath,5,6,2017,1,0,None,39.3,0.0,30545
2017-06-17,Dwarka,5,6,2017,1,0,None,32.8,0.0,28929
2017-06-17,Ambaji,5,6,2017,1,0,None,38.2,0.0,56046
2017-06-17,Pavagadh,5,6,2017,1,0,None,39.7,1.0,31167
2017-06-18,Somnath,6,6,2017,1,0,None,38.3,0.0,32428
2017-06-18,Dwarka,6,6,2017,1,0,None,38.9,0.0,29548
2017-06-18,Ambaji,6,6,2017,1,0,None,34.6,0.0,54540
2017-06-18,Pavagadh,6,6,2017,1,0,None,39.3,0.0,26199
2017-06-19,Somnath,0,6,2017,0,0,None,41.8,0.0,22552
2017-06-19,Dwarka,0,6,2017,0,0,None,33.9,0.0,19924
2017-06-19,Ambaji,0,6,2017,0,0,None,33.5,0.0,31880
2017-06-19,Pavagadh,0,6,2017,0,0,None,39.2,0.0,19493
2017-06-20,Somnath,1,6,2017,0,0,None,41.6,0.0,20522
2017-06-20,Dwarka,1,6,2017,0,0,None,38.8,0.0,22498
2017-06-20,Ambaji,1,6,2017,0,0,None,40.4,0.0,35893
2017-06-20,Pavagadh,1,6,2017,0,0,None,42.3,0.0,18489
2017-06-21,Somnath,2,6,2017,0,0,None,38.7,0.0,24380
2017-06-21,Dwarka,2,6,2017,0,0,None,37.1,0.0,20584
2017-06-21,Ambaji,2,6,2017,0,0,None,42.2,0.0,32566
2017-06-21,Pavagadh,2,6,2017,0,0,None,41.9,0.0,17650
2017-06-22,Somnath,3,6,2017,0,0,None,40.8,0.0,27420
2017-06-22,Dwarka,3,6,2017,0,0,None,37.0,0.0,21087
2017-06-22,Ambaji,3,6,2017,0,0,None,33.9,0.0,38187
2017-06-22,Pavagadh,3,6,2017,0,0,None,36.6,1.0,21295
2017-06-23,Somnath,4,6,2017,0,0,None,37.3,0.0,24674
2017-06-23,Dwarka,4,6,2017,0,0,None,38.1,0.0,22863
2017-06-23,Ambaji,4,6,2017,0,0,None,32.6,0.0,37274
2017-06-23,Pavagadh,4,6,2017,0,0,None,34.6,0.0,19925
2017-06-24,Somnath,5,6,2017,1,0,None,38.6,0.0,34028
2017-06-24,Dwarka,5,6,2017,1,0,None,32.6,0.0,30742
2017-06-24,Ambaji,5,6,2017,1,0,None,42.6,0.0,42879
2017-06-24,Pavagadh,5,6,2017,1,0,None,33.6,0.0,27923
2017-06-25,Somnath,6,6,2017,1,0,None,40.4,0.0,31701
2017-06-25,Dwarka,6,6,2017,1,0,None,35.9,0.0,29743
2017-06-25,Ambaji,6,6,2017,1,0,None,35.3,0.0,50899
2017-06-25,Pavagadh,6,6,2017,1,0,None,34.1,0.0,29837
2017-06-26,Somnath,0,6,2017,0,0,None,37.0,0.0,24748
2017-06-26,Dwarka,0,6,2017,0,0,None,35.1,1.0,23689
2017-06-26,Ambaji,0,6,2017,0,0,None,32.9,0.0,33075
2017-06-26,Pavagadh,0,6,2017,0,0,None,36.5,0.0,20110
2017-06-27,Somnath,1,6,2017,0,0,None,35.7,0.0,26501
2017-06-27,Dwarka,1,6,2017,0,0,None,38.9,0.0,20756
2017-06-27,Ambaji,1,6,2017,0,0,None,35.7,1.0,35140
2017-06-27,Pavagadh,1,6,2017,0,0,None,36.4,0.0,21115
2017-06-28,Somnath,2,6,2017,0,0,None,35.7,0.0,25424
2017-06-28,Dwarka,2,6,2017,0,0,None,39.3,0.0,23680
2017-06-28,Ambaji,2,6,2017,0,0,None,36.1,0.0,38208
2017-06-28,Pavagadh,2,6,2017,0,0,None,36.8,0.0,20665
2017-06-29,Somnath,3,6,2017,0,0,None,38.0,0.0,26275
2017-06-29,Dwarka,3,6,2017,0,0,None,40.8,0.0,21949
2017-06-29,Ambaji,3,6,2017,0,0,None,33.3,0.0,33876
2017-06-29,Pavagadh,3,6,2017,0,0,None,35.4,1.0,21134
2017-06-30,Somnath,4,6,2017,0,0,None,39.3,0.0,23336
2017-06-30,Dwarka,4,6,2017,0,0,None,42.8,0.0,18911
2017-06-30,Ambaji,4,6,2017,0,0,None,41.6,0.0,32089
2017-06-30,Pavagadh,4,6,2017,0,0,None,35.0,0.0,21391
2017-07-01,Somnath,5,7,2017,1,0,None,31.2,12.8,38659
2017-07-01,Dwarka,5,7,2017,1,0,None,31.3,51.5,26877
2017-07-01,Ambaji,5,7,2017,1,0,None,29.0,14.2,45951
2017-07-01,Pavagadh,5,7,2017,1,0,None,31.2,8.3,29332
2017-07-02,Somnath,6,7,2017,1,0,None,28.2,11.0,37804
2017-07-02,Dwarka,6,7,2017,1,0,None,28.7,0.0,29948
2017-07-02,Ambaji,6,7,2017,1,0,None,29.9,0.0,45025
2017-07-02,Pavagadh,6,7,2017,1,0,None,27.0,5.0,25929
2017-07-03,Somnath,0,7,2017,0,0,None,30.5,5.6,25139
2017-07-03,Dwarka,0,7,2017,0,0,None,27.3,0.0,20175
2017-07-03,Ambaji,0,7,2017,0,0,None,28.7,0.0,35810
2017-07-03,Pavagadh,0,7,2017,0,0,None,27.8,18.4,21893
2017-07-04,Somnath,1,7,2017,0,0,None,31.4,94.8,16986
2017-07-04,Dwarka,1,7,2017,0,0,None,30.9,0.9,20843
2017-07-04,Ambaji,1,7,2017,0,0,None,28.6,0.0,35870
2017-07-04,Pavagadh,1,7,2017,0,0,None,27.4,39.1,12004
2017-07-05,Somnath,2,7,2017,0,0,None,31.9,0.0,22812
2017-07-05,Dwarka,2,7,2017,0,0,None,26.2,19.5,20608
2017-07-05,Ambaji,2,7,2017,0,0,None,29.1,38.1,20881
2017-07-05,Pavagadh,2,7,2017,0,0,None,31.7,9.4,18098
2017-07-06,Somnath,3,7,2017,0,0,None,31.5,1.2,23051
2017-07-06,Dwarka,3,7,2017,0,0,None,28.3,0.0,22848
2017-07-06,Ambaji,3,7,2017,0,0,None,31.2,0.7,38320
2017-07-06,Pavagadh,3,7,2017,0,0,None,26.1,0.0,19474
2017-07-07,Somnath,4,7,2017,0,0,None,26.1,0.0,27402
2017-07-07,Dwarka,4,7,2017,0,0,None,31.8,3.0,22288
2017-07-07,Ambaji,4,7,2017,0,0,None,29.8,0.0,32767
2017-07-07,Pavagadh,4,7,2017,0,0,None,31.8,0.0,21388
2017-07-08,Somnath,5,7,2017,1,0,None,29.2,56.7,32313
2017-07-08,Dwarka,5,7,2017,1,0,None,30.1,0.1,27054
2017-07-08,Ambaji,5,7,2017,1,0,None,27.1,5.5,47257
2017-07-08,Pavagadh,5,7,2017,1,0,None,26.6,16.8,27834
2017-07-09,Somnath,6,7,2017,1,0,None,29.8,0.0,35616
2017-07-09,Dwarka,6,7,2017,1,0,None,31.7,0.0,31356
2017-07-09,Ambaji,6,7,2017,1,0,None,27.1,59.7,30818
2017-07-09,Pavagadh,6,7,2017,1,0,None,32.0,0.6,27068
2017-07-10,Somnath,0,7,2017,0,0,None,26.2,0.0,23878
2017-07-10,Dwarka,0,7,2017,0,0,None,30.8,3.2,24085
2017-07-10,Ambaji,0,7,2017,0,0,None,28.2,0.0,35769
2017-07-10,Pavagadh,0,7,2017,0,0,None,29.4,0.0,20697
2017-07-11,Somnath,1,7,2017,0,0,None,28.4,0.0,23405
2017-07-11,Dwarka,1,7,2017,0,0,None,29.3,0.0,22551
2017-07-11,Ambaji,1,7,2017,0,0,None,30.9,0.0,37375
2017-07-11,Pavagadh,1,7,2017,0,0,None,31.7,2.8,19935
2017-07-12,Somnath,2,7,2017,0,0,None,30.2,0.1,24214
2017-07-12,Dwarka,2,7,2017,0,0,None,31.8,0.0,21565
2017-07-12,Ambaji,2,7,2017,0,0,None,27.2,2.8,32244
2017-07-12,Pavagadh,2,7,2017,0,0,None,31.4,0.0,18656
2017-07-13,Somnath,3,7,2017,0,0,None,26.3,9.3,23524
2017-07-13,Dwarka,3,7,2017,0,0,None,27.8,22.3,18555
2017-07-13,Ambaji,3,7,2017,0,0,None,28.3,0.0,38286
2017-07-13,Pavagadh,3,7,2017,0,0,None,27.0,11.2,18365
2017-07-14,Somnath,4,7,2017,0,0,None,28.6,11.1,24154
2017-07-14,Dwarka,4,7,2017,0,0,None,29.3,0.0,20706
2017-07-14,Ambaji,4,7,2017,0,0,None,29.9,1.0,35362
2017-07-14,Pavagadh,4,7,2017,0,0,None,26.6,2.8,20259
2017-07-15,Somnath,5,7,2017,1,0,None,30.2,16.6,34170
2017-07-15,Dwarka,5,7,2017,1,0,None,28.5,0.0,35865
2017-07-15,Ambaji,5,7,2017,1,0,None,26.0,0.0,50130
2017-07-15,Pavagadh,5,7,2017,1,0,None,27.7,1.4,27648
2017-07-16,Somnath,6,7,2017,1,0,None,31.7,0.0,37969
2017-07-16,Dwarka,6,7,2017,1,0,None,27.6,0.0,28584
2017-07-16,Ambaji,6,7,2017,1,0,None,26.4,2.0,48169
2017-07-16,Pavagadh,6,7,2017,1,0,None,29.2,11.8,25439
2017-07-17,Somnath,0,7,2017,0,0,None,26.3,3.1,25308
2017-07-17,Dwarka,0,7,2017,0,0,None,30.2,8.5,21504
2017-07-17,Ambaji,0,7,2017,0,0,None,31.1,19.9,36802
2017-07-17,Pavagadh,0,7,2017,0,0,None,28.5,9.5,18372
2017-07-18,Somnath,1,7,2017,0,0,None,26.3,3.1,25020
2017-07-18,Dwarka,1,7,2017,0,0,None,31.1,41.0,20307
2017-07-18,Ambaji,1,7,2017,0,0,None,31.0,1.1,35481
2017-07-18,Pavagadh,1,7,2017,0,0,None,29.4,0.0,21983
2017-07-19,Somnath,2,7,2017,0,0,None,29.0,3.1,22523
2017-07-19,Dwarka,2,7,2017,0,0,None,29.1,26.1,19076
2017-07-19,Ambaji,2,7,2017,0,0,None,29.8,0.0,32538
2017-07-19,Pavagadh,2,7,2017,0,0,None,31.1,0.0,18680
2017-07-20,Somnath,3,7,2017,0,0,None,27.1,0.0,22661
2017-07-20,Dwarka,3,7,2017,0,0,None,28.8,16.4,23494
2017-07-20,Ambaji,3,7,2017,0,0,None,28.2,60.2,23332
2017-07-20,Pavagadh,3,7,2017,0,0,None,28.6,8.0,20864
2017-07-21,Somnath,4,7,2017,0,0,None,26.7,0.7,24661
2017-07-21,Dwarka,4,7,2017,0,0,None,31.0,16.9,23902
2017-07-21,Ambaji,4,7,2017,0,0,None,27.4,0.0,38325
2017-07-21,Pavagadh,4,7,2017,0,0,None,31.8,1.6,18593
2017-07-22,Somnath,5,7,2017,1,0,None,30.2,0.0,34695
2017-07-22,Dwarka,5,7,2017,1,0,None,27.0,9.9,31433
2017-07-22,Ambaji,5,7,2017,1,0,None,28.0,3.6,43522
2017-07-22,Pavagadh,5,7,2017,1,0,None,28.1,3.1,27975
2017-07-23,Somnath,6,7,2017,1,0,None,30.0,0.0,38654
2017-07-23,Dwarka,6,7,2017,1,0,None,26.1,0.0,35196
2017-07-23,Ambaji,6,7,2017,1,0,None,27.0,2.8,51818
2017-07-23,Pavagadh,6,7,2017,1,0,None,27.9,17.6,29645
2017-07-24,Somnath,0,7,2017,0,0,None,30.6,14.6,23676
2017-07-24,Dwarka,0,7,2017,0,0,None,29.3,0.0,23667
2017-07-24,Ambaji,0,7,2017,0,0,None,28.4,4.0,35227
2017-07-24,Pavagadh,0,7,2017,0,0,None,26.7,0.0,19295
2017-07-25,Somnath,1,7,2017,0,0,None,27.3,0.0,26136
2017-07-25,Dwarka,1,7,2017,0,0,None,28.1,10.9,20739
2017-07-25,Ambaji,1,7,2017,0,0,None,29.2,0.0,35810
2017-07-25,Pavagadh,1,7,2017,0,0,None,29.8,39.3,12828
2017-07-26,Somnath,2,7,2017,0,0,None,27.8,3.1,25681
2017-07-26,Dwarka,2,7,2017,0,0,None,29.0,3.3,21910
2017-07-26,Ambaji,2,7,2017,0,0,None,31.3,17.2,33873
2017-07-26,Pavagadh,2,7,2017,0,0,None,29.4,16.1,18202
2017-07-27,Somnath,3,7,2017,0,0,None,29.0,5.9,27304
2017-07-27,Dwarka,3,7,2017,0,0,None,27.1,10.7,23597
2017-07-27,Ambaji,3,7,2017,0,0,None,28.5,0.0,37494
2017-07-27,Pavagadh,3,7,2017,0,0,None,27.9,6.6,21331
2017-07-28,Somnath,4,7,2017,0,0,None,26.3,17.1,25327
2017-07-28,Dwarka,4,7,2017,0,0,None,28.6,3.3,21695
2017-07-28,Ambaji,4,7,2017,0,0,None,29.0,0.0,33325
2017-07-28,Pavagadh,4,7,2017,0,0,None,31.2,0.0,18081
2017-07-29,Somnath,5,7,2017,1,0,None,30.3,89.2,27348
2017-07-29,Dwarka,5,7,2017,1,0,None,28.3,7.0,30727
2017-07-29,Ambaji,5,7,2017,1,0,None,27.0,0.0,50946
2017-07-29,Pavagadh,5,7,2017,1,0,None,31.1,0.3,28237
2017-07-30,Somnath,6,7,2017,1,0,None,29.4,0.0,38353
2017-07-30,Dwarka,6,7,2017,1,0,None,30.6,2.6,31389
2017-07-30,Ambaji,6,7,2017,1,0,None,28.7,14.0,47983
2017-07-30,Pavagadh,6,7,2017,1,0,None,27.0,6.0,29019
2017-07-31,Somnath,0,7,2017,0,0,None,26.3,11.9,24905
2017-07-31,Dwarka,0,7,2017,0,0,None,26.3,66.4,17466
2017-07-31,Ambaji,0,7,2017,0,0,None,28.8,6.3,36043
2017-07-31,Pavagadh,0,7,2017,0,0,None,31.3,27.5,9773
2017-08-01,Somnath,1,8,2017,0,0,None,26.2,37.4,18217
2017-08-01,Dwarka,1,8,2017,0,0,None,31.8,0.0,23120
2017-08-01,Ambaji,1,8,2017,0,0,None,31.6,27.2,22684
2017-08-01,Pavagadh,1,8,2017,0,0,None,30.8,22.3,10417
2017-08-02,Somnath,2,8,2017,0,0,None,26.6,0.0,23955
2017-08-02,Dwarka,2,8,2017,0,0,None,29.1,48.3,18197
2017-08-02,Ambaji,2,8,2017,0,0,None,31.1,7.1,36734
2017-08-02,Pavagadh,2,8,2017,0,0,None,31.5,0.0,18908
2017-08-03,Somnath,3,8,2017,0,0,None,31.3,12.9,26657
2017-08-03,Dwarka,3,8,2017,0,0,None,27.1,0.0,22423
2017-08-03,Ambaji,3,8,2017,0,0,None,31.4,8.2,37329
2017-08-03,Pavagadh,3,8,2017,0,0,None,26.1,70.0,11872
2017-08-04,Somnath,4,8,2017,0,0,None,27.1,21.0,20725
2017-08-04,Dwarka,4,8,2017,0,0,None,29.2,0.0,20833
2017-08-04,Ambaji,4,8,2017,0,0,None,28.7,13.6,33253
2017-08-04,Pavagadh,4,8,2017,0,0,None,28.0,0.4,18367
2017-08-05,Somnath,5,8,2017,1,0,None,30.1,30.0,27639
2017-08-05,Dwarka,5,8,2017,1,0,None,26.6,0.0,33168
2017-08-05,Ambaji,5,8,2017,1,0,None,30.1,8.6,48067
2017-08-05,Pavagadh,5,8,2017,1,0,None,27.6,18.7,29856
2017-08-06,Somnath,6,8,2017,1,0,None,26.6,18.5,34681
2017-08-06,Dwarka,6,8,2017,1,0,None,27.0,1.9,33030
2017-08-06,Ambaji,6,8,2017,1,0,None,30.8,13.5,53329
2017-08-06,Pavagadh,6,8,2017,1,0,None,30.5,0.0,26445
2017-08-07,Somnath,0,8,2017,0,0,None,28.8,0.0,23786
2017-08-07,Dwarka,0,8,2017,0,0,None,27.6,4.2,20368
2017-08-07,Ambaji,0,8,2017,0,0,None,31.1,29.6,20910
2017-08-07,Pavagadh,0,8,2017,0,0,None,29.3,37.0,10974
2017-08-08,Somnath,1,8,2017,0,0,None,27.8,4.4,24374
2017-08-08,Dwarka,1,8,2017,0,0,None,30.8,0.0,21138
2017-08-08,Ambaji,1,8,2017,0,0,None,28.8,0.0,31868
2017-08-08,Pavagadh,1,8,2017,0,0,None,31.3,17.0,20330
2017-08-09,Somnath,2,8,2017,0,0,None,29.3,0.0,23007
2017-08-09,Dwarka,2,8,2017,0,0,None,28.1,25.0,18004
2017-08-09,Ambaji,2,8,2017,0,0,None,28.4,21.3,18030
2017-08-09,Pavagadh,2,8,2017,0,0,None,26.4,13.8,20224
2017-08-10,Somnath,3,8,2017,0,0,None,28.4,3.9,24779
2017-08-10,Dwarka,3,8,2017,0,0,None,31.7,0.0,20439
2017-08-10,Ambaji,3,8,2017,0,0,None,26.2,0.0,35187
2017-08-10,Pavagadh,3,8,2017,0,0,None,29.2,0.0,19258
2017-08-11,Somnath,4,8,2017,0,0,None,28.9,0.0,25860
2017-08-11,Dwarka,4,8,2017,0,0,None,26.9,3.4,23173
2017-08-11,Ambaji,4,8,2017,0,0,None,27.8,43.3,16587
2017-08-11,Pavagadh,4,8,2017,0,0,None,27.4,8.2,21681
2017-08-12,Somnath,5,8,2017,1,0,None,31.3,7.9,33465
2017-08-12,Dwarka,5,8,2017,1,0,None,26.3,0.0,27646
2017-08-12,Ambaji,5,8,2017,1,0,None,28.8,0.3,45401
2017-08-12,Pavagadh,5,8,2017,1,0,None,30.1,8.2,30423
2017-08-13,Somnath,6,8,2017,1,0,None,28.0,10.1,33406
2017-08-13,Dwarka,6,8,2017,1,0,None,28.5,0.5,29484
2017-08-13,Ambaji,6,8,2017,1,0,None,31.1,0.0,47781
2017-08-13,Pavagadh,6,8,2017,1,0,None,29.0,33.5,14612
2017-08-14,Somnath,0,8,2017,0,0,None,26.9,0.0,25807
2017-08-14,Dwarka,0,8,2017,0,0,Janmashtami,31.1,0.0,247957
2017-08-14,Ambaji,0,8,2017,0,0,None,30.1,9.7,36015
2017-08-14,Pavagadh,0,8,2017,0,0,None,29.3,0.0,20451
2017-08-15,Somnath,1,8,2017,0,1,None,30.3,0.0,40312
2017-08-15,Dwarka,1,8,2017,0,1,None,28.7,0.0,35121
2017-08-15,Ambaji,1,8,2017,0,1,None,31.8,7.5,46728
2017-08-15,Pavagadh,1,8,2017,0,1,None,30.6,14.1,31941
2017-08-16,Somnath,2,8,2017,0,0,None,31.3,5.0,26980
2017-08-16,Dwarka,2,8,2017,0,0,None,31.2,0.4,20195
2017-08-16,Ambaji,2,8,2017,0,0,None,27.7,0.0,35409
2017-08-16,Pavagadh,2,8,2017,0,0,None,28.2,0.0,19812
2017-08-17,Somnath,3,8,2017,0,0,None,27.9,0.0,26747
2017-08-17,Dwarka,3,8,2017,0,0,None,31.1,23.4,17141
2017-08-17,Ambaji,3,8,2017,0,0,None,31.9,23.7,18227
2017-08-17,Pavagadh,3,8,2017,0,0,None,30.6,15.0,18342
2017-08-18,Somnath,4,8,2017,0,0,None,31.7,3.9,23145
2017-08-18,Dwarka,4,8,2017,0,0,None,31.7,0.0,23063
2017-08-18,Ambaji,4,8,2017,0,0,None,29.0,1.7,35418
2017-08-18,Pavagadh,4,8,2017,0,0,None,27.5,0.0,21186
2017-08-19,Somnath,5,8,2017,1,0,None,28.5,23.1,23990
2017-08-19,Dwarka,5,8,2017,1,0,None,29.3,0.0,27492
2017-08-19,Ambaji,5,8,2017,1,0,None,28.8,0.0,44416
2017-08-19,Pavagadh,5,8,2017,1,0,None,31.7,0.0,31805
2017-08-20,Somnath,6,8,2017,1,0,None,27.1,6.2,37203
2017-08-20,Dwarka,6,8,2017,1,0,None,30.7,0.0,31827
2017-08-20,Ambaji,6,8,2017,1,0,None,31.0,30.7,25039
2017-08-20,Pavagadh,6,8,2017,1,0,None,29.9,5.8,31040
2017-08-21,Somnath,0,8,2017,0,0,None,30.4,1.2,23884
2017-08-21,Dwarka,0,8,2017,0,0,None,27.5,3.2,22328
2017-08-21,Ambaji,0,8,2017,0,0,None,28.0,0.0,32787
2017-08-21,Pavagadh,0,8,2017,0,0,None,28.8,9.9,18223
2017-08-22,Somnath,1,8,2017,0,0,None,31.9,0.0,24950
2017-08-22,Dwarka,1,8,2017,0,0,None,26.5,21.3,17150
2017-08-22,Ambaji,1,8,2017,0,0,None,30.9,0.0,37120
2017-08-22,Pavagadh,1,8,2017,0,0,None,31.3,0.0,19622
2017-08-23,Somnath,2,8,2017,0,0,None,29.4,0.0,25985
2017-08-23,Dwarka,2,8,2017,0,0,None,32.0,6.6,21036
2017-08-23,Ambaji,2,8,2017,0,0,None,27.6,18.5,32093
2017-08-23,Pavagadh,2,8,2017,0,0,None,30.4,0.0,19003
2017-08-24,Somnath,3,8,2017,0,0,None,27.5,0.0,26310
2017-08-24,Dwarka,3,8,2017,0,0,None,31.3,0.0,24045
2017-08-24,Ambaji,3,8,2017,0,0,None,29.5,0.0,37159
2017-08-24,Pavagadh,3,8,2017,0,0,None,31.4,50.7,12101
2017-08-25,Somnath,4,8,2017,0,0,None,26.8,4.8,23958
2017-08-25,Dwarka,4,8,2017,0,0,None,26.7,0.0,19840
2017-08-25,Ambaji,4,8,2017,0,0,None,27.9,13.3,33279
2017-08-25,Pavagadh,4,8,2017,0,0,None,27.6,15.9,18485
2017-08-26,Somnath,5,8,2017,1,0,None,27.1,54.6,26486
2017-08-26,Dwarka,5,8,2017,1,0,None,28.9,0.5,30040
2017-08-26,Ambaji,5,8,2017,1,0,None,26.8,0.0,51355
2017-08-26,Pavagadh,5,8,2017,1,0,None,29.7,0.0,29112
2017-08-27,Somnath,6,8,2017,1,0,None,30.4,10.8,31598
2017-08-27,Dwarka,6,8,2017,1,0,None,28.6,18.0,30798
2017-08-27,Ambaji,6,8,2017,1,0,None,26.9,13.1,48164
2017-08-27,Pavagadh,6,8,2017,1,0,None,27.7,0.0,28265
2017-08-28,Somnath,0,8,2017,0,0,None,29.1,5.6,23985
2017-08-28,Dwarka,0,8,2017,0,0,None,27.8,0.0,22984
2017-08-28,Ambaji,0,8,2017,0,0,None,30.0,0.0,33299
2017-08-28,Pavagadh,0,8,2017,0,0,None,29.7,22.9,11240
2017-08-29,Somnath,1,8,2017,0,0,None,31.3,1.0,25080
2017-08-29,Dwarka,1,8,2017,0,0,None,28.1,0.0,23984
2017-08-29,Ambaji,1,8,2017,0,0,None,28.9,15.9,32224
2017-08-29,Pavagadh,1,8,2017,0,0,None,27.5,0.0,20679
2017-08-30,Somnath,2,8,2017,0,0,None,26.1,17.2,26321
2017-08-30,Dwarka,2,8,2017,0,0,None,31.0,40.1,18412
2017-08-30,Ambaji,2,8,2017,0,0,None,29.6,49.5,17255
2017-08-30,Pavagadh,2,8,2017,0,0,None,30.9,0.0,21352
2017-08-31,Somnath,3,8,2017,0,0,None,29.1,38.2,20182
2017-08-31,Dwarka,3,8,2017,0,0,None,27.4,0.0,20412
2017-08-31,Ambaji,3,8,2017,0,0,Bhadarvi Poonam,29.5,0.0,363372
2017-08-31,Pavagadh,3,8,2017,0,0,None,30.8,0.0,21701
2017-09-01,Somnath,4,9,2017,0,0,None,28.7,0.7,23732
2017-09-01,Dwarka,4,9,2017,0,0,None,26.9,3.1,19971
2017-09-01,Ambaji,4,9,2017,0,0,Bhadarvi Poonam,26.2,0.0,352505
2017-09-01,Pavagadh,4,9,2017,0,0,None,31.4,58.9,11098
2017-09-02,Somnath,5,9,2017,1,0,None,30.1,0.0,37152
2017-09-02,Dwarka,5,9,2017,1,0,None,26.9,1.5,27984
2017-09-02,Ambaji,5,9,2017,1,0,Bhadarvi Poonam,31.5,8.4,446211
2017-09-02,Pavagadh,5,9,2017,1,0,None,30.5,0.0,31848
2017-09-03,Somnath,6,9,2017,1,0,None,30.2,7.7,34666
2017-09-03,Dwarka,6,9,2017,1,0,None,27.6,40.7,24836
2017-09-03,Ambaji,6,9,2017,1,0,Bhadarvi Poonam,31.8,0.0,331986
2017-09-03,Pavagadh,6,9,2017,1,0,None,29.3,0.0,31296
2017-09-04,Somnath,0,9,2017,0,0,None,27.2,6.1,22546
2017-09-04,Dwarka,0,9,2017,0,0,None,27.2,27.7,16333
2017-09-04,Ambaji,0,9,2017,0,0,Bhadarvi Poonam,31.8,0.1,295393
2017-09-04,Pavagadh,0,9,2017,0,0,None,26.6,13.5,18757
2017-09-05,Somnath,1,9,2017,0,0,None,28.2,0.0,24621
2017-09-05,Dwarka,1,9,2017,0,0,None,31.5,7.6,23101
2017-09-05,Ambaji,1,9,2017,0,0,Bhadarvi Poonam,26.4,15.8,368394
2017-09-05,Pavagadh,1,9,2017,0,0,None,31.5,13.6,20002
2017-09-06,Somnath,2,9,2017,0,0,None,31.9,0.0,27058
2017-09-06,Dwarka,2,9,2017,0,0,None,27.5,0.0,20968
2017-09-06,Ambaji,2,9,2017,0,0,Bhadarvi Poonam,27.3,0.0,309015
2017-09-06,Pavagadh,2,9,2017,0,0,None,26.9,0.0,19103
2017-09-07,Somnath,3,9,2017,0,0,None,28.1,13.2,24240
2017-09-07,Dwarka,3,9,2017,0,0,None,29.9,1.0,20238
2017-09-07,Ambaji,3,9,2017,0,0,None,28.5,0.0,37717
2017-09-07,Pavagadh,3,9,2017,0,0,None,27.5,21.9,10668
2017-09-08,Somnath,4,9,2017,0,0,None,29.1,0.4,23264
2017-09-08,Dwarka,4,9,2017,0,0,None,29.8,3.2,21286
2017-09-08,Ambaji,4,9,2017,0,0,None,26.5,36.3,18141
2017-09-08,Pavagadh,4,9,2017,0,0,None,28.3,0.0,20354
2017-09-09,Somnath,5,9,2017,1,0,None,27.3,0.0,37214
2017-09-09,Dwarka,5,9,2017,1,0,None,28.4,0.0,34971
2017-09-09,Ambaji,5,9,2017,1,0,None,29.1,21.1,32133
2017-09-09,Pavagadh,5,9,2017,1,0,None,30.8,11.8,25903
2017-09-10,Somnath,6,9,2017,1,0,None,31.6,15.0,32774
2017-09-10,Dwarka,6,9,2017,1,0,None,28.0,3.1,35156
2017-09-10,Ambaji,6,9,2017,1,0,None,27.3,9.1,48518
2017-09-10,Pavagadh,6,9,2017,1,0,None,26.1,47.1,16975
2017-09-11,Somnath,0,9,2017,0,0,None,30.2,0.0,25313
2017-09-11,Dwarka,0,9,2017,0,0,None,31.8,0.0,23738
2017-09-11,Ambaji,0,9,2017,0,0,None,30.2,0.0,33532
2017-09-11,Pavagadh,0,9,2017,0,0,None,27.8,0.0,19186
2017-09-12,Somnath,1,9,2017,0,0,None,29.4,25.5,20279
2017-09-12,Dwarka,1,9,2017,0,0,None,29.6,11.7,21042
2017-09-12,Ambaji,1,9,2017,0,0,None,27.9,1.0,38401
2017-09-12,Pavagadh,1,9,2017,0,0,None,26.2,0.0,19484
2017-09-13,Somnath,2,9,2017,0,0,None,29.9,16.8,26146
2017-09-13,Dwarka,2,9,2017,0,0,None,30.1,16.0,21031
2017-09-13,Ambaji,2,9,2017,0,0,None,26.2,8.5,34770
2017-09-13,Pavagadh,2,9,2017,0,0,None,30.2,5.7,18242
2017-09-14,Somnath,3,9,2017,0,0,None,30.1,6.4,26025
2017-09-14,Dwarka,3,9,2017,0,0,None,29.2,10.7,22599
2017-09-14,Ambaji,3,9,2017,0,0,None,30.0,2.3,32596
2017-09-14,Pavagadh,3,9,2017,0,0,None,29.8,0.0,19637
2017-09-15,Somnath,4,9,2017,0,0,None,27.0,0.0,26662
2017-09-15,Dwarka,4,9,2017,0,0,None,31.3,0.0,23587
2017-09-15,Ambaji,4,9,2017,0,0,None,26.1,1.5,36488
2017-09-15,Pavagadh,4,9,2017,0,0,None,26.4,9.6,19242
2017-09-16,Somnath,5,9,2017,1,0,None,31.2,6.5,32955
2017-09-16,Dwarka,5,9,2017,1,0,None,30.0,0.0,35163
2017-09-16,Ambaji,5,9,2017,1,0,None,27.9,1.2,43466
2017-09-16,Pavagadh,5,9,2017,1,0,None,27.9,0.0,27727
2017-09-17,Somnath,6,9,2017,1,0,None,28.6,52.4,27175
2017-09-17,Dwarka,6,9,2017,1,0,None,26.4,25.2,20455
2017-09-17,Ambaji,6,9,2017,1,0,None,30.6,0.0,49140
2017-09-17,Pavagadh,6,9,2017,1,0,None,31.3,0.0,31080
2017-09-18,Somnath,0,9,2017,0,0,None,29.9,30.0,19058
2017-09-18,Dwarka,0,9,2017,0,0,None,26.3,0.0,21019
2017-09-18,Ambaji,0,9,2017,0,0,None,31.2,1.9,32063
2017-09-18,Pavagadh,0,9,2017,0,0,None,26.9,10.1,20805
2017-09-19,Somnath,1,9,2017,0,0,None,31.9,11.0,25109
2017-09-19,Dwarka,1,9,2017,0,0,None,29.2,0.1,19807
2017-09-19,Ambaji,1,9,2017,0,0,None,26.6,18.3,32934
2017-09-19,Pavagadh,1,9,2017,0,0,None,31.4,0.0,21903
2017-09-20,Somnath,2,9,2017,0,0,None,31.6,10.7,23377
2017-09-20,Dwarka,2,9,2017,0,0,None,30.8,0.0,23545
2017-09-20,Ambaji,2,9,2017,0,0,None,28.6,0.0,32183
2017-09-20,Pavagadh,2,9,2017,0,0,None,26.2,0.0,19701
2017-09-21,Somnath,3,9,2017,0,0,None,32.0,29.0,21255
2017-09-21,Dwarka,3,9,2017,0,0,None,30.9,0.0,21110
2017-09-21,Ambaji,3,9,2017,0,0,Navratri,31.7,1.3,185989
2017-09-21,Pavagadh,3,9,2017,0,0,Navratri,28.8,0.0,186846
2017-09-22,Somnath,4,9,2017,0,0,None,31.7,34.3,19511
2017-09-22,Dwarka,4,9,2017,0,0,None,28.5,6.7,20648
2017-09-22,Ambaji,4,9,2017,0,0,Navratri,27.2,10.1,206646
2017-09-22,Pavagadh,4,9,2017,0,0,Navratri,31.4,0.0,201688
2017-09-23,Somnath,5,9,2017,1,0,None,28.7,0.0,35212
2017-09-23,Dwarka,5,9,2017,1,0,None,30.7,21.9,20190
2017-09-23,Ambaji,5,9,2017,1,0,Navratri,30.7,0.0,140393
2017-09-23,Pavagadh,5,9,2017,1,0,Navratri,30.2,15.7,153758
2017-09-24,Somnath,6,9,2017,1,0,None,29.9,3.1,31770
2017-09-24,Dwarka,6,9,2017,1,0,None,27.4,15.9,32212
2017-09-24,Ambaji,6,9,2017,1,0,Navratri,30.3,0.8,136090
2017-09-24,Pavagadh,6,9,2017,1,0,Navratri,26.1,0.0,235896
2017-09-25,Somnath,0,9,2017,0,0,None,28.5,5.3,23262
2017-09-25,Dwarka,0,9,2017,0,0,None,26.8,1.8,20858
2017-09-25,Ambaji,0,9,2017,0,0,Navratri,27.8,0.0,204443
2017-09-25,Pavagadh,0,9,2017,0,0,Navratri,28.2,5.9,143595
2017-09-26,Somnath,1,9,2017,0,0,None,31.7,0.0,22724
2017-09-26,Dwarka,1,9,2017,0,0,None,26.9,3.1,21401
2017-09-26,Ambaji,1,9,2017,0,0,Navratri,26.8,4.8,154508
2017-09-26,Pavagadh,1,9,2017,0,0,Navratri,28.6,0.0,178827
2017-09-27,Somnath,2,9,2017,0,0,None,31.1,0.0,26450
2017-09-27,Dwarka,2,9,2017,0,0,None,30.0,0.0,20132
2017-09-27,Ambaji,2,9,2017,0,0,Navratri,28.8,0.0,220195
2017-09-27,Pavagadh,2,9,2017,0,0,Navratri,30.7,0.0,206761
2017-09-28,Somnath,3,9,2017,0,0,None,29.1,0.0,26625
2017-09-28,Dwarka,3,9,2017,0,0,None,31.1,0.0,21140
2017-09-28,Ambaji,3,9,2017,0,0,Navratri,26.2,0.0,179344
2017-09-28,Pavagadh,3,9,2017,0,0,Navratri,26.9,0.0,219937
2017-09-29,Somnath,4,9,2017,0,0,None,29.9,5.4,22542
2017-09-29,Dwarka,4,9,2017,0,0,None,31.0,14.9,22017
2017-09-29,Ambaji,4,9,2017,0,0,Navratri,29.2,0.0,150322
2017-09-29,Pavagadh,4,9,2017,0,0,Navratri,26.3,8.4,153433
2017-09-30,Somnath,5,9,2017,1,0,None,29.2,0.6,37740
2017-09-30,Dwarka,5,9,2017,1,0,None,28.6,24.1,24714
2017-09-30,Ambaji,5,9,2017,1,0,None,29.8,0.0,54524
2017-09-30,Pavagadh,5,9,2017,1,0,None,27.2,0.0,29121
2017-10-01,Somnath,6,10,2017,1,0,None,19.0,0.0,37851
2017-10-01,Dwarka,6,10,2017,1,0,None,18.4,0.0,31863
2017-10-01,Ambaji,6,10,2017,1,0,None,27.0,0.0,55831
2017-10-01,Pavagadh,6,10,2017,1,0,None,21.5,0.0,28630
2017-10-02,Somnath,0,10,2017,0,1,None,21.4,0.0,35476
2017-10-02,Dwarka,0,10,2017,0,1,None,26.3,0.0,36076
2017-10-02,Ambaji,0,10,2017,0,1,None,23.0,0.0,63609
2017-10-02,Pavagadh,0,10,2017,0,1,None,19.7,0.0,32964
2017-10-03,Somnath,1,10,2017,0,0,None,21.7,0.0,23071
2017-10-03,Dwarka,1,10,2017,0,0,None,25.4,0.0,24063
2017-10-03,Ambaji,1,10,2017,0,0,None,25.7,0.0,31780
2017-10-03,Pavagadh,1,10,2017,0,0,None,27.9,0.0,19247
2017-10-04,Somnath,2,10,2017,0,0,None,27.1,0.0,23574
2017-10-04,Dwarka,2,10,2017,0,0,None,26.9,2.0,20181
2017-10-04,Ambaji,2,10,2017,0,0,None,26.6,0.0,35168
2017-10-04,Pavagadh,2,10,2017,0,0,None,27.1,0.0,19048
2017-10-05,Somnath,3,10,2017,0,0,None,20.1,0.0,25308
2017-10-05,Dwarka,3,10,2017,0,0,None,18.1,0.0,20122
2017-10-05,Ambaji,3,10,2017,0,0,None,22.1,0.0,37346
2017-10-05,Pavagadh,3,10,2017,0,0,None,20.1,0.0,21480
2017-10-06,Somnath,4,10,2017,0,0,None,25.5,0.0,22859
2017-10-06,Dwarka,4,10,2017,0,0,None,25.2,0.0,23170
2017-10-06,Ambaji,4,10,2017,0,0,None,22.5,0.0,34658
2017-10-06,Pavagadh,4,10,2017,0,0,None,25.5,0.0,18199
2017-10-07,Somnath,5,10,2017,1,0,None,23.2,0.0,37526
2017-10-07,Dwarka,5,10,2017,1,0,None,21.6,0.0,34098
2017-10-07,Ambaji,5,10,2017,1,0,None,25.6,0.0,46120
2017-10-07,Pavagadh,5,10,2017,1,0,None,19.7,0.0,30430
2017-10-08,Somnath,6,10,2017,1,0,None,22.3,0.0,40015
2017-10-08,Dwarka,6,10,2017,1,0,None,20.1,0.0,29526
2017-10-08,Ambaji,6,10,2017,1,0,None,21.6,0.0,48895
2017-10-08,Pavagadh,6,10,2017,1,0,None,27.8,0.0,29483
2017-10-09,Somnath,0,10,2017,0,0,None,19.5,0.0,23697
2017-10-09,Dwarka,0,10,2017,0,0,None,26.7,0.0,21247
2017-10-09,Ambaji,0,10,2017,0,0,None,24.0,0.0,33494
2017-10-09,Pavagadh,0,10,2017,0,0,None,22.2,0.0,20099
2017-10-10,Somnath,1,10,2017,0,0,None,24.0,0.0,25770
2017-10-10,Dwarka,1,10,2017,0,0,None,21.1,0.0,23147
2017-10-10,Ambaji,1,10,2017,0,0,None,26.5,0.0,34349
2017-10-10,Pavagadh,1,10,2017,0,0,None,23.0,0.0,20637
2017-10-11,Somnath,2,10,2017,0,0,None,18.4,0.0,22809
2017-10-11,Dwarka,2,10,2017,0,0,None,22.7,0.0,21785
2017-10-11,Ambaji,2,10,2017,0,0,None,19.5,2.0,37724
2017-10-11,Pavagadh,2,10,2017,0,0,None,25.7,0.0,18735
2017-10-12,Somnath,3,10,2017,0,0,None,27.4,0.0,26761
2017-10-12,Dwarka,3,10,2017,0,0,None,21.4,0.0,24136
2017-10-12,Ambaji,3,10,2017,0,0,None,23.2,0.0,33037
2017-10-12,Pavagadh,3,10,2017,0,0,None,22.8,0.0,19850
2017-10-13,Somnath,4,10,2017,0,0,None,22.2,0.0,24274
2017-10-13,Dwarka,4,10,2017,0,0,None,27.8,0.0,22400
2017-10-13,Ambaji,4,10,2017,0,0,None,18.9,0.0,38463
2017-10-13,Pavagadh,4,10,2017,0,0,None,26.2,0.0,19938
2017-10-14,Somnath,5,10,2017,1,0,None,26.4,0.0,36671
2017-10-14,Dwarka,5,10,2017,1,0,None,27.9,0.0,27273
2017-10-14,Ambaji,5,10,2017,1,0,None,20.7,0.0,54341
2017-10-14,Pavagadh,5,10,2017,1,0,None,24.3,0.0,28205
2017-10-15,Somnath,6,10,2017,1,0,None,26.4,0.0,36247
2017-10-15,Dwarka,6,10,2017,1,0,None,26.9,0.0,31958
2017-10-15,Ambaji,6,10,2017,1,0,None,22.9,0.0,46672
2017-10-15,Pavagadh,6,10,2017,1,0,None,26.9,0.0,27125
2017-10-16,Somnath,0,10,2017,0,0,None,20.8,0.0,23099
2017-10-16,Dwarka,0,10,2017,0,0,None,26.8,0.0,20639
2017-10-16,Ambaji,0,10,2017,0,0,None,24.9,0.0,32791
2017-10-16,Pavagadh,0,10,2017,0,0,None,20.7,0.0,20796
2017-10-17,Somnath,1,10,2017,0,0,Diwali Peak,24.4,0.0,85925
2017-10-17,Dwarka,1,10,2017,0,0,Diwali Peak,24.2,0.0,67108
2017-10-17,Ambaji,1,10,2017,0,0,Diwali Peak,24.1,0.0,100615
2017-10-17,Pavagadh,1,10,2017,0,0,Diwali Peak,23.4,0.0,63640
2017-10-18,Somnath,2,10,2017,0,0,Diwali Peak,26.4,0.0,75109
2017-10-18,Dwarka,2,10,2017,0,0,Diwali Peak,27.8,0.0,69901
2017-10-18,Ambaji,2,10,2017,0,0,Diwali Peak,23.4,0.0,98814
2017-10-18,Pavagadh,2,10,2017,0,0,Diwali Peak,23.5,0.0,57787
2017-10-19,Somnath,3,10,2017,0,0,Diwali Peak,26.8,0.0,76874
2017-10-19,Dwarka,3,10,2017,0,0,Diwali Peak,18.4,0.0,70467
2017-10-19,Ambaji,3,10,2017,0,0,Diwali Peak,26.7,0.0,92105
2017-10-19,Pavagadh,3,10,2017,0,0,Diwali Peak,19.1,0.0,51712
2017-10-20,Somnath,4,10,2017,0,0,Diwali Peak,25.6,0.0,76515
2017-10-20,Dwarka,4,10,2017,0,0,Diwali Peak,19.9,0.0,65196
2017-10-20,Ambaji,4,10,2017,0,0,Diwali Peak,21.0,0.0,94923
2017-10-20,Pavagadh,4,10,2017,0,0,Diwali Peak,24.4,2.0,50651
2017-10-21,Somnath,5,10,2017,1,0,Diwali Peak,23.7,0.0,106016
2017-10-21,Dwarka,5,10,2017,1,0,Diwali Peak,20.7,0.0,78377
2017-10-21,Ambaji,5,10,2017,1,0,Diwali Peak,21.1,0.0,171989
2017-10-21,Pavagadh,5,10,2017,1,0,Diwali Peak,19.9,0.0,71709
2017-10-22,Somnath,6,10,2017,1,0,Diwali Peak,20.5,0.0,113683
2017-10-22,Dwarka,6,10,2017,1,0,Diwali Peak,27.3,0.0,80425
2017-10-22,Ambaji,6,10,2017,1,0,Diwali Peak,24.8,0.0,125974
2017-10-22,Pavagadh,6,10,2017,1,0,Diwali Peak,26.7,0.0,97057
2017-10-23,Somnath,0,10,2017,0,0,None,22.3,0.0,24668
2017-10-23,Dwarka,0,10,2017,0,0,None,22.6,0.0,20264
2017-10-23,Ambaji,0,10,2017,0,0,None,27.9,0.0,32889
2017-10-23,Pavagadh,0,10,2017,0,0,None,23.3,0.0,19759
2017-10-24,Somnath,1,10,2017,0,0,None,25.7,0.0,25548
2017-10-24,Dwarka,1,10,2017,0,0,None,25.2,0.0,22310
2017-10-24,Ambaji,1,10,2017,0,0,None,26.8,0.0,34336
2017-10-24,Pavagadh,1,10,2017,0,0,None,27.3,0.0,19834
2017-10-25,Somnath,2,10,2017,0,0,None,27.8,0.0,22826
2017-10-25,Dwarka,2,10,2017,0,0,None,26.6,0.0,21877
2017-10-25,Ambaji,2,10,2017,0,0,None,23.1,0.0,36669
2017-10-25,Pavagadh,2,10,2017,0,0,None,20.7,0.0,19918
2017-10-26,Somnath,3,10,2017,0,0,None,26.6,0.0,27281
2017-10-26,Dwarka,3,10,2017,0,0,None,26.8,0.0,21756
2017-10-26,Ambaji,3,10,2017,0,0,None,25.7,0.0,35267
2017-10-26,Pavagadh,3,10,2017,0,0,None,18.9,0.0,19822
2017-10-27,Somnath,4,10,2017,0,0,None,21.6,0.0,25869
2017-10-27,Dwarka,4,10,2017,0,0,None,20.1,0.0,21075
2017-10-27,Ambaji,4,10,2017,0,0,None,19.9,0.0,36613
2017-10-27,Pavagadh,4,10,2017,0,0,None,27.7,0.0,21761
2017-10-28,Somnath,5,10,2017,1,0,None,19.4,0.0,33808
2017-10-28,Dwarka,5,10,2017,1,0,None,26.3,0.0,31259
2017-10-28,Ambaji,5,10,2017,1,0,None,22.9,0.0,48024
2017-10-28,Pavagadh,5,10,2017,1,0,None,22.4,0.0,24798
2017-10-29,Somnath,6,10,2017,1,0,None,23.2,0.0,31257
2017-10-29,Dwarka,6,10,2017,1,0,None,20.8,0.0,29224
2017-10-29,Ambaji,6,10,2017,1,0,None,24.9,0.0,50635
2017-10-29,Pavagadh,6,10,2017,1,0,None,23.2,0.0,28828
2017-10-30,Somnath,0,10,2017,0,0,None,22.3,0.0,26301
2017-10-30,Dwarka,0,10,2017,0,0,None,19.7,0.0,20786
2017-10-30,Ambaji,0,10,2017,0,0,None,21.6,0.0,35555
2017-10-30,Pavagadh,0,10,2017,0,0,None,26.0,0.0,19458
2017-10-31,Somnath,1,10,2017,0,0,None,27.9,0.0,24497
2017-10-31,Dwarka,1,10,2017,0,0,None,26.4,0.0,23096
2017-10-31,Ambaji,1,10,2017,0,0,None,20.0,0.0,37532
2017-10-31,Pavagadh,1,10,2017,0,0,None,23.0,0.0,20351
2017-11-01,Somnath,2,11,2017,0,0,None,26.4,0.0,25377
2017-11-01,Dwarka,2,11,2017,0,0,None,19.2,0.0,23020
2017-11-01,Ambaji,2,11,2017,0,0,None,18.4,0.0,34402
2017-11-01,Pavagadh,2,11,2017,0,0,None,19.2,0.0,18776
2017-11-02,Somnath,3,11,2017,0,0,None,22.2,0.0,26191
2017-11-02,Dwarka,3,11,2017,0,0,None,25.7,0.0,19899
2017-11-02,Ambaji,3,11,2017,0,0,None,27.3,0.0,31739
2017-11-02,Pavagadh,3,11,2017,0,0,None,26.2,0.0,20316
2017-11-03,Somnath,4,11,2017,0,0,None,22.7,0.0,26948
2017-11-03,Dwarka,4,11,2017,0,0,None,22.4,0.0,23965
2017-11-03,Ambaji,4,11,2017,0,0,None,27.2,0.0,34775
2017-11-03,Pavagadh,4,11,2017,0,0,None,18.9,0.0,18301
2017-11-04,Somnath,5,11,2017,1,0,None,18.7,0.0,30022
2017-11-04,Dwarka,5,11,2017,1,0,None,22.2,0.0,26826
2017-11-04,Ambaji,5,11,2017,1,0,None,20.1,0.0,50676
2017-11-04,Pavagadh,5,11,2017,1,0,None,23.1,0.0,25003
2017-11-05,Somnath,6,11,2017,1,0,None,23.4,0.0,34758
2017-11-05,Dwarka,6,11,2017,1,0,None,19.2,0.0,31626
2017-11-05,Ambaji,6,11,2017,1,0,None,23.1,0.0,56217
2017-11-05,Pavagadh,6,11,2017,1,0,None,23.4,0.0,29421
2017-11-06,Somnath,0,11,2017,0,0,None,22.6,0.0,24663
2017-11-06,Dwarka,0,11,2017,0,0,None,19.3,0.0,22269
2017-11-06,Ambaji,0,11,2017,0,0,None,21.4,0.0,38104
2017-11-06,Pavagadh,0,11,2017,0,0,None,25.7,0.0,19467
2017-11-07,Somnath,1,11,2017,0,0,None,25.6,0.0,23505
2017-11-07,Dwarka,1,11,2017,0,0,None,19.2,0.0,20405
2017-11-07,Ambaji,1,11,2017,0,0,None,28.0,0.0,34588
2017-11-07,Pavagadh,1,11,2017,0,0,None,22.5,0.0,20285
2017-11-08,Somnath,2,11,2017,0,0,None,19.5,0.0,24162
2017-11-08,Dwarka,2,11,2017,0,0,None,23.9,0.0,23711
2017-11-08,Ambaji,2,11,2017,0,0,None,26.4,0.0,34218
2017-11-08,Pavagadh,2,11,2017,0,0,None,23.0,0.0,21510
2017-11-09,Somnath,3,11,2017,0,0,None,19.0,0.0,26380
2017-11-09,Dwarka,3,11,2017,0,0,None,22.3,0.0,21609
2017-11-09,Ambaji,3,11,2017,0,0,None,24.0,2.0,34950
2017-11-09,Pavagadh,3,11,2017,0,0,None,20.1,0.0,18169
2017-11-10,Somnath,4,11,2017,0,0,None,23.6,0.0,23526
2017-11-10,Dwarka,4,11,2017,0,0,None,25.0,0.0,20940
2017-11-10,Ambaji,4,11,2017,0,0,None,21.4,2.0,34119
2017-11-10,Pavagadh,4,11,2017,0,0,None,25.6,0.0,21173
2017-11-11,Somnath,5,11,2017,1,0,None,25.7,0.0,40004
2017-11-11,Dwarka,5,11,2017,1,0,None,23.8,0.0,31922
2017-11-11,Ambaji,5,11,2017,1,0,None,24.5,0.0,47536
2017-11-11,Pavagadh,5,11,2017,1,0,None,20.5,0.0,29350
2017-11-12,Somnath,6,11,2017,1,0,None,18.8,0.0,31969
2017-11-12,Dwarka,6,11,2017,1,0,None,23.7,0.0,26943
2017-11-12,Ambaji,6,11,2017,1,0,None,19.7,2.0,52363
2017-11-12,Pavagadh,6,11,2017,1,0,None,26.5,0.0,27055
2017-11-13,Somnath,0,11,2017,0,0,None,24.9,0.0,26660
2017-11-13,Dwarka,0,11,2017,0,0,None,18.8,0.0,20239
2017-11-13,Ambaji,0,11,2017,0,0,None,26.8,0.0,36080
2017-11-13,Pavagadh,0,11,2017,0,0,None,22.9,0.0,20581
2017-11-14,Somnath,1,11,2017,0,0,None,27.5,0.0,27094
2017-11-14,Dwarka,1,11,2017,0,0,None,24.1,0.0,21489
2017-11-14,Ambaji,1,11,2017,0,0,None,22.7,0.0,34403
2017-11-14,Pavagadh,1,11,2017,0,0,None,23.3,0.0,18634
2017-11-15,Somnath,2,11,2017,0,0,None,24.4,0.0,25413
2017-11-15,Dwarka,2,11,2017,0,0,None,19.4,0.0,21362
2017-11-15,Ambaji,2,11,2017,0,0,None,23.0,0.0,36931
2017-11-15,Pavagadh,2,11,2017,0,0,None,18.8,0.0,19887
2017-11-16,Somnath,3,11,2017,0,0,None,25.4,0.0,25853
2017-11-16,Dwarka,3,11,2017,0,0,None,20.4,0.0,19874
2017-11-16,Ambaji,3,11,2017,0,0,None,19.5,0.0,33178
2017-11-16,Pavagadh,3,11,2017,0,0,None,19.0,0.0,18116
2017-11-17,Somnath,4,11,2017,0,0,None,24.2,0.0,27225
2017-11-17,Dwarka,4,11,2017,0,0,None,27.3,0.0,22503
2017-11-17,Ambaji,4,11,2017,0,0,None,18.3,0.0,35160
2017-11-17,Pavagadh,4,11,2017,0,0,None,18.4,0.0,18307
2017-11-18,Somnath,5,11,2017,1,0,None,21.9,0.0,34039
2017-11-18,Dwarka,5,11,2017,1,0,None,19.2,0.0,30826
2017-11-18,Ambaji,5,11,2017,1,0,None,19.4,0.0,45274
2017-11-18,Pavagadh,5,11,2017,1,0,None,24.4,0.0,28113
2017-11-19,Somnath,6,11,2017,1,0,None,22.9,0.0,36491
2017-11-19,Dwarka,6,11,2017,1,0,None,18.3,0.0,27044
2017-11-19,Ambaji,6,11,2017,1,0,None,23.6,0.0,47234
2017-11-19,Pavagadh,6,11,2017,1,0,None,22.2,0.0,27999
2017-11-20,Somnath,0,11,2017,0,0,None,25.4,0.0,22542
2017-11-20,Dwarka,0,11,2017,0,0,None,20.2,0.0,22750
2017-11-20,Ambaji,0,11,2017,0,0,None,26.9,0.0,35678
2017-11-20,Pavagadh,0,11,2017,0,0,None,23.7,0.0,20054
2017-11-21,Somnath,1,11,2017,0,0,None,24.1,0.0,23866
2017-11-21,Dwarka,1,11,2017,0,0,None,24.4,0.0,23575
2017-11-21,Ambaji,1,11,2017,0,0,None,21.4,0.0,38394
2017-11-21,Pavagadh,1,11,2017,0,0,None,27.1,0.0,21082
2017-11-22,Somnath,2,11,2017,0,0,None,19.1,0.0,23868
2017-11-22,Dwarka,2,11,2017,0,0,None,20.7,0.0,22926
2017-11-22,Ambaji,2,11,2017,0,0,None,27.8,0.0,34427
2017-11-22,Pavagadh,2,11,2017,0,0,None,25.0,2.0,20840
2017-11-23,Somnath,3,11,2017,0,0,None,25.6,0.0,23068
2017-11-23,Dwarka,3,11,2017,0,0,None,25.0,0.0,23999
2017-11-23,Ambaji,3,11,2017,0,0,None,20.1,0.0,36263
2017-11-23,Pavagadh,3,11,2017,0,0,None,20.5,0.0,19030
2017-11-24,Somnath,4,11,2017,0,0,None,21.3,0.0,25145
2017-11-24,Dwarka,4,11,2017,0,0,None,22.5,0.0,21113
2017-11-24,Ambaji,4,11,2017,0,0,None,19.6,0.0,32871
2017-11-24,Pavagadh,4,11,2017,0,0,None,23.8,0.0,18676
2017-11-25,Somnath,5,11,2017,1,0,None,19.1,0.0,37098
2017-11-25,Dwarka,5,11,2017,1,0,None,25.1,0.0,30015
2017-11-25,Ambaji,5,11,2017,1,0,None,18.8,0.0,49298
2017-11-25,Pavagadh,5,11,2017,1,0,None,23.1,0.0,28256
2017-11-26,Somnath,6,11,2017,1,0,None,23.1,0.0,38637
2017-11-26,Dwarka,6,11,2017,1,0,None,18.7,0.0,28177
2017-11-26,Ambaji,6,11,2017,1,0,None,21.8,0.0,48799
2017-11-26,Pavagadh,6,11,2017,1,0,None,23.4,0.0,27716
2017-11-27,Somnath,0,11,2017,0,0,None,19.9,0.0,24506
2017-11-27,Dwarka,0,11,2017,0,0,None,26.0,0.0,20389
2017-11-27,Ambaji,0,11,2017,0,0,None,18.9,0.0,35248
2017-11-27,Pavagadh,0,11,2017,0,0,None,26.6,0.0,20106
2017-11-28,Somnath,1,11,2017,0,0,None,23.4,0.0,22988
2017-11-28,Dwarka,1,11,2017,0,0,None,20.4,0.0,23609
2017-11-28,Ambaji,1,11,2017,0,0,None,27.4,2.0,38214
2017-11-28,Pavagadh,1,11,2017,0,0,None,18.1,0.0,18590
2017-11-29,Somnath,2,11,2017,0,0,None,21.5,0.0,26963
2017-11-29,Dwarka,2,11,2017,0,0,None,19.9,0.0,23836
2017-11-29,Ambaji,2,11,2017,0,0,None,22.6,0.0,34704
2017-11-29,Pavagadh,2,11,2017,0,0,None,21.8,0.0,19754
2017-11-30,Somnath,3,11,2017,0,0,None,18.2,2.0,25217
2017-11-30,Dwarka,3,11,2017,0,0,None,22.7,0.0,20485
2017-11-30,Ambaji,3,11,2017,0,0,None,19.9,0.0,33325
2017-11-30,Pavagadh,3,11,2017,0,0,None,26.0,0.0,18132
2017-12-01,Somnath,4,12,2017,0,0,None,23.2,0.0,26289
2017-12-01,Dwarka,4,12,2017,0,0,None,24.4,0.0,23245
2017-12-01,Ambaji,4,12,2017,0,0,None,19.8,0.0,35992
2017-12-01,Pavagadh,4,12,2017,0,0,None,24.7,0.0,20295
2017-12-02,Somnath,5,12,2017,1,0,None,22.7,0.0,31832
2017-12-02,Dwarka,5,12,2017,1,0,None,24.2,0.0,26059
2017-12-02,Ambaji,5,12,2017,1,0,None,24.1,0.0,49498
2017-12-02,Pavagadh,5,12,2017,1,0,None,22.9,0.0,27779
2017-12-03,Somnath,6,12,2017,1,0,None,27.6,0.0,39828
2017-12-03,Dwarka,6,12,2017,1,0,None,22.5,0.0,33115
2017-12-03,Ambaji,6,12,2017,1,0,None,26.9,0.0,50894
2017-12-03,Pavagadh,6,12,2017,1,0,None,26.3,0.0,27763
2017-12-04,Somnath,0,12,2017,0,0,None,25.9,0.0,23592
2017-12-04,Dwarka,0,12,2017,0,0,None,24.3,0.0,24154
2017-12-04,Ambaji,0,12,2017,0,0,None,22.8,0.0,34173
2017-12-04,Pavagadh,0,12,2017,0,0,None,24.5,0.0,20414
2017-12-05,Somnath,1,12,2017,0,0,None,27.3,0.0,22838
2017-12-05,Dwarka,1,12,2017,0,0,None,27.9,0.0,20514
2017-12-05,Ambaji,1,12,2017,0,0,None,18.1,0.0,37367
2017-12-05,Pavagadh,1,12,2017,0,0,None,18.2,0.0,21029
2017-12-06,Somnath,2,12,2017,0,0,None,23.9,0.0,26230
2017-12-06,Dwarka,2,12,2017,0,0,None,18.5,0.0,20798
2017-12-06,Ambaji,2,12,2017,0,0,None,23.5,0.0,32680
2017-12-06,Pavagadh,2,12,2017,0,0,None,27.8,0.0,18230
2017-12-07,Somnath,3,12,2017,0,0,None,27.4,0.0,25995
2017-12-07,Dwarka,3,12,2017,0,0,None,23.3,0.0,19945
2017-12-07,Ambaji,3,12,2017,0,0,None,20.7,0.0,32036
2017-12-07,Pavagadh,3,12,2017,0,0,None,25.1,0.0,19090
2017-12-08,Somnath,4,12,2017,0,0,None,18.0,0.0,26669
2017-12-08,Dwarka,4,12,2017,0,0,None,22.0,0.0,20801
2017-12-08,Ambaji,4,12,2017,0,0,None,24.2,0.0,34920
2017-12-08,Pavagadh,4,12,2017,0,0,None,24.4,0.0,19525
2017-12-09,Somnath,5,12,2017,1,0,None,25.7,0.0,36380
2017-12-09,Dwarka,5,12,2017,1,0,None,21.2,0.0,26721
2017-12-09,Ambaji,5,12,2017,1,0,None,18.8,0.0,48870
2017-12-09,Pavagadh,5,12,2017,1,0,None,22.5,0.0,25877
2017-12-10,Somnath,6,12,2017,1,0,None,24.2,0.0,31727
2017-12-10,Dwarka,6,12,2017,1,0,None,24.6,0.0,33865
2017-12-10,Ambaji,6,12,2017,1,0,None,20.0,0.0,43107
2017-12-10,Pavagadh,6,12,2017,1,0,None,26.4,0.0,27084
2017-12-11,Somnath,0,12,2017,0,0,None,20.5,0.0,26989
2017-12-11,Dwarka,0,12,2017,0,0,None,19.5,0.0,21081
2017-12-11,Ambaji,0,12,2017,0,0,None,26.1,0.0,34492
2017-12-11,Pavagadh,0,12,2017,0,0,None,21.7,0.0,20117
2017-12-12,Somnath,1,12,2017,0,0,None,24.8,0.0,23264
2017-12-12,Dwarka,1,12,2017,0,0,None,26.4,0.0,23902
2017-12-12,Ambaji,1,12,2017,0,0,None,20.5,0.0,33492
2017-12-12,Pavagadh,1,12,2017,0,0,None,21.2,0.0,20991
2017-12-13,Somnath,2,12,2017,0,0,None,23.6,0.0,24036
2017-12-13,Dwarka,2,12,2017,0,0,None,24.9,0.0,20466
2017-12-13,Ambaji,2,12,2017,0,0,None,22.0,0.0,33989
2017-12-13,Pavagadh,2,12,2017,0,0,None,21.2,0.0,18863
2017-12-14,Somnath,3,12,2017,0,0,None,25.1,0.0,25325
2017-12-14,Dwarka,3,12,2017,0,0,None,24.1,0.0,23603
2017-12-14,Ambaji,3,12,2017,0,0,None,20.9,0.0,38353
2017-12-14,Pavagadh,3,12,2017,0,0,None,24.0,0.0,19781
2017-12-15,Somnath,4,12,2017,0,0,None,18.6,0.0,22674
2017-12-15,Dwarka,4,12,2017,0,0,None,25.0,0.0,23594
2017-12-15,Ambaji,4,12,2017,0,0,None,19.6,0.0,35680
2017-12-15,Pavagadh,4,12,2017,0,0,None,22.6,0.0,19871
2017-12-16,Somnath,5,12,2017,1,0,None,21.1,0.0,34748
2017-12-16,Dwarka,5,12,2017,1,0,None,20.4,2.0,28919
2017-12-16,Ambaji,5,12,2017,1,0,None,22.8,0.0,47292
2017-12-16,Pavagadh,5,12,2017,1,0,None,23.5,0.0,28502
2017-12-17,Somnath,6,12,2017,1,0,None,20.9,0.0,38535
2017-12-17,Dwarka,6,12,2017,1,0,None,24.3,0.0,29405
2017-12-17,Ambaji,6,12,2017,1,0,None,25.8,0.0,46065
2017-12-17,Pavagadh,6,12,2017,1,0,None,18.8,0.0,30742
2017-12-18,Somnath,0,12,2017,0,0,None,19.8,0.0,23557
2017-12-18,Dwarka,0,12,2017,0,0,None,24.1,0.0,22978
2017-12-18,Ambaji,0,12,2017,0,0,None,26.2,0.0,32040
2017-12-18,Pavagadh,0,12,2017,0,0,None,21.4,0.0,19994
2017-12-19,Somnath,1,12,2017,0,0,None,19.9,0.0,24537
2017-12-19,Dwarka,1,12,2017,0,0,None,21.9,0.0,21593
2017-12-19,Ambaji,1,12,2017,0,0,None,18.3,0.0,37493
2017-12-19,Pavagadh,1,12,2017,0,0,None,27.6,0.0,19457
2017-12-20,Somnath,2,12,2017,0,0,None,27.4,0.0,26721
2017-12-20,Dwarka,2,12,2017,0,0,None,25.7,0.0,21906
2017-12-20,Ambaji,2,12,2017,0,0,None,19.9,0.0,36946
2017-12-20,Pavagadh,2,12,2017,0,0,None,26.9,0.0,19860
2017-12-21,Somnath,3,12,2017,0,0,None,18.9,0.0,24371
2017-12-21,Dwarka,3,12,2017,0,0,None,22.6,0.0,19828
2017-12-21,Ambaji,3,12,2017,0,0,None,27.9,0.0,37436
2017-12-21,Pavagadh,3,12,2017,0,0,None,23.3,0.0,21190
2017-12-22,Somnath,4,12,2017,0,0,None,25.1,0.0,25072
2017-12-22,Dwarka,4,12,2017,0,0,None,18.9,0.0,23809
2017-12-22,Ambaji,4,12,2017,0,0,None,18.9,0.0,37816
2017-12-22,Pavagadh,4,12,2017,0,0,None,20.8,0.0,20139
2017-12-23,Somnath,5,12,2017,1,0,None,24.0,0.0,30929
2017-12-23,Dwarka,5,12,2017,1,0,None,25.4,0.0,32457
2017-12-23,Ambaji,5,12,2017,1,0,None,20.4,0.0,51070
2017-12-23,Pavagadh,5,12,2017,1,0,None,21.1,0.0,25457
2017-12-24,Somnath,6,12,2017,1,0,None,26.0,0.0,40090
2017-12-24,Dwarka,6,12,2017,1,0,None,27.1,0.0,31327
2017-12-24,Ambaji,6,12,2017,1,0,None,20.1,0.0,47274
2017-12-24,Pavagadh,6,12,2017,1,0,None,21.2,0.0,29892
2017-12-25,Somnath,0,12,2017,0,1,None,23.7,0.0,34040
2017-12-25,Dwarka,0,12,2017,0,1,None,23.8,0.0,37228
2017-12-25,Ambaji,0,12,2017,0,1,None,25.5,0.0,50058
2017-12-25,Pavagadh,0,12,2017,0,1,None,23.5,0.0,27996
2017-12-26,Somnath,1,12,2017,0,0,None,22.0,0.0,22659
2017-12-26,Dwarka,1,12,2017,0,0,None,24.6,0.0,22916
2017-12-26,Ambaji,1,12,2017,0,0,None,24.6,0.0,33537
2017-12-26,Pavagadh,1,12,2017,0,0,None,19.3,0.0,20987
2017-12-27,Somnath,2,12,2017,0,0,None,20.0,0.0,27333
2017-12-27,Dwarka,2,12,2017,0,0,None,23.9,0.0,20964
2017-12-27,Ambaji,2,12,2017,0,0,None,20.1,0.0,36301
2017-12-27,Pavagadh,2,12,2017,0,0,None,24.8,0.0,20254
2017-12-28,Somnath,3,12,2017,0,0,None,25.4,0.0,24263
2017-12-28,Dwarka,3,12,2017,0,0,None,26.7,0.0,22203
2017-12-28,Ambaji,3,12,2017,0,0,None,25.0,2.0,34547
2017-12-28,Pavagadh,3,12,2017,0,0,None,22.3,0.0,21222
2017-12-29,Somnath,4,12,2017,0,0,None,25.3,0.0,24119
2017-12-29,Dwarka,4,12,2017,0,0,None,24.1,0.0,23688
2017-12-29,Ambaji,4,12,2017,0,0,None,19.1,0.0,34753
2017-12-29,Pavagadh,4,12,2017,0,0,None,27.8,0.0,19628
2017-12-30,Somnath,5,12,2017,1,0,None,18.3,0.0,35186
2017-12-30,Dwarka,5,12,2017,1,0,None,25.5,0.0,32911
2017-12-30,Ambaji,5,12,2017,1,0,None,20.9,0.0,55295
2017-12-30,Pavagadh,5,12,2017,1,0,None,26.2,0.0,24054
2017-12-31,Somnath,6,12,2017,1,0,None,20.4,0.0,35244
2017-12-31,Dwarka,6,12,2017,1,0,None,20.5,0.0,31245
2017-12-31,Ambaji,6,12,2017,1,0,None,21.8,0.0,46173
2017-12-31,Pavagadh,6,12,2017,1,0,None,21.8,0.0,29529
2018-01-01,Somnath,0,1,2018,0,0,None,18.3,0.0,22776
2018-01-01,Dwarka,0,1,2018,0,0,None,24.2,0.0,20670
2018-01-01,Ambaji,0,1,2018,0,0,None,26.2,0.0,37191
2018-01-01,Pavagadh,0,1,2018,0,0,None,21.1,0.0,21659
2018-01-02,Somnath,1,1,2018,0,0,None,21.2,0.0,22547
2018-01-02,Dwarka,1,1,2018,0,0,None,18.0,0.0,23150
2018-01-02,Ambaji,1,1,2018,0,0,None,25.9,0.0,32325
2018-01-02,Pavagadh,1,1,2018,0,0,None,20.3,0.0,18708
2018-01-03,Somnath,2,1,2018,0,0,None,24.8,0.0,22915
2018-01-03,Dwarka,2,1,2018,0,0,None,20.9,0.0,23550
2018-01-03,Ambaji,2,1,2018,0,0,None,25.1,0.0,34972
2018-01-03,Pavagadh,2,1,2018,0,0,None,21.0,0.0,19636
2018-01-04,Somnath,3,1,2018,0,0,None,18.3,0.0,24662
2018-01-04,Dwarka,3,1,2018,0,0,None,22.2,0.0,22391
2018-01-04,Ambaji,3,1,2018,0,0,None,23.5,0.0,38102
2018-01-04,Pavagadh,3,1,2018,0,0,None,19.0,0.0,18001
2018-01-05,Somnath,4,1,2018,0,0,None,26.8,0.0,26289
2018-01-05,Dwarka,4,1,2018,0,0,None,21.6,0.0,21567
2018-01-05,Ambaji,4,1,2018,0,0,None,18.7,0.0,31998
2018-01-05,Pavagadh,4,1,2018,0,0,None,27.2,0.0,19917
2018-01-06,Somnath,5,1,2018,1,0,None,25.2,0.0,35326
2018-01-06,Dwarka,5,1,2018,1,0,None,25.8,0.0,30292
2018-01-06,Ambaji,5,1,2018,1,0,None,21.6,0.0,49129
2018-01-06,Pavagadh,5,1,2018,1,0,None,22.3,0.0,31261
2018-01-07,Somnath,6,1,2018,1,0,None,24.7,0.0,37422
2018-01-07,Dwarka,6,1,2018,1,0,None,18.6,0.0,28518
2018-01-07,Ambaji,6,1,2018,1,0,None,26.3,0.0,52135
2018-01-07,Pavagadh,6,1,2018,1,0,None,26.4,0.0,24994
2018-01-08,Somnath,0,1,2018,0,0,None,18.2,0.0,23962
2018-01-08,Dwarka,0,1,2018,0,0,None,23.5,0.0,20399
2018-01-08,Ambaji,0,1,2018,0,0,None,19.8,0.0,35810
2018-01-08,Pavagadh,0,1,2018,0,0,None,23.5,0.0,19484
2018-01-09,Somnath,1,1,2018,0,0,None,19.0,0.0,26988
2018-01-09,Dwarka,1,1,2018,0,0,None,27.8,0.0,23834
2018-01-09,Ambaji,1,1,2018,0,0,None,24.4,0.0,38477
2018-01-09,Pavagadh,1,1,2018,0,0,None,19.0,0.0,19011
2018-01-10,Somnath,2,1,2018,0,0,None,21.9,0.0,24682
2018-01-10,Dwarka,2,1,2018,0,0,None,20.5,0.0,21302
2018-01-10,Ambaji,2,1,2018,0,0,None,27.6,0.0,34709
2018-01-10,Pavagadh,2,1,2018,0,0,None,20.0,0.0,18628
2018-01-11,Somnath,3,1,2018,0,0,None,20.1,0.0,26901
2018-01-11,Dwarka,3,1,2018,0,0,None,19.3,0.0,21973
2018-01-11,Ambaji,3,1,2018,0,0,None,20.8,0.0,34661
2018-01-11,Pavagadh,3,1,2018,0,0,None,22.3,0.0,18564
2018-01-12,Somnath,4,1,2018,0,0,None,26.2,0.0,23673
2018-01-12,Dwarka,4,1,2018,0,0,None,19.1,0.0,22476
2018-01-12,Ambaji,4,1,2018,0,0,None,25.2,0.0,36257
2018-01-12,Pavagadh,4,1,2018,0,0,None,25.1,0.0,18259
2018-01-13,Somnath,5,1,2018,1,0,None,19.9,0.0,38995
2018-01-13,Dwarka,5,1,2018,1,0,None,23.7,0.0,28596
2018-01-13,Ambaji,5,1,2018,1,0,None,23.6,0.0,48134
2018-01-13,Pavagadh,5,1,2018,1,0,None,21.0,0.0,28114
2018-01-14,Somnath,6,1,2018,1,0,None,23.7,0.0,38065
2018-01-14,Dwarka,6,1,2018,1,0,None,26.9,0.0,31551
2018-01-14,Ambaji,6,1,2018,1,0,None,21.7,0.0,51826
2018-01-14,Pavagadh,6,1,2018,1,0,None,25.7,0.0,25981
2018-01-15,Somnath,0,1,2018,0,0,None,24.6,0.0,27020
2018-01-15,Dwarka,0,1,2018,0,0,None,20.3,0.0,23543
2018-01-15,Ambaji,0,1,2018,0,0,None,22.6,0.0,34962
2018-01-15,Pavagadh,0,1,2018,0,0,None,18.8,2.0,20352
2018-01-16,Somnath,1,1,2018,0,0,None,20.6,0.0,22884
2018-01-16,Dwarka,1,1,2018,0,0,None,26.0,0.0,23647
2018-01-16,Ambaji,1,1,2018,0,0,None,21.4,0.0,31745
2018-01-16,Pavagadh,1,1,2018,0,0,None,24.5,0.0,19837
2018-01-17,Somnath,2,1,2018,0,0,None,27.1,0.0,22548
2018-01-17,Dwarka,2,1,2018,0,0,None,18.7,0.0,19946
2018-01-17,Ambaji,2,1,2018,0,0,None,23.0,0.0,32763
2018-01-17,Pavagadh,2,1,2018,0,0,None,25.5,0.0,20750
2018-01-18,Somnath,3,1,2018,0,0,None,21.5,0.0,27169
2018-01-18,Dwarka,3,1,2018,0,0,None,18.4,0.0,23559
2018-01-18,Ambaji,3,1,2018,0,0,None,23.9,0.0,34283
2018-01-18,Pavagadh,3,1,2018,0,0,None,24.8,0.0,18164
2018-01-19,Somnath,4,1,2018,0,0,None,18.7,0.0,23663
2018-01-19,Dwarka,4,1,2018,0,0,None,20.6,0.0,20661
2018-01-19,Ambaji,4,1,2018,0,0,None,19.3,0.0,32509
2018-01-19,Pavagadh,4,1,2018,0,0,None,20.0,0.0,21732
2018-01-20,Somnath,5,1,2018,1,0,None,25.6,0.0,35245
2018-01-20,Dwarka,5,1,2018,1,0,None,22.1,0.0,33139
2018-01-20,Ambaji,5,1,2018,1,0,None,25.8,0.0,49273
2018-01-20,Pavagadh,5,1,2018,1,0,None,22.2,0.0,27478
2018-01-21,Somnath,6,1,2018,1,0,None,26.6,0.0,31175
2018-01-21,Dwarka,6,1,2018,1,0,None,21.3,0.0,28174
2018-01-21,Ambaji,6,1,2018,1,0,None,18.3,0.0,44393
2018-01-21,Pavagadh,6,1,2018,1,0,None,26.8,0.0,27579
2018-01-22,Somnath,0,1,2018,0,0,None,19.4,0.0,25231
2018-01-22,Dwarka,0,1,2018,0,0,None,20.4,0.0,21962
2018-01-22,Ambaji,0,1,2018,0,0,None,25.7,0.0,32310
2018-01-22,Pavagadh,0,1,2018,0,0,None,21.3,0.0,18604
2018-01-23,Somnath,1,1,2018,0,0,None,26.1,0.0,24922
2018-01-23,Dwarka,1,1,2018,0,0,None,23.4,0.0,22244
2018-01-23,Ambaji,1,1,2018,0,0,None,25.9,0.0,33357
2018-01-23,Pavagadh,1,1,2018,0,0,None,24.7,0.0,20179
2018-01-24,Somnath,2,1,2018,0,0,None,22.9,0.0,26094
2018-01-24,Dwarka,2,1,2018,0,0,None,26.8,0.0,23907
2018-01-24,Ambaji,2,1,2018,0,0,None,23.1,0.0,37489
2018-01-24,Pavagadh,2,1,2018,0,0,None,22.7,0.0,18710
2018-01-25,Somnath,3,1,2018,0,0,None,19.6,0.0,26850
2018-01-25,Dwarka,3,1,2018,0,0,None,26.9,0.0,22112
2018-01-25,Ambaji,3,1,2018,0,0,None,21.3,2.0,33737
2018-01-25,Pavagadh,3,1,2018,0,0,None,25.4,0.0,20434
2018-01-26,Somnath,4,1,2018,0,1,None,21.9,0.0,42727
2018-01-26,Dwarka,4,1,2018,0,1,None,18.1,0.0,37275
2018-01-26,Ambaji,4,1,2018,0,1,None,27.0,0.0,48731
2018-01-26,Pavagadh,4,1,2018,0,1,None,18.3,0.0,29172
2018-01-27,Somnath,5,1,2018,1,0,None,18.6,0.0,31267
2018-01-27,Dwarka,5,1,2018,1,0,None,21.4,0.0,31030
2018-01-27,Ambaji,5,1,2018,1,0,None,23.4,2.0,56080
2018-01-27,Pavagadh,5,1,2018,1,0,None,27.7,0.0,26542
2018-01-28,Somnath,6,1,2018,1,0,None,22.4,0.0,36446
2018-01-28,Dwarka,6,1,2018,1,0,None,25.5,0.0,32192
2018-01-28,Ambaji,6,1,2018,1,0,None,20.1,0.0,50848
2018-01-28,Pavagadh,6,1,2018,1,0,None,23.5,0.0,29733
2018-01-29,Somnath,0,1,2018,0,0,None,21.9,0.0,26977
2018-01-29,Dwarka,0,1,2018,0,0,None,18.4,0.0,21383
2018-01-29,Ambaji,0,1,2018,0,0,None,24.4,0.0,32561
2018-01-29,Pavagadh,0,1,2018,0,0,None,23.7,0.0,21030
2018-01-30,Somnath,1,1,2018,0,0,None,23.3,0.0,26287
2018-01-30,Dwarka,1,1,2018,0,0,None,26.4,0.0,21357
2018-01-30,Ambaji,1,1,2018,0,0,None,28.0,0.0,31671
2018-01-30,Pavagadh,1,1,2018,0,0,None,21.6,0.0,18485
2018-01-31,Somnath,2,1,2018,0,0,None,20.8,0.0,25942
2018-01-31,Dwarka,2,1,2018,0,0,None,18.7,0.0,20208
2018-01-31,Ambaji,2,1,2018,0,0,None,18.6,0.0,35503
2018-01-31,Pavagadh,2,1,2018,0,0,None,27.6,0.0,21503
2018-02-01,Somnath,3,2,2018,0,0,None,19.8,0.0,22881
2018-02-01,Dwarka,3,2,2018,0,0,None,25.8,0.0,22249
2018-02-01,Ambaji,3,2,2018,0,0,None,20.5,0.0,38435
2018-02-01,Pavagadh,3,2,2018,0,0,None,25.6,0.0,20287
2018-02-02,Somnath,4,2,2018,0,0,None,26.7,0.0,27230
2018-02-02,Dwarka,4,2,2018,0,0,None,20.8,0.0,22836
2018-02-02,Ambaji,4,2,2018,0,0,None,21.9,0.0,38358
2018-02-02,Pavagadh,4,2,2018,0,0,None,22.9,0.0,19887
2018-02-03,Somnath,5,2,2018,1,0,None,26.5,0.0,32999
2018-02-03,Dwarka,5,2,2018,1,0,None,18.2,0.0,29876
2018-02-03,Ambaji,5,2,2018,1,0,None,26.0,0.0,45658
2018-02-03,Pavagadh,5,2,2018,1,0,None,20.3,0.0,31944
2018-02-04,Somnath,6,2,2018,1,0,None,26.8,0.0,32816
2018-02-04,Dwarka,6,2,2018,1,0,None,20.3,0.0,29923
2018-02-04,Ambaji,6,2,2018,1,0,None,21.8,0.0,53021
2018-02-04,Pavagadh,6,2,2018,1,0,None,21.8,0.0,29133
2018-02-05,Somnath,0,2,2018,0,0,None,27.3,0.0,22784
2018-02-05,Dwarka,0,2,2018,0,0,None,20.1,0.0,21698
2018-02-05,Ambaji,0,2,2018,0,0,None,24.4,0.0,32286
2018-02-05,Pavagadh,0,2,2018,0,0,None,22.5,0.0,21576
2018-02-06,Somnath,1,2,2018,0,0,None,27.6,0.0,23020
2018-02-06,Dwarka,1,2,2018,0,0,None,25.9,0.0,21360
2018-02-06,Ambaji,1,2,2018,0,0,None,26.9,0.0,35404
2018-02-06,Pavagadh,1,2,2018,0,0,None,23.7,0.0,20338
2018-02-07,Somnath,2,2,2018,0,0,None,22.4,0.0,22835
2018-02-07,Dwarka,2,2,2018,0,0,None,20.5,0.0,22184
2018-02-07,Ambaji,2,2,2018,0,0,None,24.0,0.0,34217
2018-02-07,Pavagadh,2,2,2018,0,0,None,22.2,0.0,19904
2018-02-08,Somnath,3,2,2018,0,0,None,27.9,0.0,25747
2018-02-08,Dwarka,3,2,2018,0,0,None,18.5,0.0,23546
2018-02-08,Ambaji,3,2,2018,0,0,None,27.4,2.0,33475
2018-02-08,Pavagadh,3,2,2018,0,0,None,23.8,0.0,20255
2018-02-09,Somnath,4,2,2018,0,0,None,19.6,0.0,27047
2018-02-09,Dwarka,4,2,2018,0,0,None,22.5,0.0,20419
2018-02-09,Ambaji,4,2,2018,0,0,None,24.8,0.0,37866
2018-02-09,Pavagadh,4,2,2018,0,0,None,24.7,0.0,20237
2018-02-10,Somnath,5,2,2018,1,0,None,18.5,0.0,39161
2018-02-10,Dwarka,5,2,2018,1,0,None,23.4,0.0,29607
2018-02-10,Ambaji,5,2,2018,1,0,None,25.6,0.0,48104
2018-02-10,Pavagadh,5,2,2018,1,0,None,27.8,2.0,28598
2018-02-11,Somnath,6,2,2018,1,0,None,20.9,0.0,37389
2018-02-11,Dwarka,6,2,2018,1,0,None,19.0,0.0,29422
2018-02-11,Ambaji,6,2,2018,1,0,None,24.5,0.0,55372
2018-02-11,Pavagadh,6,2,2018,1,0,None,26.0,0.0,26477
2018-02-12,Somnath,0,2,2018,0,0,None,23.2,0.0,27226
2018-02-12,Dwarka,0,2,2018,0,0,None,19.4,0.0,20167
2018-02-12,Ambaji,0,2,2018,0,0,None,26.2,0.0,31766
2018-02-12,Pavagadh,0,2,2018,0,0,None,25.2,0.0,20857
2018-02-13,Somnath,1,2,2018,0,0,Maha Shivratri,23.6,0.0,373014
2018-02-13,Dwarka,1,2,2018,0,0,None,25.3,0.0,22459
2018-02-13,Ambaji,1,2,2018,0,0,None,21.0,0.0,35297
2018-02-13,Pavagadh,1,2,2018,0,0,None,22.4,0.0,20690
2018-02-14,Somnath,2,2,2018,0,0,None,24.9,0.0,24193
2018-02-14,Dwarka,2,2,2018,0,0,None,22.1,0.0,20837
2018-02-14,Ambaji,2,2,2018,0,0,None,18.5,2.0,36655
2018-02-14,Pavagadh,2,2,2018,0,0,None,18.9,0.0,20877
2018-02-15,Somnath,3,2,2018,0,0,None,22.4,0.0,27117
2018-02-15,Dwarka,3,2,2018,0,0,None,24.0,0.0,23241
2018-02-15,Ambaji,3,2,2018,0,0,None,27.6,0.0,36273
2018-02-15,Pavagadh,3,2,2018,0,0,None,21.4,0.0,20938
2018-02-16,Somnath,4,2,2018,0,0,None,27.3,0.0,26449
2018-02-16,Dwarka,4,2,2018,0,0,None,19.7,0.0,22140
2018-02-16,Ambaji,4,2,2018,0,0,None,19.8,0.0,33541
2018-02-16,Pavagadh,4,2,2018,0,0,None,25.9,0.0,19855
2018-02-17,Somnath,5,2,2018,1,0,None,19.8,0.0,38382
2018-02-17,Dwarka,5,2,2018,1,0,None,18.4,0.0,28183
2018-02-17,Ambaji,5,2,2018,1,0,None,26.1,0.0,45660
2018-02-17,Pavagadh,5,2,2018,1,0,None,20.4,0.0,28885
2018-02-18,Somnath,6,2,2018,1,0,None,22.2,0.0,33325
2018-02-18,Dwarka,6,2,2018,1,0,None,24.3,0.0,27795
2018-02-18,Ambaji,6,2,2018,1,0,None,21.7,0.0,54037
2018-02-18,Pavagadh,6,2,2018,1,0,None,18.4,0.0,26787
2018-02-19,Somnath,0,2,2018,0,0,None,22.3,0.0,23712
2018-02-19,Dwarka,0,2,2018,0,0,None,23.9,0.0,23806
2018-02-19,Ambaji,0,2,2018,0,0,None,27.6,0.0,37841
2018-02-19,Pavagadh,0,2,2018,0,0,None,20.3,0.0,18025
2018-02-20,Somnath,1,2,2018,0,0,None,25.1,0.0,23434
2018-02-20,Dwarka,1,2,2018,0,0,None,24.4,0.0,23881
2018-02-20,Ambaji,1,2,2018,0,0,None,24.5,0.0,33912
2018-02-20,Pavagadh,1,2,2018,0,0,None,21.5,0.0,19534
2018-02-21,Somnath,2,2,2018,0,0,None,18.0,0.0,26258
2018-02-21,Dwarka,2,2,2018,0,0,None,25.5,0.0,22098
2018-02-21,Ambaji,2,2,2018,0,0,None,21.6,0.0,35437
2018-02-21,Pavagadh,2,2,2018,0,0,None,19.2,0.0,21021
2018-02-22,Somnath,3,2,2018,0,0,None,18.1,0.0,25076
2018-02-22,Dwarka,3,2,2018,0,0,None,27.8,0.0,22367
2018-02-22,Ambaji,3,2,2018,0,0,None,21.5,0.0,34028
2018-02-22,Pavagadh,3,2,2018,0,0,None,20.6,0.0,19498
2018-02-23,Somnath,4,2,2018,0,0,None,18.2,0.0,25772
2018-02-23,Dwarka,4,2,2018,0,0,None,20.5,0.0,20049
2018-02-23,Ambaji,4,2,2018,0,0,None,23.9,0.0,34393
2018-02-23,Pavagadh,4,2,2018,0,0,None,22.2,0.0,18807
2018-02-24,Somnath,5,2,2018,1,0,None,19.5,0.0,38301
2018-02-24,Dwarka,5,2,2018,1,0,None,18.7,0.0,31016
2018-02-24,Ambaji,5,2,2018,1,0,None,26.7,0.0,47362
2018-02-24,Pavagadh,5,2,2018,1,0,None,21.5,0.0,25975
2018-02-25,Somnath,6,2,2018,1,0,None,24.2,0.0,34444
2018-02-25,Dwarka,6,2,2018,1,0,None,22.6,0.0,31397
2018-02-25,Ambaji,6,2,2018,1,0,None,23.8,0.0,48064
2018-02-25,Pavagadh,6,2,2018,1,0,None,26.8,0.0,25333
2018-02-26,Somnath,0,2,2018,0,0,None,23.0,0.0,24111
2018-02-26,Dwarka,0,2,2018,0,0,None,24.5,0.0,23226
2018-02-26,Ambaji,0,2,2018,0,0,None,23.6,0.0,38269
2018-02-26,Pavagadh,0,2,2018,0,0,None,24.1,0.0,19379
2018-02-27,Somnath,1,2,2018,0,0,None,24.7,0.0,23725
2018-02-27,Dwarka,1,2,2018,0,0,None,25.1,0.0,22806
2018-02-27,Ambaji,1,2,2018,0,0,None,20.7,0.0,34607
2018-02-27,Pavagadh,1,2,2018,0,0,None,24.0,0.0,20861
2018-02-28,Somnath,2,2,2018,0,0,None,26.1,0.0,24003
2018-02-28,Dwarka,2,2,2018,0,0,None,24.6,0.0,22898
2018-02-28,Ambaji,2,2,2018,0,0,None,24.8,0.0,34263
2018-02-28,Pavagadh,2,2,2018,0,0,None,20.5,0.0,20770
2018-03-01,Somnath,3,3,2018,0,0,None,33.0,1.0,26633
2018-03-01,Dwarka,3,3,2018,0,0,None,41.4,1.0,20957
2018-03-01,Ambaji,3,3,2018,0,0,None,33.7,0.0,36994
2018-03-01,Pavagadh,3,3,2018,0,0,None,32.8,5.0,20699
2018-03-02,Somnath,4,3,2018,0,0,None,40.3,0.0,25869
2018-03-02,Dwarka,4,3,2018,0,0,None,32.5,0.0,20546
2018-03-02,Ambaji,4,3,2018,0,0,None,39.7,0.0,31979
2018-03-02,Pavagadh,4,3,2018,0,0,None,37.3,0.0,20917
2018-03-03,Somnath,5,3,2018,1,0,None,34.6,0.0,33817
2018-03-03,Dwarka,5,3,2018,1,0,None,36.2,0.0,26932
2018-03-03,Ambaji,5,3,2018,1,0,None,35.6,0.0,48040
2018-03-03,Pavagadh,5,3,2018,1,0,None,40.7,0.0,27074
2018-03-04,Somnath,6,3,2018,1,0,None,39.1,1.0,38465
2018-03-04,Dwarka,6,3,2018,1,0,None,35.3,0.0,28713
2018-03-04,Ambaji,6,3,2018,1,0,None,35.5,0.0,46957
2018-03-04,Pavagadh,6,3,2018,1,0,None,33.3,0.0,28376
2018-03-05,Somnath,0,3,2018,0,0,None,39.9,0.0,24635
2018-03-05,Dwarka,0,3,2018,0,0,None,34.6,0.0,22405
2018-03-05,Ambaji,0,3,2018,0,0,None,35.9,0.0,32315
2018-03-05,Pavagadh,0,3,2018,0,0,None,41.7,0.0,18215
2018-03-06,Somnath,1,3,2018,0,0,None,41.6,0.0,24358
2018-03-06,Dwarka,1,3,2018,0,0,None,39.9,0.0,20581
2018-03-06,Ambaji,1,3,2018,0,0,None,40.7,0.0,35316
2018-03-06,Pavagadh,1,3,2018,0,0,None,38.1,0.0,19756
2018-03-07,Somnath,2,3,2018,0,0,None,39.5,0.0,27306
2018-03-07,Dwarka,2,3,2018,0,0,None,40.3,0.0,21191
2018-03-07,Ambaji,2,3,2018,0,0,None,33.8,0.0,36131
2018-03-07,Pavagadh,2,3,2018,0,0,None,39.0,0.0,20453
2018-03-08,Somnath,3,3,2018,0,0,None,41.0,0.0,24753
2018-03-08,Dwarka,3,3,2018,0,0,None,40.3,0.0,22666
2018-03-08,Ambaji,3,3,2018,0,0,None,37.7,5.0,31882
2018-03-08,Pavagadh,3,3,2018,0,0,None,37.4,0.0,18639
2018-03-09,Somnath,4,3,2018,0,0,None,36.2,0.0,27318
2018-03-09,Dwarka,4,3,2018,0,0,None,42.4,0.0,20243
2018-03-09,Ambaji,4,3,2018,0,0,None,41.0,0.0,31501
2018-03-09,Pavagadh,4,3,2018,0,0,None,40.4,0.0,20038
2018-03-10,Somnath,5,3,2018,1,0,None,41.9,1.0,35163
2018-03-10,Dwarka,5,3,2018,1,0,None,35.3,0.0,31732
2018-03-10,Ambaji,5,3,2018,1,0,None,40.2,0.0,54791
2018-03-10,Pavagadh,5,3,2018,1,0,None,41.4,0.0,25995
2018-03-11,Somnath,6,3,2018,1,0,None,39.3,0.0,36768
2018-03-11,Dwarka,6,3,2018,1,0,None,33.8,0.0,28010
2018-03-11,Ambaji,6,3,2018,1,0,None,36.2,0.0,49438
2018-03-11,Pavagadh,6,3,2018,1,0,None,39.2,0.0,27399
2018-03-12,Somnath,0,3,2018,0,0,None,39.1,0.0,24514
2018-03-12,Dwarka,0,3,2018,0,0,None,39.9,0.0,24038
2018-03-12,Ambaji,0,3,2018,0,0,None,34.4,0.0,35712
2018-03-12,Pavagadh,0,3,2018,0,0,None,43.0,0.0,17491
2018-03-13,Somnath,1,3,2018,0,0,None,37.8,0.0,22738
2018-03-13,Dwarka,1,3,2018,0,0,None,38.3,0.0,20600
2018-03-13,Ambaji,1,3,2018,0,0,None,35.6,0.0,38153
2018-03-13,Pavagadh,1,3,2018,0,0,None,38.4,0.0,19692
2018-03-14,Somnath,2,3,2018,0,0,None,41.9,0.0,22647
2018-03-14,Dwarka,2,3,2018,0,0,None,40.1,0.0,20995
2018-03-14,Ambaji,2,3,2018,0,0,None,33.6,0.0,34924
2018-03-14,Pavagadh,2,3,2018,0,0,None,33.1,0.0,20059
2018-03-15,Somnath,3,3,2018,0,0,None,41.1,0.0,23548
2018-03-15,Dwarka,3,3,2018,0,0,None,39.1,0.0,23519
2018-03-15,Ambaji,3,3,2018,0,0,None,37.4,0.0,38336
2018-03-15,Pavagadh,3,3,2018,0,0,None,42.4,0.0,16678
2018-03-16,Somnath,4,3,2018,0,0,None,32.3,0.0,24477
2018-03-16,Dwarka,4,3,2018,0,0,None,42.4,0.0,20083
2018-03-16,Ambaji,4,3,2018,0,0,None,32.1,0.0,31673
2018-03-16,Pavagadh,4,3,2018,0,0,None,40.3,0.0,21476
2018-03-17,Somnath,5,3,2018,1,0,None,39.1,0.0,34138
2018-03-17,Dwarka,5,3,2018,1,0,None,41.9,0.0,26347
2018-03-17,Ambaji,5,3,2018,1,0,None,43.0,0.0,45488
2018-03-17,Pavagadh,5,3,2018,1,0,None,35.8,0.0,29954
2018-03-18,Somnath,6,3,2018,1,0,None,38.9,0.0,35218
2018-03-18,Dwarka,6,3,2018,1,0,None,34.7,0.0,31418
2018-03-18,Ambaji,6,3,2018,1,0,None,37.4,0.0,50407
2018-03-18,Pavagadh,6,3,2018,1,0,None,33.9,0.0,29705
2018-03-19,Somnath,0,3,2018,0,0,None,37.3,0.0,22898
2018-03-19,Dwarka,0,3,2018,0,0,None,41.4,0.0,19319
2018-03-19,Ambaji,0,3,2018,0,0,None,40.1,0.0,37945
2018-03-19,Pavagadh,0,3,2018,0,0,None,42.7,0.0,18829
2018-03-20,Somnath,1,3,2018,0,0,None,35.6,0.0,27080
2018-03-20,Dwarka,1,3,2018,0,0,None,42.5,1.0,18245
2018-03-20,Ambaji,1,3,2018,0,0,None,35.3,0.0,33699
2018-03-20,Pavagadh,1,3,2018,0,0,None,36.1,0.0,21050
2018-03-21,Somnath,2,3,2018,0,0,None,40.1,0.0,22660
2018-03-21,Dwarka,2,3,2018,0,0,None,32.5,0.0,22145
2018-03-21,Ambaji,2,3,2018,0,0,None,38.4,0.0,33287
2018-03-21,Pavagadh,2,3,2018,0,0,None,39.0,0.0,21667
2018-03-22,Somnath,3,3,2018,0,0,None,37.5,0.0,26665
2018-03-22,Dwarka,3,3,2018,0,0,None,37.9,0.0,23782
2018-03-22,Ambaji,3,3,2018,0,0,None,40.7,1.0,33027
2018-03-22,Pavagadh,3,3,2018,0,0,None,37.8,0.0,18444
2018-03-23,Somnath,4,3,2018,0,0,None,40.7,0.0,26540
2018-03-23,Dwarka,4,3,2018,0,0,None,38.7,0.0,21882
2018-03-23,Ambaji,4,3,2018,0,0,None,39.5,0.0,34490
2018-03-23,Pavagadh,4,3,2018,0,0,None,41.9,0.0,16434
2018-03-24,Somnath,5,3,2018,1,0,None,42.1,0.0,30833
2018-03-24,Dwarka,5,3,2018,1,0,None,37.8,0.0,32353
2018-03-24,Ambaji,5,3,2018,1,0,None,41.4,0.0,46619
2018-03-24,Pavagadh,5,3,2018,1,0,None,36.2,0.0,29139
2018-03-25,Somnath,6,3,2018,1,0,None,35.5,0.0,31719
2018-03-25,Dwarka,6,3,2018,1,0,None,37.5,0.0,30333
2018-03-25,Ambaji,6,3,2018,1,0,None,38.7,0.0,53061
2018-03-25,Pavagadh,6,3,2018,1,0,None,32.5,1.0,27877
2018-03-26,Somnath,0,3,2018,0,0,None,33.6,0.0,23338
2018-03-26,Dwarka,0,3,2018,0,0,None,32.5,1.0,22179
2018-03-26,Ambaji,0,3,2018,0,0,None,39.7,0.0,37040
2018-03-26,Pavagadh,0,3,2018,0,0,None,41.7,1.0,19488
2018-03-27,Somnath,1,3,2018,0,0,None,40.0,0.0,25908
2018-03-27,Dwarka,1,3,2018,0,0,None,39.6,1.0,21440
2018-03-27,Ambaji,1,3,2018,0,0,None,38.4,0.0,33824
2018-03-27,Pavagadh,1,3,2018,0,0,None,32.7,0.0,21269
2018-03-28,Somnath,2,3,2018,0,0,None,34.3,0.0,23520
2018-03-28,Dwarka,2,3,2018,0,0,None,33.3,0.0,20148
2018-03-28,Ambaji,2,3,2018,0,0,None,38.5,0.0,32247
2018-03-28,Pavagadh,2,3,2018,0,0,None,38.0,0.0,18115
2018-03-29,Somnath,3,3,2018,0,0,None,38.3,0.0,26111
2018-03-29,Dwarka,3,3,2018,0,0,None,33.4,0.0,22757
2018-03-29,Ambaji,3,3,2018,0,0,None,32.4,0.0,37843
2018-03-29,Pavagadh,3,3,2018,0,0,None,41.4,0.0,18983
2018-03-30,Somnath,4,3,2018,0,0,None,39.5,0.0,25812
2018-03-30,Dwarka,4,3,2018,0,0,None,35.6,0.0,23747
2018-03-30,Ambaji,4,3,2018,0,0,None,32.2,0.0,38183
2018-03-30,Pavagadh,4,3,2018,0,0,None,39.8,5.0,20750
2018-03-31,Somnath,5,3,2018,1,0,None,32.4,0.0,33557
2018-03-31,Dwarka,5,3,2018,1,0,None,35.4,0.0,29758
2018-03-31,Ambaji,5,3,2018,1,0,None,39.0,0.0,44855
2018-03-31,Pavagadh,5,3,2018,1,0,None,39.3,0.0,26738
2018-04-01,Somnath,6,4,2018,1,0,None,41.4,0.0,30178
2018-04-01,Dwarka,6,4,2018,1,0,None,34.5,0.0,32743
2018-04-01,Ambaji,6,4,2018,1,0,None,40.2,0.0,48559
2018-04-01,Pavagadh,6,4,2018,1,0,None,42.7,0.0,24110
2018-04-02,Somnath,0,4,2018,0,0,None,37.8,0.0,26650
2018-04-02,Dwarka,0,4,2018,0,0,None,39.7,0.0,20102
2018-04-02,Ambaji,0,4,2018,0,0,None,36.0,1.0,37538
2018-04-02,Pavagadh,0,4,2018,0,0,None,35.1,0.0,19796
2018-04-03,Somnath,1,4,2018,0,0,None,35.9,0.0,27332
2018-04-03,Dwarka,1,4,2018,0,0,None,36.0,0.0,23749
2018-04-03,Ambaji,1,4,2018,0,0,None,32.4,1.0,36152
2018-04-03,Pavagadh,1,4,2018,0,0,None,42.4,0.0,17041
2018-04-04,Somnath,2,4,2018,0,0,None,37.0,0.0,27288
2018-04-04,Dwarka,2,4,2018,0,0,None,41.0,0.0,20516
2018-04-04,Ambaji,2,4,2018,0,0,None,40.1,0.0,34475
2018-04-04,Pavagadh,2,4,2018,0,0,None,42.2,0.0,16002
2018-04-05,Somnath,3,4,2018,0,0,None,40.7,0.0,24074
2018-04-05,Dwarka,3,4,2018,0,0,None,33.8,0.0,20533
2018-04-05,Ambaji,3,4,2018,0,0,None,37.0,0.0,33312
2018-04-05,Pavagadh,3,4,2018,0,0,None,41.6,0.0,16744
2018-04-06,Somnath,4,4,2018,0,0,None,36.0,0.0,23432
2018-04-06,Dwarka,4,4,2018,0,0,None,33.3,0.0,23933
2018-04-06,Ambaji,4,4,2018,0,0,None,32.9,0.0,38207
2018-04-06,Pavagadh,4,4,2018,0,0,None,32.9,0.0,21888
2018-04-07,Somnath,5,4,2018,1,0,None,42.8,0.0,31248
2018-04-07,Dwarka,5,4,2018,1,0,None,42.0,0.0,30497
2018-04-07,Ambaji,5,4,2018,1,0,None,41.1,0.0,45117
2018-04-07,Pavagadh,5,4,2018,1,0,None,37.2,0.0,30356
2018-04-08,Somnath,6,4,2018,1,0,None,42.3,0.0,33780
2018-04-08,Dwarka,6,4,2018,1,0,None,33.1,0.0,31149
2018-04-08,Ambaji,6,4,2018,1,0,None,42.5,0.0,38818
2018-04-08,Pavagadh,6,4,2018,1,0,None,35.1,0.0,27302
2018-04-09,Somnath,0,4,2018,0,0,None,37.2,0.0,22964
2018-04-09,Dwarka,0,4,2018,0,0,None,36.2,0.0,22158
2018-04-09,Ambaji,0,4,2018,0,0,None,39.3,0.0,32457
2018-04-09,Pavagadh,0,4,2018,0,0,None,40.9,0.0,21556
2018-04-10,Somnath,1,4,2018,0,0,None,36.9,0.0,26828
2018-04-10,Dwarka,1,4,2018,0,0,None,36.8,0.0,23904
2018-04-10,Ambaji,1,4,2018,0,0,None,39.9,1.0,37078
2018-04-10,Pavagadh,1,4,2018,0,0,None,38.7,0.0,19165
2018-04-11,Somnath,2,4,2018,0,0,None,42.7,0.0,22374
2018-04-11,Dwarka,2,4,2018,0,0,None,40.1,0.0,21109
2018-04-11,Ambaji,2,4,2018,0,0,None,37.2,0.0,37025
2018-04-11,Pavagadh,2,4,2018,0,0,None,35.5,0.0,21210
2018-04-12,Somnath,3,4,2018,0,0,None,39.3,0.0,25081
2018-04-12,Dwarka,3,4,2018,0,0,None,36.9,0.0,23531
2018-04-12,Ambaji,3,4,2018,0,0,None,37.3,0.0,32236
2018-04-12,Pavagadh,3,4,2018,0,0,None,33.6,1.0,20351
2018-04-13,Somnath,4,4,2018,0,0,None,37.6,0.0,23576
2018-04-13,Dwarka,4,4,2018,0,0,None,39.9,0.0,22322
2018-04-13,Ambaji,4,4,2018,0,0,None,38.3,1.0,35183
2018-04-13,Pavagadh,4,4,2018,0,0,None,33.5,0.0,18365
2018-04-14,Somnath,5,4,2018,1,0,None,34.2,0.0,32152
2018-04-14,Dwarka,5,4,2018,1,0,None,37.2,1.0,29082
2018-04-14,Ambaji,5,4,2018,1,0,None,34.5,0.0,46927
2018-04-14,Pavagadh,5,4,2018,1,0,None,40.9,0.0,30765
2018-04-15,Somnath,6,4,2018,1,0,None,40.2,0.0,34642
2018-04-15,Dwarka,6,4,2018,1,0,None,38.8,0.0,29470
2018-04-15,Ambaji,6,4,2018,1,0,None,33.6,0.0,54893
2018-04-15,Pavagadh,6,4,2018,1,0,None,37.0,0.0,28548
2018-04-16,Somnath,0,4,2018,0,0,None,38.3,0.0,26472
2018-04-16,Dwarka,0,4,2018,0,0,None,34.8,0.0,24026
2018-04-16,Ambaji,0,4,2018,0,0,None,33.0,0.0,38235
2018-04-16,Pavagadh,0,4,2018,0,0,None,35.3,0.0,21734
2018-04-17,Somnath,1,4,2018,0,0,None,40.2,0.0,24170
2018-04-17,Dwarka,1,4,2018,0,0,None,32.4,0.0,23538
2018-04-17,Ambaji,1,4,2018,0,0,None,39.0,0.0,32037
2018-04-17,Pavagadh,1,4,2018,0,0,None,40.3,0.0,21650
2018-04-18,Somnath,2,4,2018,0,0,None,40.0,0.0,26229
2018-04-18,Dwarka,2,4,2018,0,0,None,38.9,0.0,23769
2018-04-18,Ambaji,2,4,2018,0,0,None,39.2,0.0,32084
2018-04-18,Pavagadh,2,4,2018,0,0,None,35.2,0.0,19102
2018-04-19,Somnath,3,4,2018,0,0,None,34.4,0.0,23349
2018-04-19,Dwarka,3,4,2018,0,0,None,40.8,0.0,22324
2018-04-19,Ambaji,3,4,2018,0,0,None,33.6,0.0,34370
2018-04-19,Pavagadh,3,4,2018,0,0,None,40.9,0.0,18891
2018-04-20,Somnath,4,4,2018,0,0,None,38.8,0.0,27441
2018-04-20,Dwarka,4,4,2018,0,0,None,42.5,0.0,21457
2018-04-20,Ambaji,4,4,2018,0,0,None,39.9,0.0,38209
2018-04-20,Pavagadh,4,4,2018,0,0,None,38.6,0.0,21397
2018-04-21,Somnath,5,4,2018,1,0,None,39.4,0.0,32803
2018-04-21,Dwarka,5,4,2018,1,0,None,33.6,0.0,33648
2018-04-21,Ambaji,5,4,2018,1,0,None,38.7,0.0,51010
2018-04-21,Pavagadh,5,4,2018,1,0,None,38.8,0.0,27442
2018-04-22,Somnath,6,4,2018,1,0,None,39.0,0.0,40029
2018-04-22,Dwarka,6,4,2018,1,0,None,42.7,0.0,29275
2018-04-22,Ambaji,6,4,2018,1,0,None,36.7,0.0,42688
2018-04-22,Pavagadh,6,4,2018,1,0,None,32.0,0.0,26663
2018-04-23,Somnath,0,4,2018,0,0,None,40.4,0.0,27376
2018-04-23,Dwarka,0,4,2018,0,0,None,39.1,0.0,21143
2018-04-23,Ambaji,0,4,2018,0,0,None,34.4,0.0,34364
2018-04-23,Pavagadh,0,4,2018,0,0,None,42.9,0.0,16310
2018-04-24,Somnath,1,4,2018,0,0,None,39.9,0.0,24786
2018-04-24,Dwarka,1,4,2018,0,0,None,33.6,0.0,20254
2018-04-24,Ambaji,1,4,2018,0,0,None,37.9,0.0,37033
2018-04-24,Pavagadh,1,4,2018,0,0,None,38.2,0.0,19674
2018-04-25,Somnath,2,4,2018,0,0,None,36.2,0.0,25119
2018-04-25,Dwarka,2,4,2018,0,0,None,37.7,0.0,23058
2018-04-25,Ambaji,2,4,2018,0,0,None,41.2,0.0,30992
2018-04-25,Pavagadh,2,4,2018,0,0,None,32.9,0.0,19527
2018-04-26,Somnath,3,4,2018,0,0,None,33.5,0.0,25570
2018-04-26,Dwarka,3,4,2018,0,0,None,35.9,0.0,22164
2018-04-26,Ambaji,3,4,2018,0,0,None,42.2,0.0,30740
2018-04-26,Pavagadh,3,4,2018,0,0,None,38.3,0.0,20102
2018-04-27,Somnath,4,4,2018,0,0,None,33.0,0.0,25558
2018-04-27,Dwarka,4,4,2018,0,0,None,40.0,0.0,23191
2018-04-27,Ambaji,4,4,2018,0,0,None,39.3,0.0,34329
2018-04-27,Pavagadh,4,4,2018,0,0,None,40.5,1.0,18315
2018-04-28,Somnath,5,4,2018,1,0,None,37.9,0.0,33666
2018-04-28,Dwarka,5,4,2018,1,0,None,38.7,0.0,34082
2018-04-28,Ambaji,5,4,2018,1,0,None,42.6,0.0,42866
2018-04-28,Pavagadh,5,4,2018,1,0,None,38.2,0.0,28541
2018-04-29,Somnath,6,4,2018,1,0,None,40.9,0.0,35496
2018-04-29,Dwarka,6,4,2018,1,0,None,40.3,0.0,30452
2018-04-29,Ambaji,6,4,2018,1,0,None,35.2,0.0,47011
2018-04-29,Pavagadh,6,4,2018,1,0,None,37.4,0.0,27319
2018-04-30,Somnath,0,4,2018,0,0,None,34.7,0.0,25078
2018-04-30,Dwarka,0,4,2018,0,0,None,40.2,0.0,20775
2018-04-30,Ambaji,0,4,2018,0,0,None,36.2,0.0,34242
2018-04-30,Pavagadh,0,4,2018,0,0,None,40.7,0.0,20007
2018-05-01,Somnath,1,5,2018,0,0,None,38.9,0.0,26093
2018-05-01,Dwarka,1,5,2018,0,0,None,38.0,0.0,23363
2018-05-01,Ambaji,1,5,2018,0,0,None,34.7,0.0,35427
2018-05-01,Pavagadh,1,5,2018,0,0,None,38.7,0.0,21270
2018-05-02,Somnath,2,5,2018,0,0,None,38.6,0.0,24666
2018-05-02,Dwarka,2,5,2018,0,0,None,38.0,0.0,20195
2018-05-02,Ambaji,2,5,2018,0,0,None,41.1,0.0,32138
2018-05-02,Pavagadh,2,5,2018,0,0,None,32.0,0.0,20336
2018-05-03,Somnath,3,5,2018,0,0,None,38.5,0.0,25029
2018-05-03,Dwarka,3,5,2018,0,0,None,37.6,0.0,21993
2018-05-03,Ambaji,3,5,2018,0,0,None,38.7,0.0,34310
2018-05-03,Pavagadh,3,5,2018,0,0,None,36.2,0.0,20453
2018-05-04,Somnath,4,5,2018,0,0,None,32.3,0.0,26521
2018-05-04,Dwarka,4,5,2018,0,0,None,38.0,0.0,23259
2018-05-04,Ambaji,4,5,2018,0,0,None,35.0,0.0,35771
2018-05-04,Pavagadh,4,5,2018,0,0,None,33.9,1.0,18802
2018-05-05,Somnath,5,5,2018,1,0,None,42.9,0.0,26560
2018-05-05,Dwarka,5,5,2018,1,0,None,40.1,0.0,30525
2018-05-05,Ambaji,5,5,2018,1,0,None,36.9,0.0,50495
2018-05-05,Pavagadh,5,5,2018,1,0,None,39.0,0.0,30409
2018-05-06,Somnath,6,5,2018,1,0,None,39.2,0.0,33117
2018-05-06,Dwarka,6,5,2018,1,0,None,35.1,0.0,33032
2018-05-06,Ambaji,6,5,2018,1,0,None,38.2,0.0,48719
2018-05-06,Pavagadh,6,5,2018,1,0,None,40.7,1.0,31757
2018-05-07,Somnath,0,5,2018,0,0,None,39.2,0.0,23519
2018-05-07,Dwarka,0,5,2018,0,0,None,35.6,0.0,22799
2018-05-07,Ambaji,0,5,2018,0,0,None,35.0,0.0,34014
2018-05-07,Pavagadh,0,5,2018,0,0,None,37.3,1.0,18968
2018-05-08,Somnath,1,5,2018,0,0,None,39.9,0.0,23604
2018-05-08,Dwarka,1,5,2018,0,0,None,37.5,0.0,23196
2018-05-08,Ambaji,1,5,2018,0,0,None,38.8,0.0,36955
2018-05-08,Pavagadh,1,5,2018,0,0,None,34.6,0.0,21461
2018-05-09,Somnath,2,5,2018,0,0,None,41.7,0.0,24416
2018-05-09,Dwarka,2,5,2018,0,0,None,36.2,0.0,20508
2018-05-09,Ambaji,2,5,2018,0,0,None,42.8,0.0,29574
2018-05-09,Pavagadh,2,5,2018,0,0,None,40.4,0.0,20687
2018-05-10,Somnath,3,5,2018,0,0,None,35.2,0.0,23052
2018-05-10,Dwarka,3,5,2018,0,0,None,37.2,0.0,21336
2018-05-10,Ambaji,3,5,2018,0,0,None,33.8,0.0,32035
2018-05-10,Pavagadh,3,5,2018,0,0,None,42.1,0.0,17918
2018-05-11,Somnath,4,5,2018,0,0,None,38.9,1.0,23393
2018-05-11,Dwarka,4,5,2018,0,0,None,35.3,1.0,21433
2018-05-11,Ambaji,4,5,2018,0,0,None,32.2,0.0,31684
2018-05-11,Pavagadh,4,5,2018,0,0,None,42.9,0.0,20716
2018-05-12,Somnath,5,5,2018,1,0,None,38.6,0.0,32786
2018-05-12,Dwarka,5,5,2018,1,0,None,36.5,0.0,33181
2018-05-12,Ambaji,5,5,2018,1,0,None,37.9,0.0,48118
2018-05-12,Pavagadh,5,5,2018,1,0,None,34.5,0.0,26625
2018-05-13,Somnath,6,5,2018,1,0,None,35.5,0.0,34843
2018-05-13,Dwarka,6,5,2018,1,0,None,37.9,0.0,30166
2018-05-13,Ambaji,6,5,2018,1,0,None,42.4,0.0,37951
2018-05-13,Pavagadh,6,5,2018,1,0,None,34.5,0.0,26084
2018-05-14,Somnath,0,5,2018,0,0,None,38.7,0.0,22595
2018-05-14,Dwarka,0,5,2018,0,0,None,42.8,0.0,19701
2018-05-14,Ambaji,0,5,2018,0,0,None,37.2,0.0,33897
2018-05-14,Pavagadh,0,5,2018,0,0,None,32.2,0.0,21557
2018-05-15,Somnath,1,5,2018,0,0,None,39.6,0.0,25455
2018-05-15,Dwarka,1,5,2018,0,0,None,41.8,0.0,20426
2018-05-15,Ambaji,1,5,2018,0,0,None,35.3,0.0,35182
2018-05-15,Pavagadh,1,5,2018,0,0,None,41.4,1.0,17003
2018-05-16,Somnath,2,5,2018,0,0,None,42.1,0.0,21980
2018-05-16,Dwarka,2,5,2018,0,0,None,37.3,0.0,21909
2018-05-16,Ambaji,2,5,2018,0,0,None,42.3,0.0,33293
2018-05-16,Pavagadh,2,5,2018,0,0,None,32.8,0.0,20726
2018-05-17,Somnath,3,5,2018,0,0,None,37.6,0.0,23363
2018-05-17,Dwarka,3,5,2018,0,0,None,41.4,0.0,17918
2018-05-17,Ambaji,3,5,2018,0,0,None,38.0,0.0,38088
2018-05-17,Pavagadh,3,5,2018,0,0,None,40.1,0.0,21730
2018-05-18,Somnath,4,5,2018,0,0,None,37.3,0.0,25480
2018-05-18,Dwarka,4,5,2018,0,0,None,36.5,0.0,20614
2018-05-18,Ambaji,4,5,2018,0,0,None,38.1,0.0,37827
2018-05-18,Pavagadh,4,5,2018,0,0,None,41.7,0.0,17899
2018-05-19,Somnath,5,5,2018,1,0,None,37.1,1.0,40091
2018-05-19,Dwarka,5,5,2018,1,0,None,33.5,0.0,31863
2018-05-19,Ambaji,5,5,2018,1,0,None,37.7,0.0,54313
2018-05-19,Pavagadh,5,5,2018,1,0,None,37.0,0.0,29135
2018-05-20,Somnath,6,5,2018,1,0,None,41.4,0.0,29113
2018-05-20,Dwarka,6,5,2018,1,0,None,40.1,1.0,28847
2018-05-20,Ambaji,6,5,2018,1,0,None,33.7,0.0,53693
2018-05-20,Pavagadh,6,5,2018,1,0,None,38.8,0.0,27563
2018-05-21,Somnath,0,5,2018,0,0,None,38.6,0.0,26994
2018-05-21,Dwarka,0,5,2018,0,0,None,40.6,0.0,23879
2018-05-21,Ambaji,0,5,2018,0,0,None,42.9,0.0,29884
2018-05-21,Pavagadh,0,5,2018,0,0,None,40.7,0.0,18227
2018-05-22,Somnath,1,5,2018,0,0,None,32.7,0.0,25005
2018-05-22,Dwarka,1,5,2018,0,0,None,36.1,0.0,23021
2018-05-22,Ambaji,1,5,2018,0,0,None,35.5,0.0,36066
2018-05-22,Pavagadh,1,5,2018,0,0,None,38.1,0.0,20565
2018-05-23,Somnath,2,5,2018,0,0,None,35.0,0.0,23646
2018-05-23,Dwarka,2,5,2018,0,0,None,33.7,0.0,22914
2018-05-23,Ambaji,2,5,2018,0,0,None,34.0,0.0,37368
2018-05-23,Pavagadh,2,5,2018,0,0,None,40.5,0.0,20632
2018-05-24,Somnath,3,5,2018,0,0,None,33.4,0.0,22593
2018-05-24,Dwarka,3,5,2018,0,0,None,36.3,0.0,21890
2018-05-24,Ambaji,3,5,2018,0,0,None,36.6,0.0,31817
2018-05-24,Pavagadh,3,5,2018,0,0,None,36.0,0.0,19475
2018-05-25,Somnath,4,5,2018,0,0,None,39.9,0.0,24616
2018-05-25,Dwarka,4,5,2018,0,0,None,38.2,1.0,20278
2018-05-25,Ambaji,4,5,2018,0,0,None,32.4,0.0,38143
2018-05-25,Pavagadh,4,5,2018,0,0,None,42.9,0.0,18456
2018-05-26,Somnath,5,5,2018,1,0,None,38.1,0.0,38686
2018-05-26,Dwarka,5,5,2018,1,0,None,37.5,0.0,31135
2018-05-26,Ambaji,5,5,2018,1,0,None,37.0,0.0,46611
2018-05-26,Pavagadh,5,5,2018,1,0,None,41.0,0.0,27219
2018-05-27,Somnath,6,5,2018,1,0,None,33.2,1.0,33673
2018-05-27,Dwarka,6,5,2018,1,0,None,39.9,0.0,31674
2018-05-27,Ambaji,6,5,2018,1,0,None,34.6,0.0,48188
2018-05-27,Pavagadh,6,5,2018,1,0,None,39.8,0.0,27189
2018-05-28,Somnath,0,5,2018,0,0,None,42.1,0.0,24487
2018-05-28,Dwarka,0,5,2018,0,0,None,42.9,0.0,19003
2018-05-28,Ambaji,0,5,2018,0,0,None,37.8,0.0,35486
2018-05-28,Pavagadh,0,5,2018,0,0,None,32.2,0.0,20849
2018-05-29,Somnath,1,5,2018,0,0,None,33.3,0.0,25341
2018-05-29,Dwarka,1,5,2018,0,0,None,39.5,0.0,22556
2018-05-29,Ambaji,1,5,2018,0,0,None,35.1,0.0,36913
2018-05-29,Pavagadh,1,5,2018,0,0,None,39.8,0.0,20364
2018-05-30,Somnath,2,5,2018,0,0,None,42.7,0.0,24329
2018-05-30,Dwarka,2,5,2018,0,0,None,40.5,0.0,21066
2018-05-30,Ambaji,2,5,2018,0,0,None,42.0,0.0,30573
2018-05-30,Pavagadh,2,5,2018,0,0,None,33.4,0.0,20566
2018-05-31,Somnath,3,5,2018,0,0,None,41.6,0.0,21018
2018-05-31,Dwarka,3,5,2018,0,0,None,40.5,0.0,24078
2018-05-31,Ambaji,3,5,2018,0,0,None,40.1,0.0,37659
2018-05-31,Pavagadh,3,5,2018,0,0,None,33.1,0.0,20937
2018-06-01,Somnath,4,6,2018,0,0,None,41.5,0.0,21319
2018-06-01,Dwarka,4,6,2018,0,0,None,35.8,0.0,20868
2018-06-01,Ambaji,4,6,2018,0,0,None,38.7,1.0,33649
2018-06-01,Pavagadh,4,6,2018,0,0,None,34.1,0.0,20967
2018-06-02,Somnath,5,6,2018,1,0,None,42.2,0.0,30724
2018-06-02,Dwarka,5,6,2018,1,0,None,37.3,0.0,29273
2018-06-02,Ambaji,5,6,2018,1,0,None,39.2,0.0,49765
2018-06-02,Pavagadh,5,6,2018,1,0,None,35.7,0.0,25006
2018-06-03,Somnath,6,6,2018,1,0,None,39.4,0.0,31161
2018-06-03,Dwarka,6,6,2018,1,0,None,42.9,0.0,27095
2018-06-03,Ambaji,6,6,2018,1,0,None,35.2,0.0,44708
2018-06-03,Pavagadh,6,6,2018,1,0,None,35.6,0.0,26284
2018-06-04,Somnath,0,6,2018,0,0,None,33.8,0.0,26567
2018-06-04,Dwarka,0,6,2018,0,0,None,35.8,0.0,20550
2018-06-04,Ambaji,0,6,2018,0,0,None,35.4,0.0,36877
2018-06-04,Pavagadh,0,6,2018,0,0,None,36.4,0.0,20833
2018-06-05,Somnath,1,6,2018,0,0,None,41.1,0.0,23762
2018-06-05,Dwarka,1,6,2018,0,0,None,39.9,0.0,19857
2018-06-05,Ambaji,1,6,2018,0,0,None,35.9,0.0,32045
2018-06-05,Pavagadh,1,6,2018,0,0,None,38.2,0.0,18070
2018-06-06,Somnath,2,6,2018,0,0,None,34.6,0.0,23059
2018-06-06,Dwarka,2,6,2018,0,0,None,38.9,0.0,21021
2018-06-06,Ambaji,2,6,2018,0,0,None,41.9,0.0,32515
2018-06-06,Pavagadh,2,6,2018,0,0,None,42.0,0.0,18292
2018-06-07,Somnath,3,6,2018,0,0,None,35.5,0.0,27357
2018-06-07,Dwarka,3,6,2018,0,0,None,42.4,0.0,20954
2018-06-07,Ambaji,3,6,2018,0,0,None,37.0,0.0,36448
2018-06-07,Pavagadh,3,6,2018,0,0,None,35.1,0.0,21516
2018-06-08,Somnath,4,6,2018,0,0,None,33.8,0.0,23845
2018-06-08,Dwarka,4,6,2018,0,0,None,38.7,0.0,21875
2018-06-08,Ambaji,4,6,2018,0,0,None,38.9,0.0,33109
2018-06-08,Pavagadh,4,6,2018,0,0,None,41.0,0.0,20707
2018-06-09,Somnath,5,6,2018,1,0,None,36.7,0.0,34035
2018-06-09,Dwarka,5,6,2018,1,0,None,33.9,0.0,29800
2018-06-09,Ambaji,5,6,2018,1,0,None,34.0,0.0,48105
2018-06-09,Pavagadh,5,6,2018,1,0,None,34.6,0.0,29314
2018-06-10,Somnath,6,6,2018,1,0,None,39.9,0.0,35584
2018-06-10,Dwarka,6,6,2018,1,0,None,35.8,5.0,29542
2018-06-10,Ambaji,6,6,2018,1,0,None,35.9,0.0,53928
2018-06-10,Pavagadh,6,6,2018,1,0,None,42.9,0.0,26302
2018-06-11,Somnath,0,6,2018,0,0,None,38.1,0.0,24533
2018-06-11,Dwarka,0,6,2018,0,0,None,38.0,1.0,20532
2018-06-11,Ambaji,0,6,2018,0,0,None,35.2,0.0,37045
2018-06-11,Pavagadh,0,6,2018,0,0,None,32.7,0.0,19193
2018-06-12,Somnath,1,6,2018,0,0,None,37.7,0.0,22724
2018-06-12,Dwarka,1,6,2018,0,0,None,42.5,1.0,20208
2018-06-12,Ambaji,1,6,2018,0,0,None,38.4,0.0,33335
2018-06-12,Pavagadh,1,6,2018,0,0,None,37.4,0.0,19164
2018-06-13,Somnath,2,6,2018,0,0,None,40.9,0.0,25774
2018-06-13,Dwarka,2,6,2018,0,0,None,34.1,0.0,21199
2018-06-13,Ambaji,2,6,2018,0,0,None,37.8,0.0,36882
2018-06-13,Pavagadh,2,6,2018,0,0,None,35.9,0.0,21765
2018-06-14,Somnath,3,6,2018,0,0,None,38.9,0.0,25898
2018-06-14,Dwarka,3,6,2018,0,0,None,33.2,0.0,22073
2018-06-14,Ambaji,3,6,2018,0,0,None,36.2,0.0,34165
2018-06-14,Pavagadh,3,6,2018,0,0,None,41.9,0.0,19497
2018-06-15,Somnath,4,6,2018,0,0,None,36.3,0.0,25392
2018-06-15,Dwarka,4,6,2018,0,0,None,37.1,0.0,19881
2018-06-15,Ambaji,4,6,2018,0,0,None,38.7,1.0,32244
2018-06-15,Pavagadh,4,6,2018,0,0,None,34.3,0.0,21234
2018-06-16,Somnath,5,6,2018,1,0,None,35.0,0.0,35665
2018-06-16,Dwarka,5,6,2018,1,0,None,38.2,0.0,31922
2018-06-16,Ambaji,5,6,2018,1,0,None,33.8,0.0,51683
2018-06-16,Pavagadh,5,6,2018,1,0,None,40.3,0.0,26194
2018-06-17,Somnath,6,6,2018,1,0,None,41.2,0.0,35063
2018-06-17,Dwarka,6,6,2018,1,0,None,41.7,0.0,27985
2018-06-17,Ambaji,6,6,2018,1,0,None,36.3,0.0,49063
2018-06-17,Pavagadh,6,6,2018,1,0,None,36.7,0.0,29226
2018-06-18,Somnath,0,6,2018,0,0,None,32.7,0.0,26924
2018-06-18,Dwarka,0,6,2018,0,0,None,40.3,0.0,23928
2018-06-18,Ambaji,0,6,2018,0,0,None,32.8,1.0,33219
2018-06-18,Pavagadh,0,6,2018,0,0,None,32.1,0.0,19435
2018-06-19,Somnath,1,6,2018,0,0,None,37.9,0.0,26712
2018-06-19,Dwarka,1,6,2018,0,0,None,36.4,0.0,20451
2018-06-19,Ambaji,1,6,2018,0,0,None,32.5,0.0,31951
2018-06-19,Pavagadh,1,6,2018,0,0,None,40.1,0.0,18794
2018-06-20,Somnath,2,6,2018,0,0,None,37.9,0.0,24693
2018-06-20,Dwarka,2,6,2018,0,0,None,40.8,0.0,20454
2018-06-20,Ambaji,2,6,2018,0,0,None,40.0,0.0,36669
2018-06-20,Pavagadh,2,6,2018,0,0,None,37.3,0.0,21405
2018-06-21,Somnath,3,6,2018,0,0,None,39.8,0.0,23980
2018-06-21,Dwarka,3,6,2018,0,0,None,41.6,0.0,20806
2018-06-21,Ambaji,3,6,2018,0,0,None,38.8,0.0,36579
2018-06-21,Pavagadh,3,6,2018,0,0,None,39.6,0.0,20582
2018-06-22,Somnath,4,6,2018,0,0,None,36.4,0.0,26083
2018-06-22,Dwarka,4,6,2018,0,0,None,41.6,0.0,21128
2018-06-22,Ambaji,4,6,2018,0,0,None,38.4,0.0,36145
2018-06-22,Pavagadh,4,6,2018,0,0,None,42.9,0.0,17411
2018-06-23,Somnath,5,6,2018,1,0,None,41.6,0.0,29765
2018-06-23,Dwarka,5,6,2018,1,0,None,37.2,0.0,34649
2018-06-23,Ambaji,5,6,2018,1,0,None,39.6,0.0,51315
2018-06-23,Pavagadh,5,6,2018,1,0,None,41.3,0.0,26606
2018-06-24,Somnath,6,6,2018,1,0,None,34.8,0.0,36992
2018-06-24,Dwarka,6,6,2018,1,0,None,39.7,0.0,31810
2018-06-24,Ambaji,6,6,2018,1,0,None,41.7,0.0,44410
2018-06-24,Pavagadh,6,6,2018,1,0,None,41.3,0.0,22909
2018-06-25,Somnath,0,6,2018,0,0,None,40.9,0.0,26043
2018-06-25,Dwarka,0,6,2018,0,0,None,33.4,0.0,23711
2018-06-25,Ambaji,0,6,2018,0,0,None,36.7,0.0,34600
2018-06-25,Pavagadh,0,6,2018,0,0,None,32.9,0.0,21476
2018-06-26,Somnath,1,6,2018,0,0,None,43.0,0.0,21752
2018-06-26,Dwarka,1,6,2018,0,0,None,39.3,0.0,23765
2018-06-26,Ambaji,1,6,2018,0,0,None,41.1,1.0,35208
2018-06-26,Pavagadh,1,6,2018,0,0,None,32.7,0.0,20429
2018-06-27,Somnath,2,6,2018,0,0,None,36.2,0.0,25888
2018-06-27,Dwarka,2,6,2018,0,0,None,35.6,0.0,22799
2018-06-27,Ambaji,2,6,2018,0,0,None,42.0,0.0,30624
2018-06-27,Pavagadh,2,6,2018,0,0,None,34.6,0.0,18444
2018-06-28,Somnath,3,6,2018,0,0,None,42.7,0.0,20934
2018-06-28,Dwarka,3,6,2018,0,0,None,38.0,0.0,19956
2018-06-28,Ambaji,3,6,2018,0,0,None,42.5,0.0,27281
2018-06-28,Pavagadh,3,6,2018,0,0,None,38.4,0.0,18166
2018-06-29,Somnath,4,6,2018,0,0,None,36.2,0.0,23059
2018-06-29,Dwarka,4,6,2018,0,0,None,35.4,0.0,20501
2018-06-29,Ambaji,4,6,2018,0,0,None,37.6,0.0,31825
2018-06-29,Pavagadh,4,6,2018,0,0,None,37.7,0.0,18381
2018-06-30,Somnath,5,6,2018,1,0,None,36.7,1.0,38401
2018-06-30,Dwarka,5,6,2018,1,0,None,41.6,1.0,28325
2018-06-30,Ambaji,5,6,2018,1,0,None,34.0,0.0,52122
2018-06-30,Pavagadh,5,6,2018,1,0,None,40.0,0.0,27230
2018-07-01,Somnath,6,7,2018,1,0,None,29.0,20.7,29225
2018-07-01,Dwarka,6,7,2018,1,0,None,31.4,5.6,30555
2018-07-01,Ambaji,6,7,2018,1,0,None,26.3,19.2,49027
2018-07-01,Pavagadh,6,7,2018,1,0,None,30.0,0.0,29189
2018-07-02,Somnath,0,7,2018,0,0,None,27.0,8.5,26069
2018-07-02,Dwarka,0,7,2018,0,0,None,26.1,22.7,18809
2018-07-02,Ambaji,0,7,2018,0,0,None,30.9,0.0,36275
2018-07-02,Pavagadh,0,7,2018,0,0,None,28.6,0.0,20276
2018-07-03,Somnath,1,7,2018,0,0,None,27.2,17.7,27123
2018-07-03,Dwarka,1,7,2018,0,0,None,27.1,32.0,17685
2018-07-03,Ambaji,1,7,2018,0,0,None,28.3,0.0,33809
2018-07-03,Pavagadh,1,7,2018,0,0,None,31.3,0.6,18833
2018-07-04,Somnath,2,7,2018,0,0,None,27.7,1.0,26278
2018-07-04,Dwarka,2,7,2018,0,0,None,27.0,0.0,21419
2018-07-04,Ambaji,2,7,2018,0,0,None,30.0,4.1,35522
2018-07-04,Pavagadh,2,7,2018,0,0,None,29.4,0.0,21031
2018-07-05,Somnath,3,7,2018,0,0,None,30.0,33.2,22297
2018-07-05,Dwarka,3,7,2018,0,0,None,30.9,5.8,22316
2018-07-05,Ambaji,3,7,2018,0,0,None,30.3,23.1,17783
2018-07-05,Pavagadh,3,7,2018,0,0,None,26.3,17.5,19304
2018-07-06,Somnath,4,7,2018,0,0,None,29.7,1.6,26008
2018-07-06,Dwarka,4,7,2018,0,0,None,28.2,0.0,23459
2018-07-06,Ambaji,4,7,2018,0,0,None,31.1,10.0,36637
2018-07-06,Pavagadh,4,7,2018,0,0,None,30.6,0.0,18912
2018-07-07,Somnath,5,7,2018,1,0,None,27.2,20.3,27052
2018-07-07,Dwarka,5,7,2018,1,0,None,27.8,2.4,30541
2018-07-07,Ambaji,5,7,2018,1,0,None,28.2,1.5,49051
2018-07-07,Pavagadh,5,7,2018,1,0,None,26.6,1.9,25086
2018-07-08,Somnath,6,7,2018,1,0,None,26.4,0.0,37122
2018-07-08,Dwarka,6,7,2018,1,0,None,26.6,5.5,30727
2018-07-08,Ambaji,6,7,2018,1,0,None,28.5,1.3,52581
2018-07-08,Pavagadh,6,7,2018,1,0,None,30.7,0.0,25754
2018-07-09,Somnath,0,7,2018,0,0,None,29.9,8.0,25645
2018-07-09,Dwarka,0,7,2018,0,0,None,30.7,0.0,22754
2018-07-09,Ambaji,0,7,2018,0,0,None,26.9,0.7,36536
2018-07-09,Pavagadh,0,7,2018,0,0,None,31.7,1.4,19902
2018-07-10,Somnath,1,7,2018,0,0,None,31.1,0.7,27371
2018-07-10,Dwarka,1,7,2018,0,0,None,31.0,38.2,17043
2018-07-10,Ambaji,1,7,2018,0,0,None,28.8,0.0,36116
2018-07-10,Pavagadh,1,7,2018,0,0,None,26.4,0.0,18591
2018-07-11,Somnath,2,7,2018,0,0,None,30.5,0.0,23437
2018-07-11,Dwarka,2,7,2018,0,0,None,27.0,0.0,21646
2018-07-11,Ambaji,2,7,2018,0,0,None,29.9,19.5,34854
2018-07-11,Pavagadh,2,7,2018,0,0,None,27.7,29.4,10750
2018-07-12,Somnath,3,7,2018,0,0,None,31.6,0.0,22778
2018-07-12,Dwarka,3,7,2018,0,0,None,32.0,0.0,20505
2018-07-12,Ambaji,3,7,2018,0,0,None,27.4,0.0,36958
2018-07-12,Pavagadh,3,7,2018,0,0,None,27.4,5.5,20392
2018-07-13,Somnath,4,7,2018,0,0,None,27.0,17.0,26395
2018-07-13,Dwarka,4,7,2018,0,0,None,29.0,8.5,21508
2018-07-13,Ambaji,4,7,2018,0,0,None,31.8,0.0,32956
2018-07-13,Pavagadh,4,7,2018,0,0,None,28.3,14.2,19872
2018-07-14,Somnath,5,7,2018,1,0,None,30.9,0.0,37508
2018-07-14,Dwarka,5,7,2018,1,0,None,30.5,0.0,31275
2018-07-14,Ambaji,5,7,2018,1,0,None,27.6,0.0,55248
2018-07-14,Pavagadh,5,7,2018,1,0,None,26.4,0.0,26599
2018-07-15,Somnath,6,7,2018,1,0,None,26.9,0.2,34645
2018-07-15,Dwarka,6,7,2018,1,0,None,26.6,2.8,31564
2018-07-15,Ambaji,6,7,2018,1,0,None,28.0,0.0,52137
2018-07-15,Pavagadh,6,7,2018,1,0,None,29.8,0.0,29451
2018-07-16,Somnath,0,7,2018,0,0,None,31.0,16.3,25744
2018-07-16,Dwarka,0,7,2018,0,0,None,26.4,48.8,17245
2018-07-16,Ambaji,0,7,2018,0,0,None,30.6,0.2,36653
2018-07-16,Pavagadh,0,7,2018,0,0,None,30.4,47.1,10581
2018-07-17,Somnath,1,7,2018,0,0,None,26.7,0.0,24377
2018-07-17,Dwarka,1,7,2018,0,0,None,28.1,0.0,19842
2018-07-17,Ambaji,1,7,2018,0,0,None,30.8,64.1,18763
2018-07-17,Pavagadh,1,7,2018,0,0,None,26.3,0.0,21364
2018-07-18,Somnath,2,7,2018,0,0,None,28.1,0.0,24947
2018-07-18,Dwarka,2,7,2018,0,0,None,31.8,0.0,24128
2018-07-18,Ambaji,2,7,2018,0,0,None,31.2,0.0,33020
2018-07-18,Pavagadh,2,7,2018,0,0,None,31.0,0.0,21851
2018-07-19,Somnath,3,7,2018,0,0,None,29.4,13.6,25932
2018-07-19,Dwarka,3,7,2018,0,0,None,27.3,13.7,21446
2018-07-19,Ambaji,3,7,2018,0,0,None,28.2,42.4,19301
2018-07-19,Pavagadh,3,7,2018,0,0,None,30.6,0.0,18038
2018-07-20,Somnath,4,7,2018,0,0,None,28.2,0.0,24763
2018-07-20,Dwarka,4,7,2018,0,0,None,30.7,2.5,24096
2018-07-20,Ambaji,4,7,2018,0,0,None,27.5,0.0,32502
2018-07-20,Pavagadh,4,7,2018,0,0,None,28.0,3.2,19799
2018-07-21,Somnath,5,7,2018,1,0,None,26.9,16.3,35247
2018-07-21,Dwarka,5,7,2018,1,0,None,27.1,16.2,30658
2018-07-21,Ambaji,5,7,2018,1,0,None,26.8,0.0,46186
2018-07-21,Pavagadh,5,7,2018,1,0,None,28.2,0.0,26060
2018-07-22,Somnath,6,7,2018,1,0,None,28.2,10.9,36248
2018-07-22,Dwarka,6,7,2018,1,0,None,28.6,0.0,31547
2018-07-22,Ambaji,6,7,2018,1,0,None,27.6,0.0,48509
2018-07-22,Pavagadh,6,7,2018,1,0,None,31.9,0.0,29214
2018-07-23,Somnath,0,7,2018,0,0,None,28.8,5.5,26369
2018-07-23,Dwarka,0,7,2018,0,0,None,28.7,0.0,20450
2018-07-23,Ambaji,0,7,2018,0,0,None,29.1,0.0,35117
2018-07-23,Pavagadh,0,7,2018,0,0,None,31.3,0.0,18463
2018-07-24,Somnath,1,7,2018,0,0,None,26.8,17.1,24363
2018-07-24,Dwarka,1,7,2018,0,0,None,30.4,14.8,23187
2018-07-24,Ambaji,1,7,2018,0,0,None,29.3,1.4,34375
2018-07-24,Pavagadh,1,7,2018,0,0,None,29.3,34.7,13538
2018-07-25,Somnath,2,7,2018,0,0,None,28.3,0.0,24476
2018-07-25,Dwarka,2,7,2018,0,0,None,27.4,1.1,21259
2018-07-25,Ambaji,2,7,2018,0,0,None,28.8,0.0,33693
2018-07-25,Pavagadh,2,7,2018,0,0,None,31.4,3.2,20075
2018-07-26,Somnath,3,7,2018,0,0,None,30.0,3.7,24778
2018-07-26,Dwarka,3,7,2018,0,0,None,28.0,0.0,22049
2018-07-26,Ambaji,3,7,2018,0,0,None,27.0,0.0,33550
2018-07-26,Pavagadh,3,7,2018,0,0,None,30.4,0.0,21852
2018-07-27,Somnath,4,7,2018,0,0,None,29.0,0.0,24174
2018-07-27,Dwarka,4,7,2018,0,0,None,30.1,8.6,23564
2018-07-27,Ambaji,4,7,2018,0,0,None,26.3,0.0,37464
2018-07-27,Pavagadh,4,7,2018,0,0,None,29.0,6.7,21976
2018-07-28,Somnath,5,7,2018,1,0,None,26.7,17.2,39254
2018-07-28,Dwarka,5,7,2018,1,0,None,29.9,7.0,31438
2018-07-28,Ambaji,5,7,2018,1,0,None,30.5,0.0,50136
2018-07-28,Pavagadh,5,7,2018,1,0,None,26.9,2.2,26935
2018-07-29,Somnath,6,7,2018,1,0,None,30.2,0.0,32257
2018-07-29,Dwarka,6,7,2018,1,0,None,27.9,18.1,31015
2018-07-29,Ambaji,6,7,2018,1,0,None,30.6,19.0,52669
2018-07-29,Pavagadh,6,7,2018,1,0,None,27.1,4.0,29076
2018-07-30,Somnath,0,7,2018,0,0,None,30.4,0.0,22793
2018-07-30,Dwarka,0,7,2018,0,0,None,26.1,0.0,21028
2018-07-30,Ambaji,0,7,2018,0,0,None,28.0,1.6,35998
2018-07-30,Pavagadh,0,7,2018,0,0,None,28.0,0.0,21336
2018-07-31,Somnath,1,7,2018,0,0,None,27.0,0.0,25153
2018-07-31,Dwarka,1,7,2018,0,0,None,31.5,13.9,21577
2018-07-31,Ambaji,1,7,2018,0,0,None,30.6,0.0,34961
2018-07-31,Pavagadh,1,7,2018,0,0,None,31.5,3.7,20432
2018-08-01,Somnath,2,8,2018,0,0,None,29.7,10.0,27297
2018-08-01,Dwarka,2,8,2018,0,0,None,30.4,3.6,24092
2018-08-01,Ambaji,2,8,2018,0,0,None,30.4,0.0,33627
2018-08-01,Pavagadh,2,8,2018,0,0,None,30.5,0.0,19178
2018-08-02,Somnath,3,8,2018,0,0,None,29.3,0.0,24905
2018-08-02,Dwarka,3,8,2018,0,0,None,31.0,0.0,23542
2018-08-02,Ambaji,3,8,2018,0,0,None,30.8,7.2,37319
2018-08-02,Pavagadh,3,8,2018,0,0,None,28.9,10.6,18567
2018-08-03,Somnath,4,8,2018,0,0,None,30.1,4.5,27282
2018-08-03,Dwarka,4,8,2018,0,0,None,30.7,0.0,22544
2018-08-03,Ambaji,4,8,2018,0,0,None,31.0,0.0,35691
2018-08-03,Pavagadh,4,8,2018,0,0,None,31.8,43.1,11267
2018-08-04,Somnath,5,8,2018,1,0,None,26.7,14.2,41051
2018-08-04,Dwarka,5,8,2018,1,0,None,31.8,71.1,24109
2018-08-04,Ambaji,5,8,2018,1,0,None,29.0,0.0,54044
2018-08-04,Pavagadh,5,8,2018,1,0,None,30.8,19.2,26146
2018-08-05,Somnath,6,8,2018,1,0,None,26.7,19.3,32994
2018-08-05,Dwarka,6,8,2018,1,0,None,28.1,18.4,31710
2018-08-05,Ambaji,6,8,2018,1,0,None,28.8,29.7,27022
2018-08-05,Pavagadh,6,8,2018,1,0,None,28.2,0.0,28414
2018-08-06,Somnath,0,8,2018,0,0,None,26.3,6.3,26583
2018-08-06,Dwarka,0,8,2018,0,0,None,31.8,26.1,19725
2018-08-06,Ambaji,0,8,2018,0,0,None,30.9,18.7,35248
2018-08-06,Pavagadh,0,8,2018,0,0,None,26.1,38.2,13541
2018-08-07,Somnath,1,8,2018,0,0,None,31.9,0.0,22551
2018-08-07,Dwarka,1,8,2018,0,0,None,27.7,1.5,20762
2018-08-07,Ambaji,1,8,2018,0,0,None,29.0,0.0,37533
2018-08-07,Pavagadh,1,8,2018,0,0,None,29.7,0.0,20000
2018-08-08,Somnath,2,8,2018,0,0,None,31.3,4.9,27082
2018-08-08,Dwarka,2,8,2018,0,0,None,28.3,6.0,22716
2018-08-08,Ambaji,2,8,2018,0,0,None,32.0,34.5,17044
2018-08-08,Pavagadh,2,8,2018,0,0,None,27.0,0.0,18202
2018-08-09,Somnath,3,8,2018,0,0,None,29.3,2.2,26359
2018-08-09,Dwarka,3,8,2018,0,0,None,27.3,4.8,22381
2018-08-09,Ambaji,3,8,2018,0,0,None,30.0,4.2,34516
2018-08-09,Pavagadh,3,8,2018,0,0,None,28.0,0.0,21150
2018-08-10,Somnath,4,8,2018,0,0,None,29.8,18.1,26718
2018-08-10,Dwarka,4,8,2018,0,0,None,29.6,0.0,23096
2018-08-10,Ambaji,4,8,2018,0,0,None,29.4,20.5,19624
2018-08-10,Pavagadh,4,8,2018,0,0,None,30.8,0.0,19891
2018-08-11,Somnath,5,8,2018,1,0,None,27.2,20.4,27959
2018-08-11,Dwarka,5,8,2018,1,0,None,31.6,0.0,31085
2018-08-11,Ambaji,5,8,2018,1,0,None,30.7,0.0,48248
2018-08-11,Pavagadh,5,8,2018,1,0,None,29.5,0.0,31772
2018-08-12,Somnath,6,8,2018,1,0,None,31.9,26.6,26086
2018-08-12,Dwarka,6,8,2018,1,0,None,30.9,0.0,27088
2018-08-12,Ambaji,6,8,2018,1,0,None,30.9,0.0,49630
2018-08-12,Pavagadh,6,8,2018,1,0,None,26.4,1.3,25023
2018-08-13,Somnath,0,8,2018,0,0,None,27.3,46.2,19228
2018-08-13,Dwarka,0,8,2018,0,0,None,31.4,0.0,22519
2018-08-13,Ambaji,0,8,2018,0,0,None,30.2,0.0,37643
2018-08-13,Pavagadh,0,8,2018,0,0,None,29.9,0.0,20141
2018-08-14,Somnath,1,8,2018,0,0,None,27.7,0.0,25207
2018-08-14,Dwarka,1,8,2018,0,0,None,31.4,7.6,23970
2018-08-14,Ambaji,1,8,2018,0,0,None,27.5,0.0,38177
2018-08-14,Pavagadh,1,8,2018,0,0,None,31.3,15.6,21478
2018-08-15,Somnath,2,8,2018,0,1,None,30.7,0.0,43940
2018-08-15,Dwarka,2,8,2018,0,1,None,31.9,2.2,33001
2018-08-15,Ambaji,2,8,2018,0,1,None,30.7,56.0,28189
2018-08-15,Pavagadh,2,8,2018,0,1,None,29.5,2.4,30438
2018-08-16,Somnath,3,8,2018,0,0,None,27.4,0.0,22966
2018-08-16,Dwarka,3,8,2018,0,0,None,28.6,6.4,22875
2018-08-16,Ambaji,3,8,2018,0,0,None,26.5,0.0,37866
2018-08-16,Pavagadh,3,8,2018,0,0,None,26.6,0.0,19190
2018-08-17,Somnath,4,8,2018,0,0,None,26.5,7.9,25649
2018-08-17,Dwarka,4,8,2018,0,0,None,28.0,0.0,22953
2018-08-17,Ambaji,4,8,2018,0,0,None,28.1,0.0,38083
2018-08-17,Pavagadh,4,8,2018,0,0,None,26.6,9.3,19991
2018-08-18,Somnath,5,8,2018,1,0,None,29.3,16.5,36281
2018-08-18,Dwarka,5,8,2018,1,0,None,26.7,6.6,33355
2018-08-18,Ambaji,5,8,2018,1,0,None,28.9,8.7,54114
2018-08-18,Pavagadh,5,8,2018,1,0,None,29.1,9.4,31079
2018-08-19,Somnath,6,8,2018,1,0,None,29.9,0.0,33939
2018-08-19,Dwarka,6,8,2018,1,0,None,30.9,78.6,24012
2018-08-19,Ambaji,6,8,2018,1,0,None,26.3,6.5,50617
2018-08-19,Pavagadh,6,8,2018,1,0,None,26.2,0.0,29978
2018-08-20,Somnath,0,8,2018,0,0,None,29.0,0.0,23594
2018-08-20,Dwarka,0,8,2018,0,0,None,30.6,0.0,23777
2018-08-20,Ambaji,0,8,2018,0,0,None,26.2,17.1,32166
2018-08-20,Pavagadh,0,8,2018,0,0,None,28.5,0.0,19743
2018-08-21,Somnath,1,8,2018,0,0,None,31.9,19.0,25405
2018-08-21,Dwarka,1,8,2018,0,0,None,29.0,0.0,20370
2018-08-21,Ambaji,1,8,2018,0,0,None,31.4,0.0,33312
2018-08-21,Pavagadh,1,8,2018,0,0,None,31.4,25.2,11950
2018-08-22,Somnath,2,8,2018,0,0,None,29.8,15.7,23456
2018-08-22,Dwarka,2,8,2018,0,0,None,28.5,0.3,20732
2018-08-22,Ambaji,2,8,2018,0,0,None,29.2,10.4,33233
2018-08-22,Pavagadh,2,8,2018,0,0,None,30.1,0.0,19431
2018-08-23,Somnath,3,8,2018,0,0,None,31.3,0.0,26065
2018-08-23,Dwarka,3,8,2018,0,0,None,27.7,30.1,16929
2018-08-23,Ambaji,3,8,2018,0,0,None,28.2,0.0,36064
2018-08-23,Pavagadh,3,8,2018,0,0,None,31.2,8.4,18388
2018-08-24,Somnath,4,8,2018,0,0,None,28.3,34.3,21471
2018-08-24,Dwarka,4,8,2018,0,0,None,26.4,4.5,21501
2018-08-24,Ambaji,4,8,2018,0,0,None,30.8,3.4,31954
2018-08-24,Pavagadh,4,8,2018,0,0,None,26.5,0.0,19779
2018-08-25,Somnath,5,8,2018,1,0,None,30.4,0.0,30807
2018-08-25,Dwarka,5,8,2018,1,0,None,30.5,0.0,27705
2018-08-25,Ambaji,5,8,2018,1,0,None,26.1,0.1,46352
2018-08-25,Pavagadh,5,8,2018,1,0,None,26.7,34.0,17584
2018-08-26,Somnath,6,8,2018,1,0,None,30.1,14.4,29846
2018-08-26,Dwarka,6,8,2018,1,0,None,31.6,39.2,23069
2018-08-26,Ambaji,6,8,2018,1,0,None,30.2,38.9,26751
2018-08-26,Pavagadh,6,8,2018,1,0,None,27.1,10.5,24965
2018-08-27,Somnath,0,8,2018,0,0,None,28.4,5.7,23242
2018-08-27,Dwarka,0,8,2018,0,0,None,26.0,0.0,23951
2018-08-27,Ambaji,0,8,2018,0,0,None,28.9,0.0,36215
2018-08-27,Pavagadh,0,8,2018,0,0,None,26.4,37.2,12706
2018-08-28,Somnath,1,8,2018,0,0,None,31.4,0.7,23441
2018-08-28,Dwarka,1,8,2018,0,0,None,26.4,7.9,20320
2018-08-28,Ambaji,1,8,2018,0,0,None,27.0,6.2,34773
2018-08-28,Pavagadh,1,8,2018,0,0,None,28.6,0.0,21748
2018-08-29,Somnath,2,8,2018,0,0,None,26.6,28.7,21082
2018-08-29,Dwarka,2,8,2018,0,0,None,27.3,0.0,23864
2018-08-29,Ambaji,2,8,2018,0,0,None,29.8,33.8,22747
2018-08-29,Pavagadh,2,8,2018,0,0,None,26.2,0.0,18551
2018-08-30,Somnath,3,8,2018,0,0,None,27.3,4.6,25806
2018-08-30,Dwarka,3,8,2018,0,0,None,29.6,16.0,23865
2018-08-30,Ambaji,3,8,2018,0,0,None,27.0,6.3,34717
2018-08-30,Pavagadh,3,8,2018,0,0,None,27.7,0.4,21926
2018-08-31,Somnath,4,8,2018,0,0,None,29.7,7.3,25196
2018-08-31,Dwarka,4,8,2018,0,0,None,28.3,9.4,21014
2018-08-31,Ambaji,4,8,2018,0,0,None,27.1,27.8,16591
2018-08-31,Pavagadh,4,8,2018,0,0,None,27.5,0.0,21315
2018-09-01,Somnath,5,9,2018,1,0,None,29.6,0.0,38082
2018-09-01,Dwarka,5,9,2018,1,0,None,27.8,15.2,31028
2018-09-01,Ambaji,5,9,2018,1,0,None,27.8,0.0,43170
2018-09-01,Pavagadh,5,9,2018,1,0,None,31.5,0.0,31177
2018-09-02,Somnath,6,9,2018,1,0,None,30.1,2.0,32037
2018-09-02,Dwarka,6,9,2018,1,0,Janmashtami,31.3,38.4,185661
2018-09-02,Ambaji,6,9,2018,1,0,None,31.8,5.3,43405
2018-09-02,Pavagadh,6,9,2018,1,0,None,27.4,0.0,28120
2018-09-03,Somnath,0,9,2018,0,0,None,26.7,0.0,26420
2018-09-03,Dwarka,0,9,2018,0,0,None,26.1,1.1,23285
2018-09-03,Ambaji,0,9,2018,0,0,None,30.4,0.0,33154
2018-09-03,Pavagadh,0,9,2018,0,0,None,28.7,7.0,20088
2018-09-04,Somnath,1,9,2018,0,0,None,26.3,0.0,25216
2018-09-04,Dwarka,1,9,2018,0,0,None,31.0,35.0,20265
2018-09-04,Ambaji,1,9,2018,0,0,None,30.7,0.0,35516
2018-09-04,Pavagadh,1,9,2018,0,0,None,27.1,0.0,20851
2018-09-05,Somnath,2,9,2018,0,0,None,31.9,4.7,25918
2018-09-05,Dwarka,2,9,2018,0,0,None,31.9,5.9,22184
2018-09-05,Ambaji,2,9,2018,0,0,None,27.0,6.2,37557
2018-09-05,Pavagadh,2,9,2018,0,0,None,26.3,21.5,14108
2018-09-06,Somnath,3,9,2018,0,0,None,28.5,0.0,22677
2018-09-06,Dwarka,3,9,2018,0,0,None,30.5,0.0,20897
2018-09-06,Ambaji,3,9,2018,0,0,None,29.0,30.8,19867
2018-09-06,Pavagadh,3,9,2018,0,0,None,27.0,72.3,13391
2018-09-07,Somnath,4,9,2018,0,0,None,27.8,10.5,24973
2018-09-07,Dwarka,4,9,2018,0,0,None,27.0,0.0,21391
2018-09-07,Ambaji,4,9,2018,0,0,None,27.1,12.4,36585
2018-09-07,Pavagadh,4,9,2018,0,0,None,28.9,2.2,21658
2018-09-08,Somnath,5,9,2018,1,0,None,31.6,0.0,32829
2018-09-08,Dwarka,5,9,2018,1,0,None,29.8,0.0,35341
2018-09-08,Ambaji,5,9,2018,1,0,None,26.4,0.0,52784
2018-09-08,Pavagadh,5,9,2018,1,0,None,28.4,9.3,25827
2018-09-09,Somnath,6,9,2018,1,0,None,31.1,2.5,32483
2018-09-09,Dwarka,6,9,2018,1,0,None,32.0,2.4,35119
2018-09-09,Ambaji,6,9,2018,1,0,None,26.2,0.0,52770
2018-09-09,Pavagadh,6,9,2018,1,0,None,29.0,0.0,24784
2018-09-10,Somnath,0,9,2018,0,0,None,28.4,38.1,18316
2018-09-10,Dwarka,0,9,2018,0,0,None,28.4,50.5,18301
2018-09-10,Ambaji,0,9,2018,0,0,None,30.3,0.0,35945
2018-09-10,Pavagadh,0,9,2018,0,0,None,27.4,0.0,20928
2018-09-11,Somnath,1,9,2018,0,0,None,30.5,0.0,26512
2018-09-11,Dwarka,1,9,2018,0,0,None,31.0,0.0,20464
2018-09-11,Ambaji,1,9,2018,0,0,None,29.0,6.0,37375
2018-09-11,Pavagadh,1,9,2018,0,0,None,30.6,0.0,21988
2018-09-12,Somnath,2,9,2018,0,0,None,27.6,0.0,25257
2018-09-12,Dwarka,2,9,2018,0,0,None,27.9,33.9,18967
2018-09-12,Ambaji,2,9,2018,0,0,None,29.3,6.2,34170
2018-09-12,Pavagadh,2,9,2018,0,0,None,31.8,63.7,14225
2018-09-13,Somnath,3,9,2018,0,0,None,28.9,0.0,24477
2018-09-13,Dwarka,3,9,2018,0,0,None,26.2,43.6,16682
2018-09-13,Ambaji,3,9,2018,0,0,None,26.5,1.4,37516
2018-09-13,Pavagadh,3,9,2018,0,0,None,29.5,0.0,20753
2018-09-14,Somnath,4,9,2018,0,0,None,31.8,15.3,25381
2018-09-14,Dwarka,4,9,2018,0,0,None,28.9,0.0,22635
2018-09-14,Ambaji,4,9,2018,0,0,None,30.8,0.0,32837
2018-09-14,Pavagadh,4,9,2018,0,0,None,29.9,13.1,20709
2018-09-15,Somnath,5,9,2018,1,0,None,32.0,1.4,32216
2018-09-15,Dwarka,5,9,2018,1,0,None,30.9,0.0,34370
2018-09-15,Ambaji,5,9,2018,1,0,None,27.9,0.9,53836
2018-09-15,Pavagadh,5,9,2018,1,0,None,30.2,7.2,27229
2018-09-16,Somnath,6,9,2018,1,0,None,30.6,0.6,34988
2018-09-16,Dwarka,6,9,2018,1,0,None,30.3,0.0,32670
2018-09-16,Ambaji,6,9,2018,1,0,None,29.5,19.9,44787
2018-09-16,Pavagadh,6,9,2018,1,0,None,31.4,30.4,16762
2018-09-17,Somnath,0,9,2018,0,0,None,28.5,33.8,19172
2018-09-17,Dwarka,0,9,2018,0,0,None,29.7,0.0,22420
2018-09-17,Ambaji,0,9,2018,0,0,None,30.7,0.0,33952
2018-09-17,Pavagadh,0,9,2018,0,0,None,28.2,0.0,19999
2018-09-18,Somnath,1,9,2018,0,0,None,29.4,0.0,26387
2018-09-18,Dwarka,1,9,2018,0,0,None,27.6,5.2,22033
2018-09-18,Ambaji,1,9,2018,0,0,Bhadarvi Poonam,28.1,0.8,342087
2018-09-18,Pavagadh,1,9,2018,0,0,None,29.2,5.0,21616
2018-09-19,Somnath,2,9,2018,0,0,None,27.1,0.0,27123
2018-09-19,Dwarka,2,9,2018,0,0,None,29.2,0.0,20349
2018-09-19,Ambaji,2,9,2018,0,0,Bhadarvi Poonam,29.0,0.1,333096
2018-09-19,Pavagadh,2,9,2018,0,0,None,30.0,0.0,18343
2018-09-20,Somnath,3,9,2018,0,0,None,28.0,9.1,26374
2018-09-20,Dwarka,3,9,2018,0,0,None,28.7,18.6,23693
2018-09-20,Ambaji,3,9,2018,0,0,Bhadarvi Poonam,29.1,2.7,294423
2018-09-20,Pavagadh,3,9,2018,0,0,None,28.6,0.0,20087
2018-09-21,Somnath,4,9,2018,0,0,None,27.2,7.3,25616
2018-09-21,Dwarka,4,9,2018,0,0,None,28.6,12.5,20864
2018-09-21,Ambaji,4,9,2018,0,0,Bhadarvi Poonam,26.5,4.3,283238
2018-09-21,Pavagadh,4,9,2018,0,0,None,30.6,0.0,20443
2018-09-22,Somnath,5,9,2018,1,0,None,31.1,32.4,26739
2018-09-22,Dwarka,5,9,2018,1,0,None,26.6,0.0,28279
2018-09-22,Ambaji,5,9,2018,1,0,Bhadarvi Poonam,27.9,2.5,344471
2018-09-22,Pavagadh,5,9,2018,1,0,None,28.0,15.6,28381
2018-09-23,Somnath,6,9,2018,1,0,None,27.7,0.0,33468
2018-09-23,Dwarka,6,9,2018,1,0,None,27.4,0.0,34990
2018-09-23,Ambaji,6,9,2018,1,0,Bhadarvi Poonam,27.9,4.2,401417
2018-09-23,Pavagadh,6,9,2018,1,0,None,29.9,8.6,27872
2018-09-24,Somnath,0,9,2018,0,0,None,28.1,24.5,22942
2018-09-24,Dwarka,0,9,2018,0,0,None,30.3,4.7,24196
2018-09-24,Ambaji,0,9,2018,0,0,Bhadarvi Poonam,29.5,0.0,401467
2018-09-24,Pavagadh,0,9,2018,0,0,None,26.1,16.4,21580
2018-09-25,Somnath,1,9,2018,0,0,None,30.1,6.7,26189
2018-09-25,Dwarka,1,9,2018,0,0,None,30.4,0.0,21082
2018-09-25,Ambaji,1,9,2018,0,0,None,31.6,23.4,18044
2018-09-25,Pavagadh,1,9,2018,0,0,None,31.2,10.8,19926
2018-09-26,Somnath,2,9,2018,0,0,None,30.5,3.7,27130
2018-09-26,Dwarka,2,9,2018,0,0,None,29.4,3.2,24194
2018-09-26,Ambaji,2,9,2018,0,0,None,27.2,0.0,34440
2018-09-26,Pavagadh,2,9,2018,0,0,None,31.3,0.0,20387
2018-09-27,Somnath,3,9,2018,0,0,None,26.1,0.0,24723
2018-09-27,Dwarka,3,9,2018,0,0,None,31.6,17.8,20104
2018-09-27,Ambaji,3,9,2018,0,0,None,30.5,6.5,32330
2018-09-27,Pavagadh,3,9,2018,0,0,None,26.9,6.0,21567
2018-09-28,Somnath,4,9,2018,0,0,None,28.2,0.0,22913
2018-09-28,Dwarka,4,9,2018,0,0,None,29.5,57.2,18195
2018-09-28,Ambaji,4,9,2018,0,0,None,30.7,12.4,32022
2018-09-28,Pavagadh,4,9,2018,0,0,None,28.1,19.0,19960
2018-09-29,Somnath,5,9,2018,1,0,None,30.5,1.4,38587
2018-09-29,Dwarka,5,9,2018,1,0,None,31.4,21.0,22788
2018-09-29,Ambaji,5,9,2018,1,0,None,26.4,9.6,51760
2018-09-29,Pavagadh,5,9,2018,1,0,None,30.4,0.0,24449
2018-09-30,Somnath,6,9,2018,1,0,None,29.3,0.0,36431
2018-09-30,Dwarka,6,9,2018,1,0,None,31.4,17.5,28440
2018-09-30,Ambaji,6,9,2018,1,0,None,26.5,7.0,47400
2018-09-30,Pavagadh,6,9,2018,1,0,None,29.6,23.9,18081
2018-10-01,Somnath,0,10,2018,0,0,None,20.8,0.0,23430
2018-10-01,Dwarka,0,10,2018,0,0,None,20.9,0.0,22766
2018-10-01,Ambaji,0,10,2018,0,0,None,24.9,0.0,34409
2018-10-01,Pavagadh,0,10,2018,0,0,None,19.0,0.0,20030
2018-10-02,Somnath,1,10,2018,0,1,None,22.1,0.0,33767
2018-10-02,Dwarka,1,10,2018,0,1,None,22.1,0.0,34956
2018-10-02,Ambaji,1,10,2018,0,1,None,23.3,0.0,61318
2018-10-02,Pavagadh,1,10,2018,0,1,None,19.1,0.0,29274
2018-10-03,Somnath,2,10,2018,0,0,None,21.0,0.0,25955
2018-10-03,Dwarka,2,10,2018,0,0,None,20.4,0.0,22812
2018-10-03,Ambaji,2,10,2018,0,0,None,22.5,0.0,37586
2018-10-03,Pavagadh,2,10,2018,0,0,None,22.7,0.0,18302
2018-10-04,Somnath,3,10,2018,0,0,None,18.0,0.0,25505
2018-10-04,Dwarka,3,10,2018,0,0,None,24.3,0.0,20349
2018-10-04,Ambaji,3,10,2018,0,0,None,19.7,0.0,37575
2018-10-04,Pavagadh,3,10,2018,0,0,None,24.7,0.0,20390
2018-10-05,Somnath,4,10,2018,0,0,None,20.0,0.0,25979
2018-10-05,Dwarka,4,10,2018,0,0,None,23.4,0.0,23995
2018-10-05,Ambaji,4,10,2018,0,0,None,26.4,0.0,35815
2018-10-05,Pavagadh,4,10,2018,0,0,None,27.2,0.0,20012
2018-10-06,Somnath,5,10,2018,1,0,None,22.6,0.0,35802
2018-10-06,Dwarka,5,10,2018,1,0,None,18.6,0.0,28264
2018-10-06,Ambaji,5,10,2018,1,0,None,25.2,0.0,51897
2018-10-06,Pavagadh,5,10,2018,1,0,None,20.6,0.0,28547
2018-10-07,Somnath,6,10,2018,1,0,None,21.4,0.0,36842
2018-10-07,Dwarka,6,10,2018,1,0,None,21.9,0.0,29243
2018-10-07,Ambaji,6,10,2018,1,0,None,21.3,0.0,43920
2018-10-07,Pavagadh,6,10,2018,1,0,None,22.0,0.0,27790
2018-10-08,Somnath,0,10,2018,0,0,None,27.2,0.0,25196
2018-10-08,Dwarka,0,10,2018,0,0,None,20.8,0.0,21721
2018-10-08,Ambaji,0,10,2018,0,0,None,20.7,0.0,32385
2018-10-08,Pavagadh,0,10,2018,0,0,None,18.5,0.0,20663
2018-10-09,Somnath,1,10,2018,0,0,None,23.0,0.0,24987
2018-10-09,Dwarka,1,10,2018,0,0,None,22.4,0.0,21998
2018-10-09,Ambaji,1,10,2018,0,0,None,23.3,0.0,36478
2018-10-09,Pavagadh,1,10,2018,0,0,None,21.8,0.0,19494
2018-10-10,Somnath,2,10,2018,0,0,None,23.4,0.0,26947
2018-10-10,Dwarka,2,10,2018,0,0,None,25.0,0.0,22920
2018-10-10,Ambaji,2,10,2018,0,0,Navratri,27.7,0.0,202242
2018-10-10,Pavagadh,2,10,2018,0,0,Navratri,18.5,0.0,215075
2018-10-11,Somnath,3,10,2018,0,0,None,20.1,0.0,25743
2018-10-11,Dwarka,3,10,2018,0,0,None,21.2,0.0,24090
2018-10-11,Ambaji,3,10,2018,0,0,Navratri,27.0,0.0,161869
2018-10-11,Pavagadh,3,10,2018,0,0,Navratri,21.9,0.0,195544
2018-10-12,Somnath,4,10,2018,0,0,None,26.8,0.0,22622
2018-10-12,Dwarka,4,10,2018,0,0,None,27.9,0.0,22089
2018-10-12,Ambaji,4,10,2018,0,0,Navratri,21.9,0.0,170042
2018-10-12,Pavagadh,4,10,2018,0,0,Navratri,18.9,0.0,146396
2018-10-13,Somnath,5,10,2018,1,0,None,23.5,0.0,31670
2018-10-13,Dwarka,5,10,2018,1,0,None,26.9,0.0,29172
2018-10-13,Ambaji,5,10,2018,1,0,Navratri,23.0,0.0,214858
2018-10-13,Pavagadh,5,10,2018,1,0,Navratri,20.0,0.0,197244
2018-10-14,Somnath,6,10,2018,1,0,None,22.9,0.0,35569
2018-10-14,Dwarka,6,10,2018,1,0,None,24.3,0.0,31223
2018-10-14,Ambaji,6,10,2018,1,0,Navratri,20.0,2.0,164742
2018-10-14,Pavagadh,6,10,2018,1,0,Navratri,21.2,0.0,179017
2018-10-15,Somnath,0,10,2018,0,0,None,23.0,0.0,27192
2018-10-15,Dwarka,0,10,2018,0,0,None,23.1,0.0,22758
2018-10-15,Ambaji,0,10,2018,0,0,Navratri,20.6,0.0,222224
2018-10-15,Pavagadh,0,10,2018,0,0,Navratri,26.3,0.0,200803
2018-10-16,Somnath,1,10,2018,0,0,None,21.2,0.0,25054
2018-10-16,Dwarka,1,10,2018,0,0,None,21.9,0.0,23709
2018-10-16,Ambaji,1,10,2018,0,0,Navratri,27.9,0.0,216477
2018-10-16,Pavagadh,1,10,2018,0,0,Navratri,25.0,0.0,139516
2018-10-17,Somnath,2,10,2018,0,0,None,18.1,0.0,24461
2018-10-17,Dwarka,2,10,2018,0,0,None,20.4,0.0,22131
2018-10-17,Ambaji,2,10,2018,0,0,Navratri,20.7,0.0,150279
2018-10-17,Pavagadh,2,10,2018,0,0,Navratri,27.5,0.0,215920
2018-10-18,Somnath,3,10,2018,0,0,None,20.1,2.0,26367
2018-10-18,Dwarka,3,10,2018,0,0,None,25.3,0.0,22201
2018-10-18,Ambaji,3,10,2018,0,0,Navratri,24.5,0.0,179994
2018-10-18,Pavagadh,3,10,2018,0,0,Navratri,21.6,0.0,150318
2018-10-19,Somnath,4,10,2018,0,0,None,19.4,0.0,24967
2018-10-19,Dwarka,4,10,2018,0,0,None,18.6,0.0,23167
2018-10-19,Ambaji,4,10,2018,0,0,None,25.3,0.0,35726
2018-10-19,Pavagadh,4,10,2018,0,0,None,23.3,2.0,20990
2018-10-20,Somnath,5,10,2018,1,0,None,23.8,0.0,30049
2018-10-20,Dwarka,5,10,2018,1,0,None,24.9,0.0,30532
2018-10-20,Ambaji,5,10,2018,1,0,None,20.7,0.0,50016
2018-10-20,Pavagadh,5,10,2018,1,0,None,20.2,0.0,24199
2018-10-21,Somnath,6,10,2018,1,0,None,18.9,0.0,35513
2018-10-21,Dwarka,6,10,2018,1,0,None,26.7,0.0,28475
2018-10-21,Ambaji,6,10,2018,1,0,None,25.1,0.0,49257
2018-10-21,Pavagadh,6,10,2018,1,0,None,21.4,0.0,31857
2018-10-22,Somnath,0,10,2018,0,0,None,21.4,0.0,25398
2018-10-22,Dwarka,0,10,2018,0,0,None,25.3,0.0,22410
2018-10-22,Ambaji,0,10,2018,0,0,None,27.5,0.0,37861
2018-10-22,Pavagadh,0,10,2018,0,0,None,27.5,0.0,21016
2018-10-23,Somnath,1,10,2018,0,0,None,20.4,0.0,26487
2018-10-23,Dwarka,1,10,2018,0,0,None,20.5,0.0,23373
2018-10-23,Ambaji,1,10,2018,0,0,None,21.6,0.0,32143
2018-10-23,Pavagadh,1,10,2018,0,0,None,23.8,0.0,21291
2018-10-24,Somnath,2,10,2018,0,0,None,22.4,0.0,23897
2018-10-24,Dwarka,2,10,2018,0,0,None,19.6,0.0,21839
2018-10-24,Ambaji,2,10,2018,0,0,None,23.2,0.0,35727
2018-10-24,Pavagadh,2,10,2018,0,0,None,24.1,0.0,21985
2018-10-25,Somnath,3,10,2018,0,0,None,25.7,0.0,24571
2018-10-25,Dwarka,3,10,2018,0,0,None,23.0,0.0,20654
2018-10-25,Ambaji,3,10,2018,0,0,None,24.9,0.0,32645
2018-10-25,Pavagadh,3,10,2018,0,0,None,18.9,0.0,19092
2018-10-26,Somnath,4,10,2018,0,0,None,24.2,0.0,24109
2018-10-26,Dwarka,4,10,2018,0,0,None,26.2,0.0,23623
2018-10-26,Ambaji,4,10,2018,0,0,None,25.6,0.0,31641
2018-10-26,Pavagadh,4,10,2018,0,0,None,20.4,0.0,19768
2018-10-27,Somnath,5,10,2018,1,0,None,26.9,0.0,35478
2018-10-27,Dwarka,5,10,2018,1,0,None,21.4,0.0,32239
2018-10-27,Ambaji,5,10,2018,1,0,None,20.4,0.0,52090
2018-10-27,Pavagadh,5,10,2018,1,0,None,18.9,0.0,31836
2018-10-28,Somnath,6,10,2018,1,0,None,18.5,0.0,32441
2018-10-28,Dwarka,6,10,2018,1,0,None,25.3,0.0,31108
2018-10-28,Ambaji,6,10,2018,1,0,None,22.8,0.0,48223
2018-10-28,Pavagadh,6,10,2018,1,0,None,25.1,0.0,25073
2018-10-29,Somnath,0,10,2018,0,0,None,19.4,0.0,24209
2018-10-29,Dwarka,0,10,2018,0,0,None,27.0,0.0,24077
2018-10-29,Ambaji,0,10,2018,0,0,None,24.0,0.0,33793
2018-10-29,Pavagadh,0,10,2018,0,0,None,21.2,0.0,20691
2018-10-30,Somnath,1,10,2018,0,0,None,23.3,0.0,23245
2018-10-30,Dwarka,1,10,2018,0,0,None,18.2,0.0,20272
2018-10-30,Ambaji,1,10,2018,0,0,None,25.9,0.0,36569
2018-10-30,Pavagadh,1,10,2018,0,0,None,21.9,0.0,21250
2018-10-31,Somnath,2,10,2018,0,0,None,23.8,0.0,26973
2018-10-31,Dwarka,2,10,2018,0,0,None,18.5,0.0,23109
2018-10-31,Ambaji,2,10,2018,0,0,None,25.1,0.0,31934
2018-10-31,Pavagadh,2,10,2018,0,0,None,26.6,0.0,18782
2018-11-01,Somnath,3,11,2018,0,0,None,23.2,0.0,22717
2018-11-01,Dwarka,3,11,2018,0,0,None,25.7,0.0,21671
2018-11-01,Ambaji,3,11,2018,0,0,None,25.4,0.0,33104
2018-11-01,Pavagadh,3,11,2018,0,0,None,19.4,0.0,20675
2018-11-02,Somnath,4,11,2018,0,0,None,22.4,0.0,26228
2018-11-02,Dwarka,4,11,2018,0,0,None,25.7,0.0,21678
2018-11-02,Ambaji,4,11,2018,0,0,None,20.9,0.0,34410
2018-11-02,Pavagadh,4,11,2018,0,0,None,23.9,0.0,18611
2018-11-03,Somnath,5,11,2018,1,0,None,22.7,0.0,36447
2018-11-03,Dwarka,5,11,2018,1,0,None,19.7,0.0,31500
2018-11-03,Ambaji,5,11,2018,1,0,None,25.0,0.0,49983
2018-11-03,Pavagadh,5,11,2018,1,0,None,18.8,0.0,24511
2018-11-04,Somnath,6,11,2018,1,0,None,23.0,0.0,37798
2018-11-04,Dwarka,6,11,2018,1,0,None,25.3,0.0,31862
2018-11-04,Ambaji,6,11,2018,1,0,None,22.2,0.0,48928
2018-11-04,Pavagadh,6,11,2018,1,0,None,27.1,0.0,26079
2018-11-05,Somnath,0,11,2018,0,0,Diwali Peak,24.3,0.0,90115
2018-11-05,Dwarka,0,11,2018,0,0,Diwali Peak,24.5,0.0,80520
2018-11-05,Ambaji,0,11,2018,0,0,Diwali Peak,23.0,0.0,109230
2018-11-05,Pavagadh,0,11,2018,0,0,Diwali Peak,21.3,0.0,50091
2018-11-06,Somnath,1,11,2018,0,0,Diwali Peak,25.0,0.0,87541
2018-11-06,Dwarka,1,11,2018,0,0,Diwali Peak,24.1,0.0,64260
2018-11-06,Ambaji,1,11,2018,0,0,Diwali Peak,20.8,0.0,89505
2018-11-06,Pavagadh,1,11,2018,0,0,Diwali Peak,26.3,0.0,46902
2018-11-07,Somnath,2,11,2018,0,0,Diwali Peak,20.5,0.0,78938
2018-11-07,Dwarka,2,11,2018,0,0,Diwali Peak,26.0,0.0,68319
2018-11-07,Ambaji,2,11,2018,0,0,Diwali Peak,24.5,0.0,113360
2018-11-07,Pavagadh,2,11,2018,0,0,Diwali Peak,22.9,0.0,46978
2018-11-08,Somnath,3,11,2018,0,0,Diwali Peak,20.3,0.0,64722
2018-11-08,Dwarka,3,11,2018,0,0,Diwali Peak,22.6,0.0,58057
2018-11-08,Ambaji,3,11,2018,0,0,Diwali Peak,24.1,0.0,117402
2018-11-08,Pavagadh,3,11,2018,0,0,Diwali Peak,21.7,0.0,62714
2018-11-09,Somnath,4,11,2018,0,0,Diwali Peak,22.6,0.0,79753
2018-11-09,Dwarka,4,11,2018,0,0,Diwali Peak,18.5,0.0,58773
2018-11-09,Ambaji,4,11,2018,0,0,Diwali Peak,26.7,0.0,92337
2018-11-09,Pavagadh,4,11,2018,0,0,Diwali Peak,27.3,0.0,74687
2018-11-10,Somnath,5,11,2018,1,0,Diwali Peak,23.0,0.0,94934
2018-11-10,Dwarka,5,11,2018,1,0,Diwali Peak,18.4,0.0,101518
2018-11-10,Ambaji,5,11,2018,1,0,Diwali Peak,21.7,0.0,135903
2018-11-10,Pavagadh,5,11,2018,1,0,Diwali Peak,27.5,0.0,76529
2018-11-11,Somnath,6,11,2018,1,0,None,26.7,0.0,37660
2018-11-11,Dwarka,6,11,2018,1,0,None,24.0,0.0,26894
2018-11-11,Ambaji,6,11,2018,1,0,None,20.4,0.0,49960
2018-11-11,Pavagadh,6,11,2018,1,0,None,25.5,0.0,31915
2018-11-12,Somnath,0,11,2018,0,0,None,20.4,0.0,25609
2018-11-12,Dwarka,0,11,2018,0,0,None,26.2,0.0,21665
2018-11-12,Ambaji,0,11,2018,0,0,None,20.3,0.0,35248
2018-11-12,Pavagadh,0,11,2018,0,0,None,27.9,0.0,19309
2018-11-13,Somnath,1,11,2018,0,0,None,26.3,0.0,23908
2018-11-13,Dwarka,1,11,2018,0,0,None,18.1,0.0,23660
2018-11-13,Ambaji,1,11,2018,0,0,None,26.4,0.0,33496
2018-11-13,Pavagadh,1,11,2018,0,0,None,25.9,0.0,21116
2018-11-14,Somnath,2,11,2018,0,0,None,24.1,0.0,25128
2018-11-14,Dwarka,2,11,2018,0,0,None,20.3,0.0,21502
2018-11-14,Ambaji,2,11,2018,0,0,None,26.3,0.0,37269
2018-11-14,Pavagadh,2,11,2018,0,0,None,21.3,0.0,20461
2018-11-15,Somnath,3,11,2018,0,0,None,18.7,0.0,25368
2018-11-15,Dwarka,3,11,2018,0,0,None,23.1,0.0,23609
2018-11-15,Ambaji,3,11,2018,0,0,None,23.2,0.0,31953
2018-11-15,Pavagadh,3,11,2018,0,0,None,19.1,0.0,19416
2018-11-16,Somnath,4,11,2018,0,0,None,22.6,0.0,24523
2018-11-16,Dwarka,4,11,2018,0,0,None,26.2,0.0,24188
2018-11-16,Ambaji,4,11,2018,0,0,None,25.9,0.0,33350
2018-11-16,Pavagadh,4,11,2018,0,0,None,21.4,0.0,18109
2018-11-17,Somnath,5,11,2018,1,0,None,20.3,0.0,33749
2018-11-17,Dwarka,5,11,2018,1,0,None,20.2,0.0,30945
2018-11-17,Ambaji,5,11,2018,1,0,None,22.2,0.0,54092
2018-11-17,Pavagadh,5,11,2018,1,0,None,23.2,0.0,25428
2018-11-18,Somnath,6,11,2018,1,0,None,25.1,0.0,33692
2018-11-18,Dwarka,6,11,2018,1,0,None,26.4,0.0,28585
2018-11-18,Ambaji,6,11,2018,1,0,None,24.1,0.0,45344
2018-11-18,Pavagadh,6,11,2018,1,0,None,23.4,0.0,25942
2018-11-19,Somnath,0,11,2018,0,0,None,20.8,0.0,24296
2018-11-19,Dwarka,0,11,2018,0,0,None,18.0,0.0,22876
2018-11-19,Ambaji,0,11,2018,0,0,None,19.3,2.0,35756
2018-11-19,Pavagadh,0,11,2018,0,0,None,23.0,0.0,21594
2018-11-20,Somnath,1,11,2018,0,0,None,20.4,0.0,23112
2018-11-20,Dwarka,1,11,2018,0,0,None,25.6,0.0,22479
2018-11-20,Ambaji,1,11,2018,0,0,None,20.2,0.0,36858
2018-11-20,Pavagadh,1,11,2018,0,0,None,21.6,0.0,19395
2018-11-21,Somnath,2,11,2018,0,0,None,25.6,0.0,25255
2018-11-21,Dwarka,2,11,2018,0,0,None,27.7,2.0,21039
2018-11-21,Ambaji,2,11,2018,0,0,None,22.4,0.0,37613
2018-11-21,Pavagadh,2,11,2018,0,0,None,23.7,0.0,18451
2018-11-22,Somnath,3,11,2018,0,0,None,27.5,0.0,23914
2018-11-22,Dwarka,3,11,2018,0,0,None,21.5,0.0,22447
2018-11-22,Ambaji,3,11,2018,0,0,None,27.3,0.0,34722
2018-11-22,Pavagadh,3,11,2018,0,0,None,26.3,0.0,19009
2018-11-23,Somnath,4,11,2018,0,0,None,27.8,0.0,24118
2018-11-23,Dwarka,4,11,2018,0,0,None,27.9,0.0,23146
2018-11-23,Ambaji,4,11,2018,0,0,None,27.4,0.0,31517
2018-11-23,Pavagadh,4,11,2018,0,0,None,21.8,0.0,19664
2018-11-24,Somnath,5,11,2018,1,0,None,25.9,0.0,35053
2018-11-24,Dwarka,5,11,2018,1,0,None,23.8,0.0,31884
2018-11-24,Ambaji,5,11,2018,1,0,None,23.7,0.0,46244
2018-11-24,Pavagadh,5,11,2018,1,0,None,24.2,0.0,30126
2018-11-25,Somnath,6,11,2018,1,0,None,27.2,0.0,30947
2018-11-25,Dwarka,6,11,2018,1,0,None,20.7,0.0,28393
2018-11-25,Ambaji,6,11,2018,1,0,None,19.2,0.0,52636
2018-11-25,Pavagadh,6,11,2018,1,0,None,25.4,0.0,31023
2018-11-26,Somnath,0,11,2018,0,0,None,22.2,0.0,27093
2018-11-26,Dwarka,0,11,2018,0,0,None,23.8,0.0,21634
2018-11-26,Ambaji,0,11,2018,0,0,None,20.2,0.0,35754
2018-11-26,Pavagadh,0,11,2018,0,0,None,23.0,0.0,18833
2018-11-27,Somnath,1,11,2018,0,0,None,25.9,0.0,26955
2018-11-27,Dwarka,1,11,2018,0,0,None,21.2,0.0,23356
2018-11-27,Ambaji,1,11,2018,0,0,None,24.0,0.0,37986
2018-11-27,Pavagadh,1,11,2018,0,0,None,23.4,0.0,18168
2018-11-28,Somnath,2,11,2018,0,0,None,18.7,0.0,27066
2018-11-28,Dwarka,2,11,2018,0,0,None,22.1,0.0,23519
2018-11-28,Ambaji,2,11,2018,0,0,None,24.1,0.0,33575
2018-11-28,Pavagadh,2,11,2018,0,0,None,26.3,0.0,18212
2018-11-29,Somnath,3,11,2018,0,0,None,19.9,0.0,23911
2018-11-29,Dwarka,3,11,2018,0,0,None,24.7,0.0,22777
2018-11-29,Ambaji,3,11,2018,0,0,None,18.9,0.0,35061
2018-11-29,Pavagadh,3,11,2018,0,0,None,27.2,0.0,21875
2018-11-30,Somnath,4,11,2018,0,0,None,24.5,0.0,25625
2018-11-30,Dwarka,4,11,2018,0,0,None,24.2,0.0,22192
2018-11-30,Ambaji,4,11,2018,0,0,None,21.9,0.0,35165
2018-11-30,Pavagadh,4,11,2018,0,0,None,19.3,0.0,18253
2018-12-01,Somnath,5,12,2018,1,0,None,27.8,0.0,36437
2018-12-01,Dwarka,5,12,2018,1,0,None,22.8,0.0,27963
2018-12-01,Ambaji,5,12,2018,1,0,None,20.0,0.0,51546
2018-12-01,Pavagadh,5,12,2018,1,0,None,23.9,0.0,25965
2018-12-02,Somnath,6,12,2018,1,0,None,26.5,0.0,36669
2018-12-02,Dwarka,6,12,2018,1,0,None,26.4,0.0,31605
2018-12-02,Ambaji,6,12,2018,1,0,None,25.8,0.0,47963
2018-12-02,Pavagadh,6,12,2018,1,0,None,18.7,0.0,31554
2018-12-03,Somnath,0,12,2018,0,0,None,22.0,0.0,25514
2018-12-03,Dwarka,0,12,2018,0,0,None,20.9,0.0,21949
2018-12-03,Ambaji,0,12,2018,0,0,None,18.6,0.0,34484
2018-12-03,Pavagadh,0,12,2018,0,0,None,25.1,0.0,18740
2018-12-04,Somnath,1,12,2018,0,0,None,20.1,0.0,23394
2018-12-04,Dwarka,1,12,2018,0,0,None,24.6,2.0,22669
2018-12-04,Ambaji,1,12,2018,0,0,None,24.1,0.0,33688
2018-12-04,Pavagadh,1,12,2018,0,0,None,27.1,0.0,19987
2018-12-05,Somnath,2,12,2018,0,0,None,20.9,0.0,23162
2018-12-05,Dwarka,2,12,2018,0,0,None,25.7,0.0,20349
2018-12-05,Ambaji,2,12,2018,0,0,None,27.8,2.0,38057
2018-12-05,Pavagadh,2,12,2018,0,0,None,23.0,0.0,20328
2018-12-06,Somnath,3,12,2018,0,0,None,22.2,0.0,24618
2018-12-06,Dwarka,3,12,2018,0,0,None,24.6,0.0,21267
2018-12-06,Ambaji,3,12,2018,0,0,None,18.2,0.0,35984
2018-12-06,Pavagadh,3,12,2018,0,0,None,18.6,0.0,18090
2018-12-07,Somnath,4,12,2018,0,0,None,23.9,0.0,26439
2018-12-07,Dwarka,4,12,2018,0,0,None,18.3,0.0,23841
2018-12-07,Ambaji,4,12,2018,0,0,None,23.6,0.0,31814
2018-12-07,Pavagadh,4,12,2018,0,0,None,23.6,0.0,21091
2018-12-08,Somnath,5,12,2018,1,0,None,22.0,0.0,30584
2018-12-08,Dwarka,5,12,2018,1,0,None,19.4,0.0,32803
2018-12-08,Ambaji,5,12,2018,1,0,None,24.1,0.0,48652
2018-12-08,Pavagadh,5,12,2018,1,0,None,21.6,0.0,26896
2018-12-09,Somnath,6,12,2018,1,0,None,18.1,0.0,38026
2018-12-09,Dwarka,6,12,2018,1,0,None,25.8,0.0,32133
2018-12-09,Ambaji,6,12,2018,1,0,None,26.2,0.0,45208
2018-12-09,Pavagadh,6,12,2018,1,0,None,22.5,0.0,26693
2018-12-10,Somnath,0,12,2018,0,0,None,26.6,0.0,25177
2018-12-10,Dwarka,0,12,2018,0,0,None,26.6,0.0,22798
2018-12-10,Ambaji,0,12,2018,0,0,None,18.9,0.0,34330
2018-12-10,Pavagadh,0,12,2018,0,0,None,22.9,0.0,21882
2018-12-11,Somnath,1,12,2018,0,0,None,26.5,0.0,27320
2018-12-11,Dwarka,1,12,2018,0,0,None,24.9,0.0,22887
2018-12-11,Ambaji,1,12,2018,0,0,None,18.2,0.0,37307
2018-12-11,Pavagadh,1,12,2018,0,0,None,24.5,0.0,20002
2018-12-12,Somnath,2,12,2018,0,0,None,27.1,0.0,24490
2018-12-12,Dwarka,2,12,2018,0,0,None,19.2,0.0,24104
2018-12-12,Ambaji,2,12,2018,0,0,None,22.4,0.0,34990
2018-12-12,Pavagadh,2,12,2018,0,0,None,26.8,0.0,20774
2018-12-13,Somnath,3,12,2018,0,0,None,21.9,0.0,27154
2018-12-13,Dwarka,3,12,2018,0,0,None,27.5,0.0,23952
2018-12-13,Ambaji,3,12,2018,0,0,None,26.2,0.0,37411
2018-12-13,Pavagadh,3,12,2018,0,0,None,24.0,0.0,19564
2018-12-14,Somnath,4,12,2018,0,0,None,27.7,0.0,26839
2018-12-14,Dwarka,4,12,2018,0,0,None,18.9,0.0,21344
2018-12-14,Ambaji,4,12,2018,0,0,None,18.5,0.0,32852
2018-12-14,Pavagadh,4,12,2018,0,0,None,26.4,0.0,19194
2018-12-15,Somnath,5,12,2018,1,0,None,18.1,0.0,36633
2018-12-15,Dwarka,5,12,2018,1,0,None,21.7,0.0,33746
2018-12-15,Ambaji,5,12,2018,1,0,None,19.4,0.0,44105
2018-12-15,Pavagadh,5,12,2018,1,0,None,25.3,0.0,25843
2018-12-16,Somnath,6,12,2018,1,0,None,27.7,0.0,36604
2018-12-16,Dwarka,6,12,2018,1,0,None,24.2,0.0,28369
2018-12-16,Ambaji,6,12,2018,1,0,None,23.9,0.0,47846
2018-12-16,Pavagadh,6,12,2018,1,0,None,21.7,0.0,25076
2018-12-17,Somnath,0,12,2018,0,0,None,20.7,0.0,24890
2018-12-17,Dwarka,0,12,2018,0,0,None,23.4,0.0,22101
2018-12-17,Ambaji,0,12,2018,0,0,None,23.1,0.0,37311
2018-12-17,Pavagadh,0,12,2018,0,0,None,23.5,0.0,21789
2018-12-18,Somnath,1,12,2018,0,0,None,26.5,2.0,25961
2018-12-18,Dwarka,1,12,2018,0,0,None,21.8,0.0,22718
2018-12-18,Ambaji,1,12,2018,0,0,None,27.8,0.0,37671
2018-12-18,Pavagadh,1,12,2018,0,0,None,21.3,0.0,21625
2018-12-19,Somnath,2,12,2018,0,0,None,25.6,2.0,26373
2018-12-19,Dwarka,2,12,2018,0,0,None,22.5,0.0,23762
2018-12-19,Ambaji,2,12,2018,0,0,None,23.5,0.0,34549
2018-12-19,Pavagadh,2,12,2018,0,0,None,23.2,0.0,20975
2018-12-20,Somnath,3,12,2018,0,0,None,19.1,0.0,26523
2018-12-20,Dwarka,3,12,2018,0,0,None,22.7,0.0,21304
2018-12-20,Ambaji,3,12,2018,0,0,None,27.6,0.0,31767
2018-12-20,Pavagadh,3,12,2018,0,0,None,26.7,0.0,18927
2018-12-21,Somnath,4,12,2018,0,0,None,27.8,0.0,27255
2018-12-21,Dwarka,4,12,2018,0,0,None,23.1,0.0,21776
2018-12-21,Ambaji,4,12,2018,0,0,None,21.3,0.0,34667
2018-12-21,Pavagadh,4,12,2018,0,0,None,18.4,0.0,18852
2018-12-22,Somnath,5,12,2018,1,0,None,26.7,0.0,39636
2018-12-22,Dwarka,5,12,2018,1,0,None,24.4,2.0,28091
2018-12-22,Ambaji,5,12,2018,1,0,None,22.0,0.0,52388
2018-12-22,Pavagadh,5,12,2018,1,0,None,20.9,0.0,26129
2018-12-23,Somnath,6,12,2018,1,0,None,23.8,0.0,37350
2018-12-23,Dwarka,6,12,2018,1,0,None,21.8,0.0,32212
2018-12-23,Ambaji,6,12,2018,1,0,None,21.6,0.0,55365
2018-12-23,Pavagadh,6,12,2018,1,0,None,24.4,0.0,24470
2018-12-24,Somnath,0,12,2018,0,0,None,24.2,0.0,26713
2018-12-24,Dwarka,0,12,2018,0,0,None,27.9,0.0,21796
2018-12-24,Ambaji,0,12,2018,0,0,None,25.1,0.0,37758
2018-12-24,Pavagadh,0,12,2018,0,0,None,18.6,0.0,21018
2018-12-25,Somnath,1,12,2018,0,1,None,24.9,0.0,40942
2018-12-25,Dwarka,1,12,2018,0,1,None,20.2,0.0,32907
2018-12-25,Ambaji,1,12,2018,0,1,None,24.2,0.0,59764
2018-12-25,Pavagadh,1,12,2018,0,1,None,27.3,0.0,32775
2018-12-26,Somnath,2,12,2018,0,0,None,23.3,0.0,22515
2018-12-26,Dwarka,2,12,2018,0,0,None,20.8,0.0,20584
2018-12-26,Ambaji,2,12,2018,0,0,None,27.1,0.0,34845
2018-12-26,Pavagadh,2,12,2018,0,0,None,26.1,0.0,20234
2018-12-27,Somnath,3,12,2018,0,0,None,18.0,0.0,23193
2018-12-27,Dwarka,3,12,2018,0,0,None,24.9,0.0,21127
2018-12-27,Ambaji,3,12,2018,0,0,None,22.7,0.0,37975
2018-12-27,Pavagadh,3,12,2018,0,0,None,18.5,0.0,20045
2018-12-28,Somnath,4,12,2018,0,0,None,24.2,0.0,27333
2018-12-28,Dwarka,4,12,2018,0,0,None,20.8,0.0,24171
2018-12-28,Ambaji,4,12,2018,0,0,None,26.8,0.0,38432
2018-12-28,Pavagadh,4,12,2018,0,0,None,25.0,0.0,19622
2018-12-29,Somnath,5,12,2018,1,0,None,21.3,0.0,36914
2018-12-29,Dwarka,5,12,2018,1,0,None,18.4,0.0,32878
2018-12-29,Ambaji,5,12,2018,1,0,None,27.5,0.0,48318
2018-12-29,Pavagadh,5,12,2018,1,0,None,23.3,0.0,27638
2018-12-30,Somnath,6,12,2018,1,0,None,18.4,0.0,36208
2018-12-30,Dwarka,6,12,2018,1,0,None,23.2,0.0,33706
2018-12-30,Ambaji,6,12,2018,1,0,None,20.8,0.0,52958
2018-12-30,Pavagadh,6,12,2018,1,0,None,19.8,0.0,31864
2018-12-31,Somnath,0,12,2018,0,0,None,26.7,0.0,25798
2018-12-31,Dwarka,0,12,2018,0,0,None,23.6,0.0,22421
2018-12-31,Ambaji,0,12,2018,0,0,None,18.1,0.0,38026
2018-12-31,Pavagadh,0,12,2018,0,0,None,21.0,0.0,19000
2019-01-01,Somnath,1,1,2019,0,0,None,21.1,0.0,26308
2019-01-01,Dwarka,1,1,2019,0,0,None,23.0,0.0,19977
2019-01-01,Ambaji,1,1,2019,0,0,None,27.2,0.0,37689
2019-01-01,Pavagadh,1,1,2019,0,0,None,22.0,0.0,20686
2019-01-02,Somnath,2,1,2019,0,0,None,19.8,0.0,23727
2019-01-02,Dwarka,2,1,2019,0,0,None,20.4,0.0,20265
2019-01-02,Ambaji,2,1,2019,0,0,None,20.2,0.0,37313
2019-01-02,Pavagadh,2,1,2019,0,0,None,19.5,0.0,20844
2019-01-03,Somnath,3,1,2019,0,0,None,26.6,0.0,26423
2019-01-03,Dwarka,3,1,2019,0,0,None,24.5,0.0,20293
2019-01-03,Ambaji,3,1,2019,0,0,None,25.1,2.0,36657
2019-01-03,Pavagadh,3,1,2019,0,0,None,18.2,0.0,20458
2019-01-04,Somnath,4,1,2019,0,0,None,24.9,0.0,25290
2019-01-04,Dwarka,4,1,2019,0,0,None,20.2,0.0,22865
2019-01-04,Ambaji,4,1,2019,0,0,None,20.4,0.0,37953
2019-01-04,Pavagadh,4,1,2019,0,0,None,26.9,0.0,18153
2019-01-05,Somnath,5,1,2019,1,0,None,18.5,0.0,36245
2019-01-05,Dwarka,5,1,2019,1,0,None,24.3,0.0,26418
2019-01-05,Ambaji,5,1,2019,1,0,None,21.6,0.0,47324
2019-01-05,Pavagadh,5,1,2019,1,0,None,26.2,0.0,30239
2019-01-06,Somnath,6,1,2019,1,0,None,25.4,0.0,35090
2019-01-06,Dwarka,6,1,2019,1,0,None,20.1,0.0,36103
2019-01-06,Ambaji,6,1,2019,1,0,None,25.9,0.0,53765
2019-01-06,Pavagadh,6,1,2019,1,0,None,25.0,0.0,26359
2019-01-07,Somnath,0,1,2019,0,0,None,26.5,0.0,27229
2019-01-07,Dwarka,0,1,2019,0,0,None,23.1,0.0,21281
2019-01-07,Ambaji,0,1,2019,0,0,None,25.2,0.0,35887
2019-01-07,Pavagadh,0,1,2019,0,0,None,23.0,0.0,20768
2019-01-08,Somnath,1,1,2019,0,0,None,20.5,0.0,23970
2019-01-08,Dwarka,1,1,2019,0,0,None,21.7,0.0,23759
2019-01-08,Ambaji,1,1,2019,0,0,None,20.9,0.0,37941
2019-01-08,Pavagadh,1,1,2019,0,0,None,26.1,0.0,21077
2019-01-09,Somnath,2,1,2019,0,0,None,27.1,0.0,26626
2019-01-09,Dwarka,2,1,2019,0,0,None,23.5,0.0,21968
2019-01-09,Ambaji,2,1,2019,0,0,None,25.0,0.0,36838
2019-01-09,Pavagadh,2,1,2019,0,0,None,18.3,0.0,18603
2019-01-10,Somnath,3,1,2019,0,0,None,26.2,0.0,24770
2019-01-10,Dwarka,3,1,2019,0,0,None,22.3,0.0,21917
2019-01-10,Ambaji,3,1,2019,0,0,None,25.9,0.0,32841
2019-01-10,Pavagadh,3,1,2019,0,0,None,23.5,0.0,18299
2019-01-11,Somnath,4,1,2019,0,0,None,18.4,0.0,25705
2019-01-11,Dwarka,4,1,2019,0,0,None,22.0,0.0,20116
2019-01-11,Ambaji,4,1,2019,0,0,None,20.0,0.0,35887
2019-01-11,Pavagadh,4,1,2019,0,0,None,24.9,0.0,21775
2019-01-12,Somnath,5,1,2019,1,0,None,21.4,0.0,33173
2019-01-12,Dwarka,5,1,2019,1,0,None,26.5,0.0,30880
2019-01-12,Ambaji,5,1,2019,1,0,None,20.6,0.0,50943
2019-01-12,Pavagadh,5,1,2019,1,0,None,20.2,0.0,25401
2019-01-13,Somnath,6,1,2019,1,0,None,23.1,0.0,34437
2019-01-13,Dwarka,6,1,2019,1,0,None,25.1,0.0,36232
2019-01-13,Ambaji,6,1,2019,1,0,None,26.7,0.0,50647
2019-01-13,Pavagadh,6,1,2019,1,0,None,27.6,0.0,26563
2019-01-14,Somnath,0,1,2019,0,0,None,23.6,0.0,25378
2019-01-14,Dwarka,0,1,2019,0,0,None,23.5,0.0,22229
2019-01-14,Ambaji,0,1,2019,0,0,None,26.5,0.0,34566
2019-01-14,Pavagadh,0,1,2019,0,0,None,22.7,0.0,19519
2019-01-15,Somnath,1,1,2019,0,0,None,24.0,0.0,25682
2019-01-15,Dwarka,1,1,2019,0,0,None,21.5,0.0,22491
2019-01-15,Ambaji,1,1,2019,0,0,None,19.3,0.0,31794
2019-01-15,Pavagadh,1,1,2019,0,0,None,18.7,0.0,18078
2019-01-16,Somnath,2,1,2019,0,0,None,20.5,0.0,22805
2019-01-16,Dwarka,2,1,2019,0,0,None,22.4,0.0,23281
2019-01-16,Ambaji,2,1,2019,0,0,None,21.1,0.0,33807
2019-01-16,Pavagadh,2,1,2019,0,0,None,18.7,2.0,21480
2019-01-17,Somnath,3,1,2019,0,0,None,22.7,0.0,25856
2019-01-17,Dwarka,3,1,2019,0,0,None,19.9,0.0,21866
2019-01-17,Ambaji,3,1,2019,0,0,None,27.1,0.0,36977
2019-01-17,Pavagadh,3,1,2019,0,0,None,18.6,0.0,20551
2019-01-18,Somnath,4,1,2019,0,0,None,24.9,0.0,24593
2019-01-18,Dwarka,4,1,2019,0,0,None,23.8,0.0,20394
2019-01-18,Ambaji,4,1,2019,0,0,None,24.6,0.0,32632
2019-01-18,Pavagadh,4,1,2019,0,0,None,23.4,0.0,18062
2019-01-19,Somnath,5,1,2019,1,0,None,24.4,0.0,30259
2019-01-19,Dwarka,5,1,2019,1,0,None,22.2,0.0,30589
2019-01-19,Ambaji,5,1,2019,1,0,None,22.1,0.0,52020
2019-01-19,Pavagadh,5,1,2019,1,0,None,26.3,0.0,28959
2019-01-20,Somnath,6,1,2019,1,0,None,20.1,0.0,33620
2019-01-20,Dwarka,6,1,2019,1,0,None,22.4,0.0,29634
2019-01-20,Ambaji,6,1,2019,1,0,None,27.7,0.0,42176
2019-01-20,Pavagadh,6,1,2019,1,0,None,25.8,0.0,26961
2019-01-21,Somnath,0,1,2019,0,0,None,24.0,0.0,24467
2019-01-21,Dwarka,0,1,2019,0,0,None,25.7,0.0,20992
2019-01-21,Ambaji,0,1,2019,0,0,None,25.0,0.0,36304
2019-01-21,Pavagadh,0,1,2019,0,0,None,24.8,0.0,20140
2019-01-22,Somnath,1,1,2019,0,0,None,23.6,0.0,27484
2019-01-22,Dwarka,1,1,2019,0,0,None,18.3,0.0,20142
2019-01-22,Ambaji,1,1,2019,0,0,None,25.4,0.0,35857
2019-01-22,Pavagadh,1,1,2019,0,0,None,21.2,0.0,18862
2019-01-23,Somnath,2,1,2019,0,0,None,26.7,0.0,27222
2019-01-23,Dwarka,2,1,2019,0,0,None,23.7,0.0,20551
2019-01-23,Ambaji,2,1,2019,0,0,None,27.9,0.0,31844
2019-01-23,Pavagadh,2,1,2019,0,0,None,25.0,0.0,19228
2019-01-24,Somnath,3,1,2019,0,0,None,19.5,0.0,22819
2019-01-24,Dwarka,3,1,2019,0,0,None,20.9,0.0,20507
2019-01-24,Ambaji,3,1,2019,0,0,None,23.1,0.0,33606
2019-01-24,Pavagadh,3,1,2019,0,0,None,27.3,0.0,19441
2019-01-25,Somnath,4,1,2019,0,0,None,22.7,0.0,26543
2019-01-25,Dwarka,4,1,2019,0,0,None,19.9,0.0,23133
2019-01-25,Ambaji,4,1,2019,0,0,None,25.2,0.0,31651
2019-01-25,Pavagadh,4,1,2019,0,0,None,23.9,0.0,20337
2019-01-26,Somnath,5,1,2019,1,1,None,20.1,0.0,37594
2019-01-26,Dwarka,5,1,2019,1,1,None,19.7,0.0,30899
2019-01-26,Ambaji,5,1,2019,1,1,None,25.1,0.0,45900
2019-01-26,Pavagadh,5,1,2019,1,1,None,24.8,2.0,31824
2019-01-27,Somnath,6,1,2019,1,0,None,21.0,0.0,38066
2019-01-27,Dwarka,6,1,2019,1,0,None,20.5,0.0,28319
2019-01-27,Ambaji,6,1,2019,1,0,None,19.1,0.0,44625
2019-01-27,Pavagadh,6,1,2019,1,0,None,25.4,0.0,27180
2019-01-28,Somnath,0,1,2019,0,0,None,24.9,0.0,24025
2019-01-28,Dwarka,0,1,2019,0,0,None,22.0,0.0,21517
2019-01-28,Ambaji,0,1,2019,0,0,None,18.1,0.0,34992
2019-01-28,Pavagadh,0,1,2019,0,0,None,27.5,0.0,18723
2019-01-29,Somnath,1,1,2019,0,0,None,19.9,0.0,26444
2019-01-29,Dwarka,1,1,2019,0,0,None,18.1,0.0,22167
2019-01-29,Ambaji,1,1,2019,0,0,None,20.5,0.0,34019
2019-01-29,Pavagadh,1,1,2019,0,0,None,20.7,0.0,21916
2019-01-30,Somnath,2,1,2019,0,0,None,19.2,0.0,27159
2019-01-30,Dwarka,2,1,2019,0,0,None,26.8,0.0,22875
2019-01-30,Ambaji,2,1,2019,0,0,None,18.9,0.0,38310
2019-01-30,Pavagadh,2,1,2019,0,0,None,23.4,0.0,18749
2019-01-31,Somnath,3,1,2019,0,0,None,24.3,0.0,25759
2019-01-31,Dwarka,3,1,2019,0,0,None,18.3,0.0,22417
2019-01-31,Ambaji,3,1,2019,0,0,None,20.1,0.0,33433
2019-01-31,Pavagadh,3,1,2019,0,0,None,25.1,0.0,21383
2019-02-01,Somnath,4,2,2019,0,0,None,21.0,0.0,26218
2019-02-01,Dwarka,4,2,2019,0,0,None,22.0,0.0,20930
2019-02-01,Ambaji,4,2,2019,0,0,None,27.6,0.0,33809
2019-02-01,Pavagadh,4,2,2019,0,0,None,19.9,0.0,19102
2019-02-02,Somnath,5,2,2019,1,0,None,21.3,0.0,34053
2019-02-02,Dwarka,5,2,2019,1,0,None,23.0,0.0,34126
2019-02-02,Ambaji,5,2,2019,1,0,None,19.0,0.0,42863
2019-02-02,Pavagadh,5,2,2019,1,0,None,27.5,0.0,30325
2019-02-03,Somnath,6,2,2019,1,0,None,27.9,0.0,37374
2019-02-03,Dwarka,6,2,2019,1,0,None,20.3,0.0,30951
2019-02-03,Ambaji,6,2,2019,1,0,None,19.4,0.0,52477
2019-02-03,Pavagadh,6,2,2019,1,0,None,25.0,0.0,32284
2019-02-04,Somnath,0,2,2019,0,0,None,23.1,0.0,24521
2019-02-04,Dwarka,0,2,2019,0,0,None,20.3,0.0,22714
2019-02-04,Ambaji,0,2,2019,0,0,None,23.0,0.0,36302
2019-02-04,Pavagadh,0,2,2019,0,0,None,18.2,0.0,20130
2019-02-05,Somnath,1,2,2019,0,0,None,19.9,0.0,25260
2019-02-05,Dwarka,1,2,2019,0,0,None,23.9,0.0,22615
2019-02-05,Ambaji,1,2,2019,0,0,None,26.3,2.0,37369
2019-02-05,Pavagadh,1,2,2019,0,0,None,23.6,0.0,20725
2019-02-06,Somnath,2,2,2019,0,0,None,27.4,0.0,23779
2019-02-06,Dwarka,2,2,2019,0,0,None,19.5,0.0,21588
2019-02-06,Ambaji,2,2,2019,0,0,None,18.6,0.0,35403
2019-02-06,Pavagadh,2,2,2019,0,0,None,21.3,0.0,19161
2019-02-07,Somnath,3,2,2019,0,0,None,22.6,0.0,25239
2019-02-07,Dwarka,3,2,2019,0,0,None,25.7,0.0,21095
2019-02-07,Ambaji,3,2,2019,0,0,None,23.3,0.0,31977
2019-02-07,Pavagadh,3,2,2019,0,0,None,18.8,0.0,20556
2019-02-08,Somnath,4,2,2019,0,0,None,20.1,0.0,25731
2019-02-08,Dwarka,4,2,2019,0,0,None,27.2,0.0,23106
2019-02-08,Ambaji,4,2,2019,0,0,None,18.8,0.0,35363
2019-02-08,Pavagadh,4,2,2019,0,0,None,21.9,0.0,18017
2019-02-09,Somnath,5,2,2019,1,0,None,23.2,0.0,32907
2019-02-09,Dwarka,5,2,2019,1,0,None,26.3,0.0,30022
2019-02-09,Ambaji,5,2,2019,1,0,None,24.3,0.0,53729
2019-02-09,Pavagadh,5,2,2019,1,0,None,23.3,0.0,26528
2019-02-10,Somnath,6,2,2019,1,0,None,20.9,0.0,38501
2019-02-10,Dwarka,6,2,2019,1,0,None,27.3,0.0,31425
2019-02-10,Ambaji,6,2,2019,1,0,None,25.3,0.0,44360
2019-02-10,Pavagadh,6,2,2019,1,0,None,18.2,2.0,26715
2019-02-11,Somnath,0,2,2019,0,0,None,25.9,0.0,24925
2019-02-11,Dwarka,0,2,2019,0,0,None,24.1,0.0,23225
2019-02-11,Ambaji,0,2,2019,0,0,None,21.0,0.0,35408
2019-02-11,Pavagadh,0,2,2019,0,0,None,22.1,0.0,21520
2019-02-12,Somnath,1,2,2019,0,0,None,22.8,0.0,24127
2019-02-12,Dwarka,1,2,2019,0,0,None,20.7,0.0,23341
2019-02-12,Ambaji,1,2,2019,0,0,None,21.1,0.0,34828
2019-02-12,Pavagadh,1,2,2019,0,0,None,18.7,0.0,20073
2019-02-13,Somnath,2,2,2019,0,0,None,23.0,0.0,27023
2019-02-13,Dwarka,2,2,2019,0,0,None,18.9,0.0,21457
2019-02-13,Ambaji,2,2,2019,0,0,None,26.8,0.0,32229
2019-02-13,Pavagadh,2,2,2019,0,0,None,26.3,0.0,18129
2019-02-14,Somnath,3,2,2019,0,0,None,19.3,0.0,25813
2019-02-14,Dwarka,3,2,2019,0,0,None,25.5,0.0,22701
2019-02-14,Ambaji,3,2,2019,0,0,None,25.7,0.0,33325
2019-02-14,Pavagadh,3,2,2019,0,0,None,27.1,0.0,19466
2019-02-15,Somnath,4,2,2019,0,0,None,25.3,0.0,22624
2019-02-15,Dwarka,4,2,2019,0,0,None,18.7,0.0,24045
2019-02-15,Ambaji,4,2,2019,0,0,None,23.5,0.0,33728
2019-02-15,Pavagadh,4,2,2019,0,0,None,20.6,0.0,19091
2019-02-16,Somnath,5,2,2019,1,0,None,22.5,0.0,34370
2019-02-16,Dwarka,5,2,2019,1,0,None,26.9,0.0,28517
2019-02-16,Ambaji,5,2,2019,1,0,None,25.4,0.0,52992
2019-02-16,Pavagadh,5,2,2019,1,0,None,25.3,0.0,30071
2019-02-17,Somnath,6,2,2019,1,0,None,20.6,0.0,36102
2019-02-17,Dwarka,6,2,2019,1,0,None,21.1,0.0,29029
2019-02-17,Ambaji,6,2,2019,1,0,None,26.3,0.0,53672
2019-02-17,Pavagadh,6,2,2019,1,0,None,24.7,0.0,27969
2019-02-18,Somnath,0,2,2019,0,0,None,19.7,0.0,25501
2019-02-18,Dwarka,0,2,2019,0,0,None,22.8,0.0,20418
2019-02-18,Ambaji,0,2,2019,0,0,None,19.2,0.0,31720
2019-02-18,Pavagadh,0,2,2019,0,0,None,27.8,0.0,18441
2019-02-19,Somnath,1,2,2019,0,0,None,23.8,0.0,25512
2019-02-19,Dwarka,1,2,2019,0,0,None,26.5,0.0,23319
2019-02-19,Ambaji,1,2,2019,0,0,None,21.9,0.0,32732
2019-02-19,Pavagadh,1,2,2019,0,0,None,27.2,0.0,21467
2019-02-20,Somnath,2,2,2019,0,0,None,23.4,0.0,24822
2019-02-20,Dwarka,2,2,2019,0,0,None,26.2,0.0,21950
2019-02-20,Ambaji,2,2,2019,0,0,None,26.6,0.0,37869
2019-02-20,Pavagadh,2,2,2019,0,0,None,26.5,0.0,21271
2019-02-21,Somnath,3,2,2019,0,0,None,23.4,0.0,25302
2019-02-21,Dwarka,3,2,2019,0,0,None,21.6,0.0,20932
2019-02-21,Ambaji,3,2,2019,0,0,None,22.4,0.0,32360
2019-02-21,Pavagadh,3,2,2019,0,0,None,21.2,0.0,19524
2019-02-22,Somnath,4,2,2019,0,0,None,25.5,0.0,24622
2019-02-22,Dwarka,4,2,2019,0,0,None,19.1,0.0,22516
2019-02-22,Ambaji,4,2,2019,0,0,None,24.1,0.0,34820
2019-02-22,Pavagadh,4,2,2019,0,0,None,26.6,0.0,18076
2019-02-23,Somnath,5,2,2019,1,0,None,24.5,0.0,38219
2019-02-23,Dwarka,5,2,2019,1,0,None,22.7,0.0,28573
2019-02-23,Ambaji,5,2,2019,1,0,None,27.3,0.0,47373
2019-02-23,Pavagadh,5,2,2019,1,0,None,19.3,0.0,29369
2019-02-24,Somnath,6,2,2019,1,0,None,23.8,0.0,32366
2019-02-24,Dwarka,6,2,2019,1,0,None,24.1,0.0,33973
2019-02-24,Ambaji,6,2,2019,1,0,None,26.5,2.0,55183
2019-02-24,Pavagadh,6,2,2019,1,0,None,27.6,0.0,26455
2019-02-25,Somnath,0,2,2019,0,0,None,18.5,0.0,24948
2019-02-25,Dwarka,0,2,2019,0,0,None,26.1,0.0,21549
2019-02-25,Ambaji,0,2,2019,0,0,None,25.0,0.0,32114
2019-02-25,Pavagadh,0,2,2019,0,0,None,26.6,0.0,19262
2019-02-26,Somnath,1,2,2019,0,0,None,21.6,0.0,22578
2019-02-26,Dwarka,1,2,2019,0,0,None,22.8,0.0,20653
2019-02-26,Ambaji,1,2,2019,0,0,None,26.5,0.0,35935
2019-02-26,Pavagadh,1,2,2019,0,0,None,19.9,0.0,21471
2019-02-27,Somnath,2,2,2019,0,0,None,23.2,0.0,26724
2019-02-27,Dwarka,2,2,2019,0,0,None,25.3,0.0,20263
2019-02-27,Ambaji,2,2,2019,0,0,None,20.7,0.0,31560
2019-02-27,Pavagadh,2,2,2019,0,0,None,19.6,0.0,18959
2019-02-28,Somnath,3,2,2019,0,0,None,27.7,0.0,23686
2019-02-28,Dwarka,3,2,2019,0,0,None,23.0,0.0,24129
2019-02-28,Ambaji,3,2,2019,0,0,None,26.5,0.0,38134
2019-02-28,Pavagadh,3,2,2019,0,0,None,25.2,0.0,20682
2019-03-01,Somnath,4,3,2019,0,0,None,39.1,0.0,26292
2019-03-01,Dwarka,4,3,2019,0,0,None,33.0,0.0,19843
2019-03-01,Ambaji,4,3,2019,0,0,None,42.7,0.0,29346
2019-03-01,Pavagadh,4,3,2019,0,0,None,33.8,0.0,18235
2019-03-02,Somnath,5,3,2019,1,0,None,41.2,1.0,30390
2019-03-02,Dwarka,5,3,2019,1,0,None,37.2,0.0,31884
2019-03-02,Ambaji,5,3,2019,1,0,None,35.9,0.0,45758
2019-03-02,Pavagadh,5,3,2019,1,0,None,40.5,0.0,30664
2019-03-03,Somnath,6,3,2019,1,0,None,39.3,0.0,32345
2019-03-03,Dwarka,6,3,2019,1,0,None,34.6,1.0,30189
2019-03-03,Ambaji,6,3,2019,1,0,None,42.2,0.0,39632
2019-03-03,Pavagadh,6,3,2019,1,0,None,42.7,0.0,28060
2019-03-04,Somnath,0,3,2019,0,0,Maha Shivratri,32.6,5.0,365325
2019-03-04,Dwarka,0,3,2019,0,0,None,40.5,0.0,23765
2019-03-04,Ambaji,0,3,2019,0,0,None,35.4,0.0,37554
2019-03-04,Pavagadh,0,3,2019,0,0,None,40.6,0.0,21382
2019-03-05,Somnath,1,3,2019,0,0,None,32.5,0.0,23533
2019-03-05,Dwarka,1,3,2019,0,0,None,35.1,0.0,21778
2019-03-05,Ambaji,1,3,2019,0,0,None,37.7,0.0,33820
2019-03-05,Pavagadh,1,3,2019,0,0,None,33.9,0.0,19599
2019-03-06,Somnath,2,3,2019,0,0,None,37.6,0.0,27048
2019-03-06,Dwarka,2,3,2019,0,0,None,39.8,0.0,23489
2019-03-06,Ambaji,2,3,2019,0,0,None,42.9,0.0,33457
2019-03-06,Pavagadh,2,3,2019,0,0,None,37.1,0.0,20630
2019-03-07,Somnath,3,3,2019,0,0,None,34.5,0.0,22636
2019-03-07,Dwarka,3,3,2019,0,0,None,35.2,0.0,22229
2019-03-07,Ambaji,3,3,2019,0,0,None,35.2,5.0,33542
2019-03-07,Pavagadh,3,3,2019,0,0,None,36.9,0.0,19042
2019-03-08,Somnath,4,3,2019,0,0,None,32.5,0.0,26255
2019-03-08,Dwarka,4,3,2019,0,0,None,34.2,0.0,19873
2019-03-08,Ambaji,4,3,2019,0,0,None,41.2,0.0,29161
2019-03-08,Pavagadh,4,3,2019,0,0,None,42.5,0.0,17529
2019-03-09,Somnath,5,3,2019,1,0,None,38.6,1.0,39547
2019-03-09,Dwarka,5,3,2019,1,0,None,36.4,0.0,33099
2019-03-09,Ambaji,5,3,2019,1,0,None,39.8,0.0,45771
2019-03-09,Pavagadh,5,3,2019,1,0,None,42.8,0.0,22117
2019-03-10,Somnath,6,3,2019,1,0,None,42.1,5.0,34757
2019-03-10,Dwarka,6,3,2019,1,0,None,38.5,0.0,31196
2019-03-10,Ambaji,6,3,2019,1,0,None,39.4,0.0,50542
2019-03-10,Pavagadh,6,3,2019,1,0,None,41.9,0.0,25624
2019-03-11,Somnath,0,3,2019,0,0,None,36.6,0.0,24648
2019-03-11,Dwarka,0,3,2019,0,0,None,37.1,0.0,20508
2019-03-11,Ambaji,0,3,2019,0,0,None,33.1,0.0,33698
2019-03-11,Pavagadh,0,3,2019,0,0,None,33.6,0.0,18044
2019-03-12,Somnath,1,3,2019,0,0,None,34.5,0.0,22657
2019-03-12,Dwarka,1,3,2019,0,0,None,38.7,0.0,20226
2019-03-12,Ambaji,1,3,2019,0,0,None,38.5,5.0,38111
2019-03-12,Pavagadh,1,3,2019,0,0,None,32.0,0.0,19414
2019-03-13,Somnath,2,3,2019,0,0,None,32.7,0.0,24108
2019-03-13,Dwarka,2,3,2019,0,0,None,37.8,0.0,23095
2019-03-13,Ambaji,2,3,2019,0,0,None,34.7,0.0,33658
2019-03-13,Pavagadh,2,3,2019,0,0,None,36.0,5.0,21111
2019-03-14,Somnath,3,3,2019,0,0,None,42.7,0.0,21774
2019-03-14,Dwarka,3,3,2019,0,0,None,37.4,0.0,23444
2019-03-14,Ambaji,3,3,2019,0,0,None,37.1,0.0,36924
2019-03-14,Pavagadh,3,3,2019,0,0,None,41.4,0.0,16717
2019-03-15,Somnath,4,3,2019,0,0,None,37.8,0.0,22645
2019-03-15,Dwarka,4,3,2019,0,0,None,38.7,0.0,23067
2019-03-15,Ambaji,4,3,2019,0,0,None,41.9,0.0,32379
2019-03-15,Pavagadh,4,3,2019,0,0,None,33.2,0.0,20437
2019-03-16,Somnath,5,3,2019,1,0,None,37.7,1.0,38549
2019-03-16,Dwarka,5,3,2019,1,0,None,37.6,0.0,28721
2019-03-16,Ambaji,5,3,2019,1,0,None,38.6,0.0,44854
2019-03-16,Pavagadh,5,3,2019,1,0,None,37.2,0.0,30396
2019-03-17,Somnath,6,3,2019,1,0,None,42.6,0.0,34577
2019-03-17,Dwarka,6,3,2019,1,0,None,38.9,0.0,31464
2019-03-17,Ambaji,6,3,2019,1,0,None,39.7,0.0,50986
2019-03-17,Pavagadh,6,3,2019,1,0,None,32.7,5.0,30374
2019-03-18,Somnath,0,3,2019,0,0,None,40.1,0.0,22707
2019-03-18,Dwarka,0,3,2019,0,0,None,33.1,0.0,22208
2019-03-18,Ambaji,0,3,2019,0,0,None,34.4,0.0,34620
2019-03-18,Pavagadh,0,3,2019,0,0,None,39.7,0.0,19279
2019-03-19,Somnath,1,3,2019,0,0,None,34.7,0.0,26483
2019-03-19,Dwarka,1,3,2019,0,0,None,38.4,0.0,23398
2019-03-19,Ambaji,1,3,2019,0,0,None,32.6,0.0,34573
2019-03-19,Pavagadh,1,3,2019,0,0,None,40.0,1.0,21000
2019-03-20,Somnath,2,3,2019,0,0,None,36.9,0.0,26531
2019-03-20,Dwarka,2,3,2019,0,0,None,37.1,0.0,22963
2019-03-20,Ambaji,2,3,2019,0,0,None,35.2,0.0,37819
2019-03-20,Pavagadh,2,3,2019,0,0,None,37.3,0.0,20865
2019-03-21,Somnath,3,3,2019,0,0,None,41.7,0.0,24196
2019-03-21,Dwarka,3,3,2019,0,0,None,34.3,0.0,20192
2019-03-21,Ambaji,3,3,2019,0,0,None,40.2,0.0,32257
2019-03-21,Pavagadh,3,3,2019,0,0,None,41.0,0.0,19387
2019-03-22,Somnath,4,3,2019,0,0,None,39.6,0.0,27158
2019-03-22,Dwarka,4,3,2019,0,0,None,38.1,0.0,22724
2019-03-22,Ambaji,4,3,2019,0,0,None,38.2,0.0,35767
2019-03-22,Pavagadh,4,3,2019,0,0,None,42.0,0.0,18776
2019-03-23,Somnath,5,3,2019,1,0,None,39.5,0.0,34247
2019-03-23,Dwarka,5,3,2019,1,0,None,36.7,0.0,33299
2019-03-23,Ambaji,5,3,2019,1,0,None,42.6,0.0,49791
2019-03-23,Pavagadh,5,3,2019,1,0,None,34.7,0.0,32793
2019-03-24,Somnath,6,3,2019,1,0,None,39.1,0.0,31800
2019-03-24,Dwarka,6,3,2019,1,0,None,42.5,0.0,26733
2019-03-24,Ambaji,6,3,2019,1,0,None,38.6,0.0,56256
2019-03-24,Pavagadh,6,3,2019,1,0,None,36.3,0.0,29749
2019-03-25,Somnath,0,3,2019,0,0,None,36.2,0.0,24240
2019-03-25,Dwarka,0,3,2019,0,0,None,34.6,0.0,22820
2019-03-25,Ambaji,0,3,2019,0,0,None,40.2,0.0,34123
2019-03-25,Pavagadh,0,3,2019,0,0,None,40.4,0.0,19908
2019-03-26,Somnath,1,3,2019,0,0,None,40.7,0.0,24870
2019-03-26,Dwarka,1,3,2019,0,0,None,39.1,1.0,22292
2019-03-26,Ambaji,1,3,2019,0,0,None,40.8,5.0,36438
2019-03-26,Pavagadh,1,3,2019,0,0,None,38.3,0.0,19497
2019-03-27,Somnath,2,3,2019,0,0,None,38.2,0.0,24690
2019-03-27,Dwarka,2,3,2019,0,0,None,42.6,0.0,20008
2019-03-27,Ambaji,2,3,2019,0,0,None,37.3,0.0,33573
2019-03-27,Pavagadh,2,3,2019,0,0,None,33.1,0.0,20115
2019-03-28,Somnath,3,3,2019,0,0,None,40.8,1.0,22776
2019-03-28,Dwarka,3,3,2019,0,0,None,38.5,0.0,24137
2019-03-28,Ambaji,3,3,2019,0,0,None,42.4,0.0,29438
2019-03-28,Pavagadh,3,3,2019,0,0,None,36.2,0.0,20900
2019-03-29,Somnath,4,3,2019,0,0,None,39.0,0.0,24645
2019-03-29,Dwarka,4,3,2019,0,0,None,40.0,0.0,20515
2019-03-29,Ambaji,4,3,2019,0,0,None,33.8,0.0,32032
2019-03-29,Pavagadh,4,3,2019,0,0,None,40.8,0.0,19873
2019-03-30,Somnath,5,3,2019,1,0,None,42.1,0.0,31949
2019-03-30,Dwarka,5,3,2019,1,0,None,36.7,0.0,29879
2019-03-30,Ambaji,5,3,2019,1,0,None,34.5,0.0,48252
2019-03-30,Pavagadh,5,3,2019,1,0,None,40.7,0.0,27671
2019-03-31,Somnath,6,3,2019,1,0,None,35.3,0.0,30166
2019-03-31,Dwarka,6,3,2019,1,0,None,41.6,0.0,29114
2019-03-31,Ambaji,6,3,2019,1,0,None,35.7,0.0,50090
2019-03-31,Pavagadh,6,3,2019,1,0,None,35.6,0.0,28193
2019-04-01,Somnath,0,4,2019,0,0,None,42.0,0.0,22154
2019-04-01,Dwarka,0,4,2019,0,0,None,40.7,0.0,20985
2019-04-01,Ambaji,0,4,2019,0,0,None,41.5,0.0,32525
2019-04-01,Pavagadh,0,4,2019,0,0,None,39.9,0.0,18135
2019-04-02,Somnath,1,4,2019,0,0,None,40.9,0.0,26109
2019-04-02,Dwarka,1,4,2019,0,0,None,32.9,0.0,20077
2019-04-02,Ambaji,1,4,2019,0,0,None,37.7,0.0,32700
2019-04-02,Pavagadh,1,4,2019,0,0,None,36.1,1.0,19769
2019-04-03,Somnath,2,4,2019,0,0,None,40.8,1.0,27371
2019-04-03,Dwarka,2,4,2019,0,0,None,41.9,0.0,22118
2019-04-03,Ambaji,2,4,2019,0,0,None,41.2,0.0,34930
2019-04-03,Pavagadh,2,4,2019,0,0,None,40.4,0.0,18930
2019-04-04,Somnath,3,4,2019,0,0,None,42.6,0.0,23757
2019-04-04,Dwarka,3,4,2019,0,0,None,33.0,0.0,21453
2019-04-04,Ambaji,3,4,2019,0,0,None,35.8,0.0,32970
2019-04-04,Pavagadh,3,4,2019,0,0,None,33.9,0.0,21677
2019-04-05,Somnath,4,4,2019,0,0,None,37.6,0.0,23295
2019-04-05,Dwarka,4,4,2019,0,0,None,41.1,1.0,18654
2019-04-05,Ambaji,4,4,2019,0,0,None,38.6,0.0,34687
2019-04-05,Pavagadh,4,4,2019,0,0,None,38.9,0.0,21842
2019-04-06,Somnath,5,4,2019,1,0,None,33.8,5.0,35999
2019-04-06,Dwarka,5,4,2019,1,0,None,38.3,0.0,31011
2019-04-06,Ambaji,5,4,2019,1,0,None,33.4,0.0,46222
2019-04-06,Pavagadh,5,4,2019,1,0,None,42.3,0.0,24090
2019-04-07,Somnath,6,4,2019,1,0,None,35.4,0.0,30622
2019-04-07,Dwarka,6,4,2019,1,0,None,40.6,0.0,27375
2019-04-07,Ambaji,6,4,2019,1,0,None,41.5,0.0,45211
2019-04-07,Pavagadh,6,4,2019,1,0,None,40.2,0.0,26973
2019-04-08,Somnath,0,4,2019,0,0,None,36.8,1.0,25962
2019-04-08,Dwarka,0,4,2019,0,0,None,34.7,0.0,20813
2019-04-08,Ambaji,0,4,2019,0,0,None,34.9,0.0,36109
2019-04-08,Pavagadh,0,4,2019,0,0,None,33.3,0.0,20500
2019-04-09,Somnath,1,4,2019,0,0,None,35.2,0.0,22909
2019-04-09,Dwarka,1,4,2019,0,0,None,33.4,0.0,22694
2019-04-09,Ambaji,1,4,2019,0,0,None,32.7,0.0,33450
2019-04-09,Pavagadh,1,4,2019,0,0,None,38.4,0.0,19924
2019-04-10,Somnath,2,4,2019,0,0,None,35.5,0.0,26211
2019-04-10,Dwarka,2,4,2019,0,0,None,41.7,1.0,19732
2019-04-10,Ambaji,2,4,2019,0,0,None,40.0,1.0,33270
2019-04-10,Pavagadh,2,4,2019,0,0,None,40.2,0.0,20524
2019-04-11,Somnath,3,4,2019,0,0,None,35.9,0.0,26816
2019-04-11,Dwarka,3,4,2019,0,0,None,36.0,0.0,20316
2019-04-11,Ambaji,3,4,2019,0,0,None,36.6,0.0,32781
2019-04-11,Pavagadh,3,4,2019,0,0,None,41.8,0.0,19697
2019-04-12,Somnath,4,4,2019,0,0,None,42.0,0.0,23067
2019-04-12,Dwarka,4,4,2019,0,0,None,35.0,1.0,22919
2019-04-12,Ambaji,4,4,2019,0,0,None,40.6,0.0,35579
2019-04-12,Pavagadh,4,4,2019,0,0,None,41.0,0.0,18114
2019-04-13,Somnath,5,4,2019,1,0,None,42.3,0.0,30135
2019-04-13,Dwarka,5,4,2019,1,0,None,32.5,0.0,27912
2019-04-13,Ambaji,5,4,2019,1,0,None,40.4,0.0,46250
2019-04-13,Pavagadh,5,4,2019,1,0,None,32.2,0.0,29051
2019-04-14,Somnath,6,4,2019,1,0,None,40.9,0.0,36037
2019-04-14,Dwarka,6,4,2019,1,0,None,38.0,0.0,35530
2019-04-14,Ambaji,6,4,2019,1,0,None,38.3,0.0,54377
2019-04-14,Pavagadh,6,4,2019,1,0,None,36.5,0.0,29811
2019-04-15,Somnath,0,4,2019,0,0,None,37.3,0.0,26700
2019-04-15,Dwarka,0,4,2019,0,0,None,41.1,0.0,20116
2019-04-15,Ambaji,0,4,2019,0,0,None,33.3,0.0,34987
2019-04-15,Pavagadh,0,4,2019,0,0,None,33.4,0.0,18636
2019-04-16,Somnath,1,4,2019,0,0,None,40.3,0.0,23519
2019-04-16,Dwarka,1,4,2019,0,0,None,41.3,0.0,20398
2019-04-16,Ambaji,1,4,2019,0,0,None,40.0,0.0,33929
2019-04-16,Pavagadh,1,4,2019,0,0,None,41.3,0.0,19511
2019-04-17,Somnath,2,4,2019,0,0,None,36.8,0.0,23113
2019-04-17,Dwarka,2,4,2019,0,0,None,37.7,5.0,20835
2019-04-17,Ambaji,2,4,2019,0,0,None,39.9,0.0,36067
2019-04-17,Pavagadh,2,4,2019,0,0,None,34.3,0.0,21920
2019-04-18,Somnath,3,4,2019,0,0,None,34.1,0.0,25377
2019-04-18,Dwarka,3,4,2019,0,0,None,38.2,0.0,22009
2019-04-18,Ambaji,3,4,2019,0,0,None,32.2,1.0,37288
2019-04-18,Pavagadh,3,4,2019,0,0,None,33.9,0.0,21082
2019-04-19,Somnath,4,4,2019,0,0,None,42.8,1.0,21892
2019-04-19,Dwarka,4,4,2019,0,0,None,42.1,0.0,19117
2019-04-19,Ambaji,4,4,2019,0,0,None,37.1,0.0,33325
2019-04-19,Pavagadh,4,4,2019,0,0,None,32.3,0.0,19760
2019-04-20,Somnath,5,4,2019,1,0,None,35.1,0.0,35791
2019-04-20,Dwarka,5,4,2019,1,0,None,41.8,1.0,27077
2019-04-20,Ambaji,5,4,2019,1,0,None,33.4,5.0,48647
2019-04-20,Pavagadh,5,4,2019,1,0,None,40.6,1.0,30035
2019-04-21,Somnath,6,4,2019,1,0,None,37.1,0.0,35502
2019-04-21,Dwarka,6,4,2019,1,0,None,38.0,0.0,32577
2019-04-21,Ambaji,6,4,2019,1,0,None,41.6,0.0,41625
2019-04-21,Pavagadh,6,4,2019,1,0,None,41.6,0.0,23265
2019-04-22,Somnath,0,4,2019,0,0,None,42.7,0.0,22425
2019-04-22,Dwarka,0,4,2019,0,0,None,34.7,1.0,19847
2019-04-22,Ambaji,0,4,2019,0,0,None,32.1,0.0,34916
2019-04-22,Pavagadh,0,4,2019,0,0,None,33.8,0.0,19646
2019-04-23,Somnath,1,4,2019,0,0,None,41.8,0.0,24280
2019-04-23,Dwarka,1,4,2019,0,0,None,33.7,0.0,22167
2019-04-23,Ambaji,1,4,2019,0,0,None,34.6,0.0,33215
2019-04-23,Pavagadh,1,4,2019,0,0,None,39.2,0.0,18311
2019-04-24,Somnath,2,4,2019,0,0,None,37.8,0.0,22905
2019-04-24,Dwarka,2,4,2019,0,0,None,41.8,0.0,19328
2019-04-24,Ambaji,2,4,2019,0,0,None,42.9,0.0,31833
2019-04-24,Pavagadh,2,4,2019,0,0,None,32.3,1.0,20575
2019-04-25,Somnath,3,4,2019,0,0,None,33.0,0.0,22753
2019-04-25,Dwarka,3,4,2019,0,0,None,38.7,0.0,21998
2019-04-25,Ambaji,3,4,2019,0,0,None,35.4,0.0,35114
2019-04-25,Pavagadh,3,4,2019,0,0,None,32.2,0.0,18212
2019-04-26,Somnath,4,4,2019,0,0,None,41.9,0.0,22800
2019-04-26,Dwarka,4,4,2019,0,0,None,41.7,0.0,18603
2019-04-26,Ambaji,4,4,2019,0,0,None,40.1,1.0,33147
2019-04-26,Pavagadh,4,4,2019,0,0,None,33.9,0.0,21907
2019-04-27,Somnath,5,4,2019,1,0,None,40.2,0.0,33799
2019-04-27,Dwarka,5,4,2019,1,0,None,41.4,0.0,29767
2019-04-27,Ambaji,5,4,2019,1,0,None,39.2,1.0,52744
2019-04-27,Pavagadh,5,4,2019,1,0,None,40.9,0.0,27001
2019-04-28,Somnath,6,4,2019,1,0,None,40.5,1.0,35207
2019-04-28,Dwarka,6,4,2019,1,0,None,38.2,0.0,33079
2019-04-28,Ambaji,6,4,2019,1,0,None,41.0,0.0,46446
2019-04-28,Pavagadh,6,4,2019,1,0,None,39.5,0.0,28113
2019-04-29,Somnath,0,4,2019,0,0,None,40.8,0.0,25839
2019-04-29,Dwarka,0,4,2019,0,0,None,39.1,1.0,22938
2019-04-29,Ambaji,0,4,2019,0,0,None,40.8,1.0,36225
2019-04-29,Pavagadh,0,4,2019,0,0,None,35.2,0.0,20990
2019-04-30,Somnath,1,4,2019,0,0,None,36.7,0.0,26838
2019-04-30,Dwarka,1,4,2019,0,0,None,42.7,1.0,19111
2019-04-30,Ambaji,1,4,2019,0,0,None,33.2,0.0,37676
2019-04-30,Pavagadh,1,4,2019,0,0,None,36.0,0.0,20663
2019-05-01,Somnath,2,5,2019,0,0,None,40.6,0.0,24024
2019-05-01,Dwarka,2,5,2019,0,0,None,36.9,0.0,24124
2019-05-01,Ambaji,2,5,2019,0,0,None,41.2,0.0,31827
2019-05-01,Pavagadh,2,5,2019,0,0,None,40.6,0.0,21089
2019-05-02,Somnath,3,5,2019,0,0,None,37.0,0.0,23866
2019-05-02,Dwarka,3,5,2019,0,0,None,36.4,0.0,20121
2019-05-02,Ambaji,3,5,2019,0,0,None,39.3,0.0,36077
2019-05-02,Pavagadh,3,5,2019,0,0,None,40.4,0.0,20348
2019-05-03,Somnath,4,5,2019,0,0,None,42.4,0.0,23855
2019-05-03,Dwarka,4,5,2019,0,0,None,35.7,0.0,23831
2019-05-03,Ambaji,4,5,2019,0,0,None,32.1,0.0,33030
2019-05-03,Pavagadh,4,5,2019,0,0,None,37.0,0.0,21295
2019-05-04,Somnath,5,5,2019,1,0,None,41.8,1.0,31108
2019-05-04,Dwarka,5,5,2019,1,0,None,35.9,0.0,31878
2019-05-04,Ambaji,5,5,2019,1,0,None,41.0,0.0,46832
2019-05-04,Pavagadh,5,5,2019,1,0,None,36.8,0.0,29552
2019-05-05,Somnath,6,5,2019,1,0,None,41.7,0.0,29622
2019-05-05,Dwarka,6,5,2019,1,0,None,32.3,0.0,28910
2019-05-05,Ambaji,6,5,2019,1,0,None,42.8,0.0,42445
2019-05-05,Pavagadh,6,5,2019,1,0,None,35.7,0.0,27993
2019-05-06,Somnath,0,5,2019,0,0,None,38.5,0.0,22951
2019-05-06,Dwarka,0,5,2019,0,0,None,40.5,0.0,22744
2019-05-06,Ambaji,0,5,2019,0,0,None,35.6,0.0,33118
2019-05-06,Pavagadh,0,5,2019,0,0,None,42.8,0.0,18953
2019-05-07,Somnath,1,5,2019,0,0,None,34.4,0.0,22697
2019-05-07,Dwarka,1,5,2019,0,0,None,42.0,0.0,20742
2019-05-07,Ambaji,1,5,2019,0,0,None,38.4,5.0,33445
2019-05-07,Pavagadh,1,5,2019,0,0,None,40.6,0.0,21903
2019-05-08,Somnath,2,5,2019,0,0,None,41.1,5.0,21378
2019-05-08,Dwarka,2,5,2019,0,0,None,37.5,0.0,23207
2019-05-08,Ambaji,2,5,2019,0,0,None,32.0,0.0,33146
2019-05-08,Pavagadh,2,5,2019,0,0,None,41.6,0.0,17475
2019-05-09,Somnath,3,5,2019,0,0,None,35.9,1.0,23702
2019-05-09,Dwarka,3,5,2019,0,0,None,33.0,0.0,22020
2019-05-09,Ambaji,3,5,2019,0,0,None,39.1,0.0,36331
2019-05-09,Pavagadh,3,5,2019,0,0,None,32.7,0.0,21266
2019-05-10,Somnath,4,5,2019,0,0,None,42.8,1.0,21694
2019-05-10,Dwarka,4,5,2019,0,0,None,40.2,0.0,21181
2019-05-10,Ambaji,4,5,2019,0,0,None,33.3,0.0,35364
2019-05-10,Pavagadh,4,5,2019,0,0,None,34.3,0.0,20877
2019-05-11,Somnath,5,5,2019,1,0,None,32.2,1.0,34709
2019-05-11,Dwarka,5,5,2019,1,0,None,36.8,0.0,30780
2019-05-11,Ambaji,5,5,2019,1,0,None,41.4,0.0,38601
2019-05-11,Pavagadh,5,5,2019,1,0,None,33.3,0.0,30024
2019-05-12,Somnath,6,5,2019,1,0,None,40.2,0.0,34660
2019-05-12,Dwarka,6,5,2019,1,0,None,40.3,0.0,28455
2019-05-12,Ambaji,6,5,2019,1,0,None,42.7,0.0,42210
2019-05-12,Pavagadh,6,5,2019,1,0,None,37.4,0.0,28065
2019-05-13,Somnath,0,5,2019,0,0,None,40.6,0.0,23276
2019-05-13,Dwarka,0,5,2019,0,0,None,41.1,0.0,21217
2019-05-13,Ambaji,0,5,2019,0,0,None,37.0,0.0,32619
2019-05-13,Pavagadh,0,5,2019,0,0,None,37.2,0.0,21988
2019-05-14,Somnath,1,5,2019,0,0,None,40.7,0.0,26239
2019-05-14,Dwarka,1,5,2019,0,0,None,41.8,0.0,20316
2019-05-14,Ambaji,1,5,2019,0,0,None,42.1,0.0,33773
2019-05-14,Pavagadh,1,5,2019,0,0,None,43.0,0.0,17968
2019-05-15,Somnath,2,5,2019,0,0,None,36.0,0.0,23742
2019-05-15,Dwarka,2,5,2019,0,0,None,34.4,0.0,23787
2019-05-15,Ambaji,2,5,2019,0,0,None,42.0,0.0,28498
2019-05-15,Pavagadh,2,5,2019,0,0,None,34.8,0.0,19553
2019-05-16,Somnath,3,5,2019,0,0,None,38.5,0.0,25217
2019-05-16,Dwarka,3,5,2019,0,0,None,35.7,0.0,23436
2019-05-16,Ambaji,3,5,2019,0,0,None,35.8,0.0,33574
2019-05-16,Pavagadh,3,5,2019,0,0,None,33.5,0.0,18623
2019-05-17,Somnath,4,5,2019,0,0,None,37.1,0.0,26193
2019-05-17,Dwarka,4,5,2019,0,0,None,32.3,0.0,20545
2019-05-17,Ambaji,4,5,2019,0,0,None,32.0,0.0,36200
2019-05-17,Pavagadh,4,5,2019,0,0,None,33.1,0.0,20446
2019-05-18,Somnath,5,5,2019,1,0,None,37.2,0.0,35052
2019-05-18,Dwarka,5,5,2019,1,0,None,36.4,0.0,34658
2019-05-18,Ambaji,5,5,2019,1,0,None,41.3,0.0,50620
2019-05-18,Pavagadh,5,5,2019,1,0,None,42.8,0.0,28567
2019-05-19,Somnath,6,5,2019,1,0,None,41.7,0.0,30327
2019-05-19,Dwarka,6,5,2019,1,0,None,32.1,0.0,30217
2019-05-19,Ambaji,6,5,2019,1,0,None,36.4,1.0,51434
2019-05-19,Pavagadh,6,5,2019,1,0,None,41.9,0.0,26804
2019-05-20,Somnath,0,5,2019,0,0,None,35.6,0.0,23824
2019-05-20,Dwarka,0,5,2019,0,0,None,33.4,0.0,20952
2019-05-20,Ambaji,0,5,2019,0,0,None,39.0,1.0,36300
2019-05-20,Pavagadh,0,5,2019,0,0,None,42.2,0.0,18138
2019-05-21,Somnath,1,5,2019,0,0,None,35.6,0.0,27026
2019-05-21,Dwarka,1,5,2019,0,0,None,37.0,0.0,23287
2019-05-21,Ambaji,1,5,2019,0,0,None,35.1,0.0,37134
2019-05-21,Pavagadh,1,5,2019,0,0,None,37.7,0.0,21658
2019-05-22,Somnath,2,5,2019,0,0,None,38.0,0.0,23953
2019-05-22,Dwarka,2,5,2019,0,0,None,35.4,0.0,21775
2019-05-22,Ambaji,2,5,2019,0,0,None,33.8,0.0,34810
2019-05-22,Pavagadh,2,5,2019,0,0,None,37.1,0.0,19884
2019-05-23,Somnath,3,5,2019,0,0,None,33.6,0.0,27033
2019-05-23,Dwarka,3,5,2019,0,0,None,33.8,0.0,22412
2019-05-23,Ambaji,3,5,2019,0,0,None,40.2,0.0,38091
2019-05-23,Pavagadh,3,5,2019,0,0,None,38.8,0.0,18986
2019-05-24,Somnath,4,5,2019,0,0,None,40.1,0.0,24487
2019-05-24,Dwarka,4,5,2019,0,0,None,36.2,0.0,20210
2019-05-24,Ambaji,4,5,2019,0,0,None,40.1,0.0,32834
2019-05-24,Pavagadh,4,5,2019,0,0,None,39.3,0.0,21887
2019-05-25,Somnath,5,5,2019,1,0,None,41.6,0.0,32701
2019-05-25,Dwarka,5,5,2019,1,0,None,41.3,0.0,28732
2019-05-25,Ambaji,5,5,2019,1,0,None,32.3,0.0,48340
2019-05-25,Pavagadh,5,5,2019,1,0,None,40.5,0.0,25030
2019-05-26,Somnath,6,5,2019,1,0,None,38.9,0.0,32186
2019-05-26,Dwarka,6,5,2019,1,0,None,35.3,0.0,32641
2019-05-26,Ambaji,6,5,2019,1,0,None,38.3,0.0,45795
2019-05-26,Pavagadh,6,5,2019,1,0,None,38.7,0.0,30101
2019-05-27,Somnath,0,5,2019,0,0,None,39.2,0.0,25976
2019-05-27,Dwarka,0,5,2019,0,0,None,40.0,5.0,22850
2019-05-27,Ambaji,0,5,2019,0,0,None,39.6,0.0,37575
2019-05-27,Pavagadh,0,5,2019,0,0,None,43.0,0.0,16690
2019-05-28,Somnath,1,5,2019,0,0,None,40.0,0.0,26377
2019-05-28,Dwarka,1,5,2019,0,0,None,33.4,0.0,21101
2019-05-28,Ambaji,1,5,2019,0,0,None,40.4,0.0,36287
2019-05-28,Pavagadh,1,5,2019,0,0,None,35.2,0.0,20533
2019-05-29,Somnath,2,5,2019,0,0,None,33.2,0.0,27128
2019-05-29,Dwarka,2,5,2019,0,0,None,42.7,0.0,19880
2019-05-29,Ambaji,2,5,2019,0,0,None,41.9,0.0,29451
2019-05-29,Pavagadh,2,5,2019,0,0,None,35.7,0.0,19641
2019-05-30,Somnath,3,5,2019,0,0,None,39.5,0.0,27378
2019-05-30,Dwarka,3,5,2019,0,0,None,42.3,0.0,21628
2019-05-30,Ambaji,3,5,2019,0,0,None,41.9,0.0,29699
2019-05-30,Pavagadh,3,5,2019,0,0,None,36.8,0.0,19984
2019-05-31,Somnath,4,5,2019,0,0,None,39.3,0.0,25828
2019-05-31,Dwarka,4,5,2019,0,0,None,32.7,0.0,23931
2019-05-31,Ambaji,4,5,2019,0,0,None,38.8,0.0,32420
2019-05-31,Pavagadh,4,5,2019,0,0,None,40.8,0.0,19632
2019-06-01,Somnath,5,6,2019,1,0,None,35.6,0.0,34941
2019-06-01,Dwarka,5,6,2019,1,0,None,36.0,0.0,29601
2019-06-01,Ambaji,5,6,2019,1,0,None,35.7,0.0,48550
2019-06-01,Pavagadh,5,6,2019,1,0,None,39.1,0.0,27041
2019-06-02,Somnath,6,6,2019,1,0,None,34.4,0.0,31524
2019-06-02,Dwarka,6,6,2019,1,0,None,35.5,1.0,32987
2019-06-02,Ambaji,6,6,2019,1,0,None,32.5,0.0,52466
2019-06-02,Pavagadh,6,6,2019,1,0,None,34.1,0.0,30089
2019-06-03,Somnath,0,6,2019,0,0,None,32.7,0.0,26085
2019-06-03,Dwarka,0,6,2019,0,0,None,42.8,0.0,20116
2019-06-03,Ambaji,0,6,2019,0,0,None,40.4,0.0,37241
2019-06-03,Pavagadh,0,6,2019,0,0,None,41.9,0.0,18229
2019-06-04,Somnath,1,6,2019,0,0,None,34.8,0.0,24506
2019-06-04,Dwarka,1,6,2019,0,0,None,41.0,0.0,22756
2019-06-04,Ambaji,1,6,2019,0,0,None,32.0,0.0,33955
2019-06-04,Pavagadh,1,6,2019,0,0,None,32.9,0.0,21456
2019-06-05,Somnath,2,6,2019,0,0,None,40.3,0.0,25116
2019-06-05,Dwarka,2,6,2019,0,0,None,34.0,0.0,22070
2019-06-05,Ambaji,2,6,2019,0,0,None,40.1,0.0,33576
2019-06-05,Pavagadh,2,6,2019,0,0,None,42.2,0.0,20733
2019-06-06,Somnath,3,6,2019,0,0,None,37.8,0.0,26453
2019-06-06,Dwarka,3,6,2019,0,0,None,33.8,0.0,23253
2019-06-06,Ambaji,3,6,2019,0,0,None,36.8,0.0,36057
2019-06-06,Pavagadh,3,6,2019,0,0,None,40.1,0.0,19107
2019-06-07,Somnath,4,6,2019,0,0,None,34.4,0.0,26317
2019-06-07,Dwarka,4,6,2019,0,0,None,39.9,0.0,19827
2019-06-07,Ambaji,4,6,2019,0,0,None,33.6,0.0,33403
2019-06-07,Pavagadh,4,6,2019,0,0,None,33.6,0.0,18300
2019-06-08,Somnath,5,6,2019,1,0,None,40.3,0.0,32468
2019-06-08,Dwarka,5,6,2019,1,0,None,41.8,1.0,29001
2019-06-08,Ambaji,5,6,2019,1,0,None,37.9,0.0,48969
2019-06-08,Pavagadh,5,6,2019,1,0,None,36.4,1.0,27476
2019-06-09,Somnath,6,6,2019,1,0,None,38.4,0.0,32260
2019-06-09,Dwarka,6,6,2019,1,0,None,42.0,0.0,25577
2019-06-09,Ambaji,6,6,2019,1,0,None,38.0,0.0,45607
2019-06-09,Pavagadh,6,6,2019,1,0,None,33.6,0.0,28246
2019-06-10,Somnath,0,6,2019,0,0,None,33.6,0.0,24456
2019-06-10,Dwarka,0,6,2019,0,0,None,36.4,0.0,21997
2019-06-10,Ambaji,0,6,2019,0,0,None,40.0,0.0,35650
2019-06-10,Pavagadh,0,6,2019,0,0,None,40.4,0.0,20462
2019-06-11,Somnath,1,6,2019,0,0,None,40.7,1.0,24383
2019-06-11,Dwarka,1,6,2019,0,0,None,38.3,0.0,21378
2019-06-11,Ambaji,1,6,2019,0,0,None,36.5,0.0,35093
2019-06-11,Pavagadh,1,6,2019,0,0,None,40.0,0.0,19857
2019-06-12,Somnath,2,6,2019,0,0,None,41.9,0.0,21044
2019-06-12,Dwarka,2,6,2019,0,0,None,39.7,0.0,21823
2019-06-12,Ambaji,2,6,2019,0,0,None,39.4,0.0,36763
2019-06-12,Pavagadh,2,6,2019,0,0,None,33.7,0.0,20624
2019-06-13,Somnath,3,6,2019,0,0,None,41.1,0.0,22404
2019-06-13,Dwarka,3,6,2019,0,0,None,33.3,0.0,23605
2019-06-13,Ambaji,3,6,2019,0,0,None,41.4,1.0,30236
2019-06-13,Pavagadh,3,6,2019,0,0,None,39.1,0.0,20575
2019-06-14,Somnath,4,6,2019,0,0,None,40.5,0.0,23397
2019-06-14,Dwarka,4,6,2019,0,0,None,34.3,0.0,21341
2019-06-14,Ambaji,4,6,2019,0,0,None,33.0,0.0,35897
2019-06-14,Pavagadh,4,6,2019,0,0,None,41.8,0.0,16224
2019-06-15,Somnath,5,6,2019,1,0,None,34.1,1.0,33009
2019-06-15,Dwarka,5,6,2019,1,0,None,41.2,0.0,27912
2019-06-15,Ambaji,5,6,2019,1,0,None,37.6,0.0,52348
2019-06-15,Pavagadh,5,6,2019,1,0,None,34.4,0.0,30547
2019-06-16,Somnath,6,6,2019,1,0,None,40.6,0.0,34660
2019-06-16,Dwarka,6,6,2019,1,0,None,39.7,0.0,30714
2019-06-16,Ambaji,6,6,2019,1,0,None,35.7,0.0,50159
2019-06-16,Pavagadh,6,6,2019,1,0,None,40.8,0.0,31711
2019-06-17,Somnath,0,6,2019,0,0,None,38.9,0.0,23338
2019-06-17,Dwarka,0,6,2019,0,0,None,38.9,0.0,20995
2019-06-17,Ambaji,0,6,2019,0,0,None,40.1,0.0,37318
2019-06-17,Pavagadh,0,6,2019,0,0,None,35.4,0.0,19217
2019-06-18,Somnath,1,6,2019,0,0,None,40.1,0.0,25487
2019-06-18,Dwarka,1,6,2019,0,0,None,36.6,0.0,20583
2019-06-18,Ambaji,1,6,2019,0,0,None,32.9,0.0,37440
2019-06-18,Pavagadh,1,6,2019,0,0,None,32.2,0.0,19829
2019-06-19,Somnath,2,6,2019,0,0,None,40.1,0.0,23858
2019-06-19,Dwarka,2,6,2019,0,0,None,34.6,0.0,20789
2019-06-19,Ambaji,2,6,2019,0,0,None,35.9,0.0,35777
2019-06-19,Pavagadh,2,6,2019,0,0,None,32.9,0.0,19908
2019-06-20,Somnath,3,6,2019,0,0,None,42.3,0.0,24130
2019-06-20,Dwarka,3,6,2019,0,0,None,34.4,1.0,21961
2019-06-20,Ambaji,3,6,2019,0,0,None,39.5,0.0,33304
2019-06-20,Pavagadh,3,6,2019,0,0,None,38.4,0.0,19998
2019-06-21,Somnath,4,6,2019,0,0,None,36.1,0.0,24935
2019-06-21,Dwarka,4,6,2019,0,0,None,32.1,0.0,21657
2019-06-21,Ambaji,4,6,2019,0,0,None,35.8,0.0,33042
2019-06-21,Pavagadh,4,6,2019,0,0,None,34.5,1.0,19730
2019-06-22,Somnath,5,6,2019,1,0,None,32.5,0.0,33479
2019-06-22,Dwarka,5,6,2019,1,0,None,34.1,0.0,32065
2019-06-22,Ambaji,5,6,2019,1,0,None,35.5,0.0,49875
2019-06-22,Pavagadh,5,6,2019,1,0,None,40.7,0.0,27664
2019-06-23,Somnath,6,6,2019,1,0,None,42.6,0.0,32025
2019-06-23,Dwarka,6,6,2019,1,0,None,42.0,0.0,30522
2019-06-23,Ambaji,6,6,2019,1,0,None,36.9,0.0,49093
2019-06-23,Pavagadh,6,6,2019,1,0,None,32.2,0.0,31373
2019-06-24,Somnath,0,6,2019,0,0,None,33.2,0.0,23403
2019-06-24,Dwarka,0,6,2019,0,0,None,40.2,0.0,20855
2019-06-24,Ambaji,0,6,2019,0,0,None,34.2,0.0,37612
2019-06-24,Pavagadh,0,6,2019,0,0,None,37.6,0.0,20253
2019-06-25,Somnath,1,6,2019,0,0,None,40.8,0.0,22863
2019-06-25,Dwarka,1,6,2019,0,0,None,34.1,0.0,22403
2019-06-25,Ambaji,1,6,2019,0,0,None,37.9,0.0,33825
2019-06-25,Pavagadh,1,6,2019,0,0,None,42.6,0.0,19106
2019-06-26,Somnath,2,6,2019,0,0,None,33.4,0.0,27242
2019-06-26,Dwarka,2,6,2019,0,0,None,36.6,0.0,20928
2019-06-26,Ambaji,2,6,2019,0,0,None,38.3,0.0,37944
2019-06-26,Pavagadh,2,6,2019,0,0,None,37.3,0.0,18011
2019-06-27,Somnath,3,6,2019,0,0,None,34.8,0.0,22967
2019-06-27,Dwarka,3,6,2019,0,0,None,35.1,0.0,24062
2019-06-27,Ambaji,3,6,2019,0,0,None,39.4,0.0,38416
2019-06-27,Pavagadh,3,6,2019,0,0,None,33.7,0.0,20588
2019-06-28,Somnath,4,6,2019,0,0,None,32.6,0.0,22999
2019-06-28,Dwarka,4,6,2019,0,0,None,33.5,0.0,23887
2019-06-28,Ambaji,4,6,2019,0,0,None,39.5,0.0,35388
2019-06-28,Pavagadh,4,6,2019,0,0,None,35.2,0.0,19640
2019-06-29,Somnath,5,6,2019,1,0,None,33.6,0.0,31097
2019-06-29,Dwarka,5,6,2019,1,0,None,41.0,0.0,30863
2019-06-29,Ambaji,5,6,2019,1,0,None,36.4,0.0,50783
2019-06-29,Pavagadh,5,6,2019,1,0,None,42.7,1.0,25994
2019-06-30,Somnath,6,6,2019,1,0,None,37.6,0.0,38203
2019-06-30,Dwarka,6,6,2019,1,0,None,40.6,0.0,28474
2019-06-30,Ambaji,6,6,2019,1,0,None,34.6,0.0,48216
2019-06-30,Pavagadh,6,6,2019,1,0,None,38.2,0.0,24949
2019-07-01,Somnath,0,7,2019,0,0,None,31.4,0.0,26633
2019-07-01,Dwarka,0,7,2019,0,0,None,32.0,0.0,19867
2019-07-01,Ambaji,0,7,2019,0,0,None,27.4,0.0,37160
2019-07-01,Pavagadh,0,7,2019,0,0,None,29.4,0.2,18083
2019-07-02,Somnath,1,7,2019,0,0,None,29.7,75.8,20017
2019-07-02,Dwarka,1,7,2019,0,0,None,26.9,1.3,23173
2019-07-02,Ambaji,1,7,2019,0,0,None,29.5,28.3,22089
2019-07-02,Pavagadh,1,7,2019,0,0,None,31.5,0.0,18311
2019-07-03,Somnath,2,7,2019,0,0,None,26.7,0.0,24938
2019-07-03,Dwarka,2,7,2019,0,0,None,27.4,0.0,20962
2019-07-03,Ambaji,2,7,2019,0,0,None,30.4,0.0,36989
2019-07-03,Pavagadh,2,7,2019,0,0,None,27.6,8.0,19965
2019-07-04,Somnath,3,7,2019,0,0,None,27.0,10.7,25158
2019-07-04,Dwarka,3,7,2019,0,0,None,30.9,3.9,22717
2019-07-04,Ambaji,3,7,2019,0,0,None,30.8,15.5,32528
2019-07-04,Pavagadh,3,7,2019,0,0,None,28.1,0.0,21645
2019-07-05,Somnath,4,7,2019,0,0,None,29.5,0.0,26770
2019-07-05,Dwarka,4,7,2019,0,0,None,31.8,12.4,21628
2019-07-05,Ambaji,4,7,2019,0,0,None,26.4,23.5,23430
2019-07-05,Pavagadh,4,7,2019,0,0,None,26.3,1.7,18802
2019-07-06,Somnath,5,7,2019,1,0,None,31.4,21.3,26890
2019-07-06,Dwarka,5,7,2019,1,0,None,26.8,1.0,34429
2019-07-06,Ambaji,5,7,2019,1,0,None,31.0,0.0,55072
2019-07-06,Pavagadh,5,7,2019,1,0,None,29.5,7.8,27411
2019-07-07,Somnath,6,7,2019,1,0,None,26.3,0.0,35620
2019-07-07,Dwarka,6,7,2019,1,0,None,30.4,18.0,30558
2019-07-07,Ambaji,6,7,2019,1,0,None,30.6,0.0,42917
2019-07-07,Pavagadh,6,7,2019,1,0,None,27.2,1.0,28210
2019-07-08,Somnath,0,7,2019,0,0,None,31.3,9.1,25695
2019-07-08,Dwarka,0,7,2019,0,0,None,31.3,7.0,23614
2019-07-08,Ambaji,0,7,2019,0,0,None,27.9,8.8,36995
2019-07-08,Pavagadh,0,7,2019,0,0,None,26.2,13.5,21714
2019-07-09,Somnath,1,7,2019,0,0,None,27.7,8.7,24284
2019-07-09,Dwarka,1,7,2019,0,0,None,30.4,0.0,23139
2019-07-09,Ambaji,1,7,2019,0,0,None,30.9,0.0,34516
2019-07-09,Pavagadh,1,7,2019,0,0,None,31.9,18.8,20136
2019-07-10,Somnath,2,7,2019,0,0,None,30.9,23.0,22054
2019-07-10,Dwarka,2,7,2019,0,0,None,30.7,3.4,24086
2019-07-10,Ambaji,2,7,2019,0,0,None,30.2,6.9,31810
2019-07-10,Pavagadh,2,7,2019,0,0,None,28.2,3.6,18692
2019-07-11,Somnath,3,7,2019,0,0,None,29.1,4.1,25436
2019-07-11,Dwarka,3,7,2019,0,0,None,31.4,29.2,17028
2019-07-11,Ambaji,3,7,2019,0,0,None,26.6,13.3,34481
2019-07-11,Pavagadh,3,7,2019,0,0,None,28.0,0.0,18008
2019-07-12,Somnath,4,7,2019,0,0,None,31.8,37.4,18026
2019-07-12,Dwarka,4,7,2019,0,0,None,27.4,0.0,19820
2019-07-12,Ambaji,4,7,2019,0,0,None,29.8,0.0,36205
2019-07-12,Pavagadh,4,7,2019,0,0,None,28.2,0.0,21574
2019-07-13,Somnath,5,7,2019,1,0,None,28.6,51.4,31808
2019-07-13,Dwarka,5,7,2019,1,0,None,27.8,2.7,30446
2019-07-13,Ambaji,5,7,2019,1,0,None,29.1,7.7,52801
2019-07-13,Pavagadh,5,7,2019,1,0,None,31.1,36.8,17960
2019-07-14,Somnath,6,7,2019,1,0,None,28.3,0.0,32391
2019-07-14,Dwarka,6,7,2019,1,0,None,29.4,0.0,33271
2019-07-14,Ambaji,6,7,2019,1,0,None,31.5,7.7,50183
2019-07-14,Pavagadh,6,7,2019,1,0,None,26.6,0.0,28649
2019-07-15,Somnath,0,7,2019,0,0,None,29.7,10.3,27154
2019-07-15,Dwarka,0,7,2019,0,0,None,31.4,11.4,22868
2019-07-15,Ambaji,0,7,2019,0,0,None,28.0,10.6,35711
2019-07-15,Pavagadh,0,7,2019,0,0,None,26.0,3.5,19392
2019-07-16,Somnath,1,7,2019,0,0,None,29.2,4.8,26846
2019-07-16,Dwarka,1,7,2019,0,0,None,26.9,45.8,18651
2019-07-16,Ambaji,1,7,2019,0,0,None,28.6,15.6,35923
2019-07-16,Pavagadh,1,7,2019,0,0,None,26.7,37.0,10532
2019-07-17,Somnath,2,7,2019,0,0,None,28.8,0.0,26622
2019-07-17,Dwarka,2,7,2019,0,0,None,30.6,1.1,21337
2019-07-17,Ambaji,2,7,2019,0,0,None,30.1,0.0,38255
2019-07-17,Pavagadh,2,7,2019,0,0,None,28.7,0.0,20156
2019-07-18,Somnath,3,7,2019,0,0,None,26.9,11.8,27253
2019-07-18,Dwarka,3,7,2019,0,0,None,28.2,0.0,22186
2019-07-18,Ambaji,3,7,2019,0,0,None,27.5,2.3,34670
2019-07-18,Pavagadh,3,7,2019,0,0,None,26.1,66.9,12634
2019-07-19,Somnath,4,7,2019,0,0,None,26.7,5.1,26970
2019-07-19,Dwarka,4,7,2019,0,0,None,27.1,13.3,22061
2019-07-19,Ambaji,4,7,2019,0,0,None,31.0,7.1,37044
2019-07-19,Pavagadh,4,7,2019,0,0,None,29.2,0.4,21013
2019-07-20,Somnath,5,7,2019,1,0,None,31.8,0.0,36906
2019-07-20,Dwarka,5,7,2019,1,0,None,27.4,15.9,32505
2019-07-20,Ambaji,5,7,2019,1,0,None,30.2,0.0,48357
2019-07-20,Pavagadh,5,7,2019,1,0,None,27.7,30.9,18593
2019-07-21,Somnath,6,7,2019,1,0,None,29.6,3.8,30833
2019-07-21,Dwarka,6,7,2019,1,0,None,28.9,19.0,28418
2019-07-21,Ambaji,6,7,2019,1,0,None,29.3,0.0,50282
2019-07-21,Pavagadh,6,7,2019,1,0,None,30.7,0.0,27820
2019-07-22,Somnath,0,7,2019,0,0,None,31.2,42.5,21113
2019-07-22,Dwarka,0,7,2019,0,0,None,31.8,55.0,15749
2019-07-22,Ambaji,0,7,2019,0,0,None,28.7,0.0,34919
2019-07-22,Pavagadh,0,7,2019,0,0,None,29.3,0.0,21873
2019-07-23,Somnath,1,7,2019,0,0,None,30.7,5.4,22988
2019-07-23,Dwarka,1,7,2019,0,0,None,29.9,4.5,23707
2019-07-23,Ambaji,1,7,2019,0,0,None,28.0,7.6,32018
2019-07-23,Pavagadh,1,7,2019,0,0,None,28.2,33.9,10708
2019-07-24,Somnath,2,7,2019,0,0,None,30.7,0.0,26491
2019-07-24,Dwarka,2,7,2019,0,0,None,31.7,0.0,21593
2019-07-24,Ambaji,2,7,2019,0,0,None,30.9,4.9,33620
2019-07-24,Pavagadh,2,7,2019,0,0,None,27.3,3.1,18252
2019-07-25,Somnath,3,7,2019,0,0,None,31.3,0.0,25433
2019-07-25,Dwarka,3,7,2019,0,0,None,31.0,34.8,16089
2019-07-25,Ambaji,3,7,2019,0,0,None,26.8,0.7,33665
2019-07-25,Pavagadh,3,7,2019,0,0,None,26.4,4.6,21977
2019-07-26,Somnath,4,7,2019,0,0,None,27.4,17.4,26796
2019-07-26,Dwarka,4,7,2019,0,0,None,28.3,0.0,21296
2019-07-26,Ambaji,4,7,2019,0,0,None,27.2,14.1,34070
2019-07-26,Pavagadh,4,7,2019,0,0,None,30.0,18.1,19389
2019-07-27,Somnath,5,7,2019,1,0,None,28.7,17.4,35957
2019-07-27,Dwarka,5,7,2019,1,0,None,30.3,55.3,23352
2019-07-27,Ambaji,5,7,2019,1,0,None,29.2,8.4,50488
2019-07-27,Pavagadh,5,7,2019,1,0,None,27.2,0.0,26998
2019-07-28,Somnath,6,7,2019,1,0,None,30.6,0.0,33265
2019-07-28,Dwarka,6,7,2019,1,0,None,27.8,6.1,32300
2019-07-28,Ambaji,6,7,2019,1,0,None,26.9,3.8,48386
2019-07-28,Pavagadh,6,7,2019,1,0,None,29.0,0.0,29145
2019-07-29,Somnath,0,7,2019,0,0,None,28.1,17.3,26527
2019-07-29,Dwarka,0,7,2019,0,0,None,28.3,0.0,23688
2019-07-29,Ambaji,0,7,2019,0,0,None,30.6,26.3,22296
2019-07-29,Pavagadh,0,7,2019,0,0,None,30.6,0.0,19724
2019-07-30,Somnath,1,7,2019,0,0,None,26.4,0.7,23971
2019-07-30,Dwarka,1,7,2019,0,0,None,29.5,17.3,23416
2019-07-30,Ambaji,1,7,2019,0,0,None,28.5,0.0,32058
2019-07-30,Pavagadh,1,7,2019,0,0,None,31.0,0.0,19287
2019-07-31,Somnath,2,7,2019,0,0,None,27.8,25.0,20119
2019-07-31,Dwarka,2,7,2019,0,0,None,29.6,9.5,24194
2019-07-31,Ambaji,2,7,2019,0,0,None,27.0,0.0,37269
2019-07-31,Pavagadh,2,7,2019,0,0,None,31.8,3.6,18067
2019-08-01,Somnath,3,8,2019,0,0,None,30.3,0.0,23390
2019-08-01,Dwarka,3,8,2019,0,0,None,30.7,2.2,21659
2019-08-01,Ambaji,3,8,2019,0,0,None,26.5,7.0,37463
2019-08-01,Pavagadh,3,8,2019,0,0,None,30.8,19.3,20274
2019-08-02,Somnath,4,8,2019,0,0,None,28.0,0.0,25917
2019-08-02,Dwarka,4,8,2019,0,0,None,29.7,0.0,22805
2019-08-02,Ambaji,4,8,2019,0,0,None,28.3,0.0,32636
2019-08-02,Pavagadh,4,8,2019,0,0,None,31.3,2.0,20400
2019-08-03,Somnath,5,8,2019,1,0,None,28.3,0.0,35822
2019-08-03,Dwarka,5,8,2019,1,0,None,27.8,7.4,32251
2019-08-03,Ambaji,5,8,2019,1,0,None,29.5,0.0,54681
2019-08-03,Pavagadh,5,8,2019,1,0,None,26.7,5.6,26683
2019-08-04,Somnath,6,8,2019,1,0,None,29.1,20.5,28909
2019-08-04,Dwarka,6,8,2019,1,0,None,28.0,2.9,31326
2019-08-04,Ambaji,6,8,2019,1,0,None,27.4,0.0,45779
2019-08-04,Pavagadh,6,8,2019,1,0,None,28.4,0.0,27225
2019-08-05,Somnath,0,8,2019,0,0,None,27.5,1.6,26586
2019-08-05,Dwarka,0,8,2019,0,0,None,26.5,0.7,23238
2019-08-05,Ambaji,0,8,2019,0,0,None,26.2,12.8,34366
2019-08-05,Pavagadh,0,8,2019,0,0,None,27.7,24.0,12529
2019-08-06,Somnath,1,8,2019,0,0,None,26.2,21.4,21272
2019-08-06,Dwarka,1,8,2019,0,0,None,30.2,0.0,23697
2019-08-06,Ambaji,1,8,2019,0,0,None,30.7,5.5,35049
2019-08-06,Pavagadh,1,8,2019,0,0,None,29.0,0.0,18744
2019-08-07,Somnath,2,8,2019,0,0,None,29.9,14.5,23698
2019-08-07,Dwarka,2,8,2019,0,0,None,28.6,31.2,16606
2019-08-07,Ambaji,2,8,2019,0,0,None,26.2,0.0,33002
2019-08-07,Pavagadh,2,8,2019,0,0,None,31.9,5.1,20630
2019-08-08,Somnath,3,8,2019,0,0,None,27.7,0.0,24041
2019-08-08,Dwarka,3,8,2019,0,0,None,31.9,0.0,23515
2019-08-08,Ambaji,3,8,2019,0,0,None,26.4,20.1,19658
2019-08-08,Pavagadh,3,8,2019,0,0,None,28.1,14.3,19378
2019-08-09,Somnath,4,8,2019,0,0,None,27.9,7.9,23477
2019-08-09,Dwarka,4,8,2019,0,0,None,31.8,36.7,17016
2019-08-09,Ambaji,4,8,2019,0,0,None,27.4,0.0,36298
2019-08-09,Pavagadh,4,8,2019,0,0,None,28.8,37.6,12762
2019-08-10,Somnath,5,8,2019,1,0,None,29.7,5.8,32597
2019-08-10,Dwarka,5,8,2019,1,0,None,30.9,13.1,30640
2019-08-10,Ambaji,5,8,2019,1,0,None,27.1,0.0,44372
2019-08-10,Pavagadh,5,8,2019,1,0,None,28.3,31.1,16080
2019-08-11,Somnath,6,8,2019,1,0,None,31.7,3.5,40725
2019-08-11,Dwarka,6,8,2019,1,0,None,27.1,8.2,29711
2019-08-11,Ambaji,6,8,2019,1,0,None,26.5,10.0,51440
2019-08-11,Pavagadh,6,8,2019,1,0,None,28.1,0.0,27426
2019-08-12,Somnath,0,8,2019,0,0,None,28.3,10.8,24694
2019-08-12,Dwarka,0,8,2019,0,0,None,27.6,5.6,22038
2019-08-12,Ambaji,0,8,2019,0,0,None,26.3,44.2,18573
2019-08-12,Pavagadh,0,8,2019,0,0,None,30.2,20.1,12620
2019-08-13,Somnath,1,8,2019,0,0,None,30.4,19.5,23183
2019-08-13,Dwarka,1,8,2019,0,0,None,28.0,0.0,22012
2019-08-13,Ambaji,1,8,2019,0,0,None,31.8,9.7,31936
2019-08-13,Pavagadh,1,8,2019,0,0,None,29.8,2.9,19035
2019-08-14,Somnath,2,8,2019,0,0,None,30.5,28.1,17306
2019-08-14,Dwarka,2,8,2019,0,0,None,28.4,0.0,20285
2019-08-14,Ambaji,2,8,2019,0,0,None,26.6,0.0,33685
2019-08-14,Pavagadh,2,8,2019,0,0,None,30.3,9.2,19061
2019-08-15,Somnath,3,8,2019,0,1,None,28.7,0.0,40843
2019-08-15,Dwarka,3,8,2019,0,1,None,31.6,4.1,35696
2019-08-15,Ambaji,3,8,2019,0,1,None,26.3,0.0,55551
2019-08-15,Pavagadh,3,8,2019,0,1,None,30.8,0.0,33401
2019-08-16,Somnath,4,8,2019,0,0,None,27.5,50.6,18415
2019-08-16,Dwarka,4,8,2019,0,0,None,27.3,44.9,17137
2019-08-16,Ambaji,4,8,2019,0,0,None,29.8,0.0,35678
2019-08-16,Pavagadh,4,8,2019,0,0,None,27.0,0.0,19720
2019-08-17,Somnath,5,8,2019,1,0,None,26.1,68.0,26651
2019-08-17,Dwarka,5,8,2019,1,0,None,30.4,4.8,31689
2019-08-17,Ambaji,5,8,2019,1,0,None,30.7,0.0,53750
2019-08-17,Pavagadh,5,8,2019,1,0,None,28.7,2.6,28774
2019-08-18,Somnath,6,8,2019,1,0,None,26.3,1.7,33604
2019-08-18,Dwarka,6,8,2019,1,0,None,27.0,21.5,22332
2019-08-18,Ambaji,6,8,2019,1,0,None,31.6,89.9,29191
2019-08-18,Pavagadh,6,8,2019,1,0,None,29.3,33.8,19240
2019-08-19,Somnath,0,8,2019,0,0,None,29.1,7.3,24843
2019-08-19,Dwarka,0,8,2019,0,0,None,29.8,0.0,22421
2019-08-19,Ambaji,0,8,2019,0,0,None,31.1,0.0,35131
2019-08-19,Pavagadh,0,8,2019,0,0,None,28.1,0.0,19783
2019-08-20,Somnath,1,8,2019,0,0,None,26.5,76.9,19613
2019-08-20,Dwarka,1,8,2019,0,0,None,31.0,0.0,22306
2019-08-20,Ambaji,1,8,2019,0,0,None,30.2,1.4,38236
2019-08-20,Pavagadh,1,8,2019,0,0,None,28.6,0.0,20125
2019-08-21,Somnath,2,8,2019,0,0,None,26.3,0.0,26462
2019-08-21,Dwarka,2,8,2019,0,0,None,26.9,0.0,23042
2019-08-21,Ambaji,2,8,2019,0,0,None,28.8,0.0,32247
2019-08-21,Pavagadh,2,8,2019,0,0,None,29.4,11.8,20210
2019-08-22,Somnath,3,8,2019,0,0,None,31.2,0.0,23747
2019-08-22,Dwarka,3,8,2019,0,0,None,31.3,14.0,20543
2019-08-22,Ambaji,3,8,2019,0,0,None,31.1,0.0,36924
2019-08-22,Pavagadh,3,8,2019,0,0,None,31.6,29.6,10695
2019-08-23,Somnath,4,8,2019,0,0,None,30.0,0.0,23934
2019-08-23,Dwarka,4,8,2019,0,0,Janmashtami,26.2,7.7,214402
2019-08-23,Ambaji,4,8,2019,0,0,None,28.3,0.0,36849
2019-08-23,Pavagadh,4,8,2019,0,0,None,27.9,0.0,20582
2019-08-24,Somnath,5,8,2019,1,0,None,28.7,7.9,32901
2019-08-24,Dwarka,5,8,2019,1,0,None,29.2,21.5,25184
2019-08-24,Ambaji,5,8,2019,1,0,None,31.8,34.7,31467
2019-08-24,Pavagadh,5,8,2019,1,0,None,26.5,0.0,26761
2019-08-25,Somnath,6,8,2019,1,0,None,28.0,14.1,36729
2019-08-25,Dwarka,6,8,2019,1,0,None,31.9,2.6,30708
2019-08-25,Ambaji,6,8,2019,1,0,None,26.3,2.4,50958
2019-08-25,Pavagadh,6,8,2019,1,0,None,28.8,4.4,25105
2019-08-26,Somnath,0,8,2019,0,0,None,29.5,0.0,22810
2019-08-26,Dwarka,0,8,2019,0,0,None,28.4,6.1,22254
2019-08-26,Ambaji,0,8,2019,0,0,None,28.1,24.0,18788
2019-08-26,Pavagadh,0,8,2019,0,0,None,29.0,19.5,20204
2019-08-27,Somnath,1,8,2019,0,0,None,28.9,0.0,26511
2019-08-27,Dwarka,1,8,2019,0,0,None,31.8,0.0,23647
2019-08-27,Ambaji,1,8,2019,0,0,None,26.0,3.6,32159
2019-08-27,Pavagadh,1,8,2019,0,0,None,29.2,0.0,19649
2019-08-28,Somnath,2,8,2019,0,0,None,30.0,8.6,23951
2019-08-28,Dwarka,2,8,2019,0,0,None,28.3,15.6,20310
2019-08-28,Ambaji,2,8,2019,0,0,None,26.6,0.0,35324
2019-08-28,Pavagadh,2,8,2019,0,0,None,28.6,7.9,21158
2019-08-29,Somnath,3,8,2019,0,0,None,31.3,0.0,22799
2019-08-29,Dwarka,3,8,2019,0,0,None,30.0,5.7,20661
2019-08-29,Ambaji,3,8,2019,0,0,None,30.7,0.0,35782
2019-08-29,Pavagadh,3,8,2019,0,0,None,30.0,8.8,20533
2019-08-30,Somnath,4,8,2019,0,0,None,29.8,0.0,23935
2019-08-30,Dwarka,4,8,2019,0,0,None,30.6,16.6,21805
2019-08-30,Ambaji,4,8,2019,0,0,None,31.7,16.9,35535
2019-08-30,Pavagadh,4,8,2019,0,0,None,27.0,24.1,9815
2019-08-31,Somnath,5,8,2019,1,0,None,31.9,0.0,34366
2019-08-31,Dwarka,5,8,2019,1,0,None,29.2,0.0,33919
2019-08-31,Ambaji,5,8,2019,1,0,None,27.3,0.0,41834
2019-08-31,Pavagadh,5,8,2019,1,0,None,30.3,13.0,28656
2019-09-01,Somnath,6,9,2019,1,0,None,26.3,0.0,38761
2019-09-01,Dwarka,6,9,2019,1,0,None,29.5,0.2,29953
2019-09-01,Ambaji,6,9,2019,1,0,None,31.1,11.3,53615
2019-09-01,Pavagadh,6,9,2019,1,0,None,29.9,0.0,32604
2019-09-02,Somnath,0,9,2019,0,0,None,30.9,0.0,25816
2019-09-02,Dwarka,0,9,2019,0,0,None,26.6,0.1,20404
2019-09-02,Ambaji,0,9,2019,0,0,None,28.6,34.8,19868
2019-09-02,Pavagadh,0,9,2019,0,0,None,27.5,0.0,21212
2019-09-03,Somnath,1,9,2019,0,0,None,31.7,0.0,27381
2019-09-03,Dwarka,1,9,2019,0,0,None,28.5,21.3,18209
2019-09-03,Ambaji,1,9,2019,0,0,None,29.2,0.0,33431
2019-09-03,Pavagadh,1,9,2019,0,0,None,29.0,43.0,11743
2019-09-04,Somnath,2,9,2019,0,0,None,30.8,0.0,26434
2019-09-04,Dwarka,2,9,2019,0,0,None,29.6,3.2,23611
2019-09-04,Ambaji,2,9,2019,0,0,None,30.4,14.3,34632
2019-09-04,Pavagadh,2,9,2019,0,0,None,27.0,5.0,18384
2019-09-05,Somnath,3,9,2019,0,0,None,28.8,0.7,24510
2019-09-05,Dwarka,3,9,2019,0,0,None,27.5,2.0,20411
2019-09-05,Ambaji,3,9,2019,0,0,None,27.1,0.0,34576
2019-09-05,Pavagadh,3,9,2019,0,0,None,26.9,5.3,21192
2019-09-06,Somnath,4,9,2019,0,0,None,28.2,7.8,25276
2019-09-06,Dwarka,4,9,2019,0,0,None,26.2,0.0,21538
2019-09-06,Ambaji,4,9,2019,0,0,None,26.1,0.0,36486
2019-09-06,Pavagadh,4,9,2019,0,0,None,29.8,11.3,19548
2019-09-07,Somnath,5,9,2019,1,0,None,30.2,1.3,37052
2019-09-07,Dwarka,5,9,2019,1,0,None,28.2,0.0,30210
2019-09-07,Ambaji,5,9,2019,1,0,Bhadarvi Poonam,31.4,19.3,343638
2019-09-07,Pavagadh,5,9,2019,1,0,None,31.5,4.5,29419
2019-09-08,Somnath,6,9,2019,1,0,None,31.6,29.9,29180
2019-09-08,Dwarka,6,9,2019,1,0,None,26.0,2.4,31000
2019-09-08,Ambaji,6,9,2019,1,0,Bhadarvi Poonam,27.3,0.0,355678
2019-09-08,Pavagadh,6,9,2019,1,0,None,31.4,0.0,32146
2019-09-09,Somnath,0,9,2019,0,0,None,26.8,24.4,21265
2019-09-09,Dwarka,0,9,2019,0,0,None,28.2,0.0,21144
2019-09-09,Ambaji,0,9,2019,0,0,Bhadarvi Poonam,27.4,3.7,379472
2019-09-09,Pavagadh,0,9,2019,0,0,None,31.0,0.0,21225
2019-09-10,Somnath,1,9,2019,0,0,None,28.1,0.0,27114
2019-09-10,Dwarka,1,9,2019,0,0,None,31.7,0.0,20730
2019-09-10,Ambaji,1,9,2019,0,0,Bhadarvi Poonam,26.2,50.5,215039
2019-09-10,Pavagadh,1,9,2019,0,0,None,30.0,4.3,19745
2019-09-11,Somnath,2,9,2019,0,0,None,29.8,21.7,20909
2019-09-11,Dwarka,2,9,2019,0,0,None,26.6,0.0,21090
2019-09-11,Ambaji,2,9,2019,0,0,Bhadarvi Poonam,30.8,16.4,371417
2019-09-11,Pavagadh,2,9,2019,0,0,None,26.1,0.0,20585
2019-09-12,Somnath,3,9,2019,0,0,None,27.8,0.6,23462
2019-09-12,Dwarka,3,9,2019,0,0,None,28.5,0.0,21910
2019-09-12,Ambaji,3,9,2019,0,0,Bhadarvi Poonam,29.5,0.0,336209
2019-09-12,Pavagadh,3,9,2019,0,0,None,31.2,6.6,21919
2019-09-13,Somnath,4,9,2019,0,0,None,31.9,1.0,23854
2019-09-13,Dwarka,4,9,2019,0,0,None,28.4,14.5,23757
2019-09-13,Ambaji,4,9,2019,0,0,Bhadarvi Poonam,28.0,0.0,266232
2019-09-13,Pavagadh,4,9,2019,0,0,None,29.0,7.5,21587
2019-09-14,Somnath,5,9,2019,1,0,None,27.4,0.0,30916
2019-09-14,Dwarka,5,9,2019,1,0,None,29.3,0.0,31114
2019-09-14,Ambaji,5,9,2019,1,0,None,31.4,0.0,49044
2019-09-14,Pavagadh,5,9,2019,1,0,None,29.0,0.0,25896
2019-09-15,Somnath,6,9,2019,1,0,None,29.4,10.9,39807
2019-09-15,Dwarka,6,9,2019,1,0,None,28.7,10.9,33668
2019-09-15,Ambaji,6,9,2019,1,0,None,29.9,11.4,51285
2019-09-15,Pavagadh,6,9,2019,1,0,None,29.5,0.5,26954
2019-09-16,Somnath,0,9,2019,0,0,None,26.4,0.0,24220
2019-09-16,Dwarka,0,9,2019,0,0,None,31.5,0.9,21922
2019-09-16,Ambaji,0,9,2019,0,0,None,27.1,0.0,31572
2019-09-16,Pavagadh,0,9,2019,0,0,None,28.5,0.0,19537
2019-09-17,Somnath,1,9,2019,0,0,None,26.6,10.3,23425
2019-09-17,Dwarka,1,9,2019,0,0,None,28.8,0.0,23639
2019-09-17,Ambaji,1,9,2019,0,0,None,26.3,4.8,35664
2019-09-17,Pavagadh,1,9,2019,0,0,None,28.2,0.0,20866
2019-09-18,Somnath,2,9,2019,0,0,None,26.6,0.0,23065
2019-09-18,Dwarka,2,9,2019,0,0,None,27.5,2.9,22512
2019-09-18,Ambaji,2,9,2019,0,0,None,29.4,69.3,18125
2019-09-18,Pavagadh,2,9,2019,0,0,None,26.7,58.0,12768
2019-09-19,Somnath,3,9,2019,0,0,None,28.7,10.4,25987
2019-09-19,Dwarka,3,9,2019,0,0,None,28.2,0.0,19928
2019-09-19,Ambaji,3,9,2019,0,0,None,28.6,14.0,33432
2019-09-19,Pavagadh,3,9,2019,0,0,None,28.6,17.4,21094
2019-09-20,Somnath,4,9,2019,0,0,None,30.4,112.6,19869
2019-09-20,Dwarka,4,9,2019,0,0,None,27.2,9.0,23543
2019-09-20,Ambaji,4,9,2019,0,0,None,30.7,0.0,33403
2019-09-20,Pavagadh,4,9,2019,0,0,None,29.6,1.7,20736
2019-09-21,Somnath,5,9,2019,1,0,None,26.9,0.0,37957
2019-09-21,Dwarka,5,9,2019,1,0,None,26.8,0.0,35313
2019-09-21,Ambaji,5,9,2019,1,0,None,30.5,0.0,50686
2019-09-21,Pavagadh,5,9,2019,1,0,None,30.3,0.0,28886
2019-09-22,Somnath,6,9,2019,1,0,None,26.7,4.6,31099
2019-09-22,Dwarka,6,9,2019,1,0,None,28.3,0.0,27949
2019-09-22,Ambaji,6,9,2019,1,0,None,28.8,9.7,52508
2019-09-22,Pavagadh,6,9,2019,1,0,None,26.2,0.0,32104
2019-09-23,Somnath,0,9,2019,0,0,None,27.1,0.7,24995
2019-09-23,Dwarka,0,9,2019,0,0,None,26.8,0.0,20301
2019-09-23,Ambaji,0,9,2019,0,0,None,29.1,53.4,20050
2019-09-23,Pavagadh,0,9,2019,0,0,None,27.4,21.2,12337
2019-09-24,Somnath,1,9,2019,0,0,None,26.2,0.0,25709
2019-09-24,Dwarka,1,9,2019,0,0,None,31.8,5.4,21478
2019-09-24,Ambaji,1,9,2019,0,0,None,27.1,0.0,36454
2019-09-24,Pavagadh,1,9,2019,0,0,None,27.2,1.2,21647
2019-09-25,Somnath,2,9,2019,0,0,None,27.4,4.9,24568
2019-09-25,Dwarka,2,9,2019,0,0,None,30.3,0.0,20603
2019-09-25,Ambaji,2,9,2019,0,0,None,30.1,59.1,17189
2019-09-25,Pavagadh,2,9,2019,0,0,None,29.1,0.7,20793
2019-09-26,Somnath,3,9,2019,0,0,None,30.4,16.9,25191
2019-09-26,Dwarka,3,9,2019,0,0,None,29.8,16.4,20678
2019-09-26,Ambaji,3,9,2019,0,0,None,27.6,8.9,36920
2019-09-26,Pavagadh,3,9,2019,0,0,None,28.2,4.3,18858
2019-09-27,Somnath,4,9,2019,0,0,None,30.4,18.5,24581
2019-09-27,Dwarka,4,9,2019,0,0,None,31.3,0.0,22747
2019-09-27,Ambaji,4,9,2019,0,0,None,31.2,40.9,24016
2019-09-27,Pavagadh,4,9,2019,0,0,None,29.7,0.0,20171
2019-09-28,Somnath,5,9,2019,1,0,None,27.6,33.7,25847
2019-09-28,Dwarka,5,9,2019,1,0,None,28.3,0.0,32996
2019-09-28,Ambaji,5,9,2019,1,0,None,27.6,7.9,44164
2019-09-28,Pavagadh,5,9,2019,1,0,None,29.3,16.2,26901
2019-09-29,Somnath,6,9,2019,1,0,None,26.3,0.0,31704
2019-09-29,Dwarka,6,9,2019,1,0,None,29.2,0.0,33285
2019-09-29,Ambaji,6,9,2019,1,0,Navratri,26.8,0.0,200387
2019-09-29,Pavagadh,6,9,2019,1,0,Navratri,27.7,30.6,83025
2019-09-30,Somnath,0,9,2019,0,0,None,26.2,5.0,27070
2019-09-30,Dwarka,0,9,2019,0,0,None,31.4,12.1,21260
2019-09-30,Ambaji,0,9,2019,0,0,Navratri,27.5,0.0,148128
2019-09-30,Pavagadh,0,9,2019,0,0,Navratri,29.8,11.0,195232
2019-10-01,Somnath,1,10,2019,0,0,None,20.3,0.0,25347
2019-10-01,Dwarka,1,10,2019,0,0,None,27.8,0.0,24137
2019-10-01,Ambaji,1,10,2019,0,0,Navratri,25.1,0.0,141296
2019-10-01,Pavagadh,1,10,2019,0,0,Navratri,18.6,0.0,201253
2019-10-02,Somnath,2,10,2019,0,1,None,23.6,0.0,37901
2019-10-02,Dwarka,2,10,2019,0,1,None,19.3,0.0,33065
2019-10-02,Ambaji,2,10,2019,0,1,Navratri,20.3,0.0,195612
2019-10-02,Pavagadh,2,10,2019,0,1,Navratri,24.5,0.0,147540
2019-10-03,Somnath,3,10,2019,0,0,None,23.7,0.0,23095
2019-10-03,Dwarka,3,10,2019,0,0,None,18.3,0.0,22994
2019-10-03,Ambaji,3,10,2019,0,0,Navratri,18.8,0.0,222785
2019-10-03,Pavagadh,3,10,2019,0,0,Navratri,28.0,0.0,169588
2019-10-04,Somnath,4,10,2019,0,0,None,24.2,0.0,23136
2019-10-04,Dwarka,4,10,2019,0,0,None,18.7,0.0,21973
2019-10-04,Ambaji,4,10,2019,0,0,Navratri,24.2,0.0,197701
2019-10-04,Pavagadh,4,10,2019,0,0,Navratri,27.8,0.0,163676
2019-10-05,Somnath,5,10,2019,1,0,None,18.2,0.0,34069
2019-10-05,Dwarka,5,10,2019,1,0,None,23.6,0.0,32640
2019-10-05,Ambaji,5,10,2019,1,0,Navratri,20.7,0.0,214898
2019-10-05,Pavagadh,5,10,2019,1,0,Navratri,26.7,0.0,139411
2019-10-06,Somnath,6,10,2019,1,0,None,23.3,0.0,37430
2019-10-06,Dwarka,6,10,2019,1,0,None,18.4,0.0,31822
2019-10-06,Ambaji,6,10,2019,1,0,Navratri,18.6,0.0,163919
2019-10-06,Pavagadh,6,10,2019,1,0,Navratri,21.8,0.0,196864
2019-10-07,Somnath,0,10,2019,0,0,None,18.9,0.0,24769
2019-10-07,Dwarka,0,10,2019,0,0,None,26.9,0.0,22789
2019-10-07,Ambaji,0,10,2019,0,0,Navratri,20.3,0.0,163424
2019-10-07,Pavagadh,0,10,2019,0,0,Navratri,20.5,0.0,188907
2019-10-08,Somnath,1,10,2019,0,0,None,26.9,0.0,22826
2019-10-08,Dwarka,1,10,2019,0,0,None,23.6,0.0,21961
2019-10-08,Ambaji,1,10,2019,0,0,None,23.7,0.0,36140
2019-10-08,Pavagadh,1,10,2019,0,0,None,23.0,0.0,21306
2019-10-09,Somnath,2,10,2019,0,0,None,25.3,0.0,26738
2019-10-09,Dwarka,2,10,2019,0,0,None,27.2,0.0,20745
2019-10-09,Ambaji,2,10,2019,0,0,None,27.2,0.0,31838
2019-10-09,Pavagadh,2,10,2019,0,0,None,21.3,0.0,21693
2019-10-10,Somnath,3,10,2019,0,0,None,24.4,0.0,22961
2019-10-10,Dwarka,3,10,2019,0,0,None,18.6,0.0,24050
2019-10-10,Ambaji,3,10,2019,0,0,None,23.0,0.0,33048
2019-10-10,Pavagadh,3,10,2019,0,0,None,20.4,0.0,18174
2019-10-11,Somnath,4,10,2019,0,0,None,27.0,0.0,25854
2019-10-11,Dwarka,4,10,2019,0,0,None,18.7,0.0,22380
2019-10-11,Ambaji,4,10,2019,0,0,None,26.9,0.0,37644
2019-10-11,Pavagadh,4,10,2019,0,0,None,26.1,0.0,18807
2019-10-12,Somnath,5,10,2019,1,0,None,24.6,0.0,33400
2019-10-12,Dwarka,5,10,2019,1,0,None,22.5,0.0,27775
2019-10-12,Ambaji,5,10,2019,1,0,None,23.4,0.0,54323
2019-10-12,Pavagadh,5,10,2019,1,0,None,26.0,0.0,26594
2019-10-13,Somnath,6,10,2019,1,0,None,24.9,0.0,38085
2019-10-13,Dwarka,6,10,2019,1,0,None,23.3,0.0,26928
2019-10-13,Ambaji,6,10,2019,1,0,None,18.5,0.0,49172
2019-10-13,Pavagadh,6,10,2019,1,0,None,23.4,0.0,26648
2019-10-14,Somnath,0,10,2019,0,0,None,27.5,0.0,27194
2019-10-14,Dwarka,0,10,2019,0,0,None,21.1,0.0,20278
2019-10-14,Ambaji,0,10,2019,0,0,None,18.7,0.0,36691
2019-10-14,Pavagadh,0,10,2019,0,0,None,20.7,0.0,19114
2019-10-15,Somnath,1,10,2019,0,0,None,21.9,0.0,26779
2019-10-15,Dwarka,1,10,2019,0,0,None,23.2,0.0,20650
2019-10-15,Ambaji,1,10,2019,0,0,None,27.5,0.0,37157
2019-10-15,Pavagadh,1,10,2019,0,0,None,21.7,2.0,19472
2019-10-16,Somnath,2,10,2019,0,0,None,21.5,0.0,27307
2019-10-16,Dwarka,2,10,2019,0,0,None,27.8,0.0,23120
2019-10-16,Ambaji,2,10,2019,0,0,None,23.6,0.0,37518
2019-10-16,Pavagadh,2,10,2019,0,0,None,22.9,0.0,20149
2019-10-17,Somnath,3,10,2019,0,0,None,23.6,0.0,24278
2019-10-17,Dwarka,3,10,2019,0,0,None,20.1,0.0,20715
2019-10-17,Ambaji,3,10,2019,0,0,None,23.0,0.0,35822
2019-10-17,Pavagadh,3,10,2019,0,0,None,26.6,0.0,21603
2019-10-18,Somnath,4,10,2019,0,0,None,24.0,0.0,25665
2019-10-18,Dwarka,4,10,2019,0,0,None,27.5,0.0,22362
2019-10-18,Ambaji,4,10,2019,0,0,None,27.2,0.0,35916
2019-10-18,Pavagadh,4,10,2019,0,0,None,22.7,0.0,20510
2019-10-19,Somnath,5,10,2019,1,0,None,18.5,0.0,31266
2019-10-19,Dwarka,5,10,2019,1,0,None,23.0,0.0,31934
2019-10-19,Ambaji,5,10,2019,1,0,None,27.3,0.0,52933
2019-10-19,Pavagadh,5,10,2019,1,0,None,27.2,0.0,24953
2019-10-20,Somnath,6,10,2019,1,0,None,22.8,0.0,36487
2019-10-20,Dwarka,6,10,2019,1,0,None,19.1,0.0,33409
2019-10-20,Ambaji,6,10,2019,1,0,None,21.6,0.0,47426
2019-10-20,Pavagadh,6,10,2019,1,0,None,24.0,0.0,24400
2019-10-21,Somnath,0,10,2019,0,0,None,20.2,0.0,23268
2019-10-21,Dwarka,0,10,2019,0,0,None,18.4,0.0,22125
2019-10-21,Ambaji,0,10,2019,0,0,None,26.4,0.0,35269
2019-10-21,Pavagadh,0,10,2019,0,0,None,27.3,0.0,19058
2019-10-22,Somnath,1,10,2019,0,0,None,27.3,0.0,24570
2019-10-22,Dwarka,1,10,2019,0,0,None,24.8,0.0,20302
2019-10-22,Ambaji,1,10,2019,0,0,None,25.2,0.0,36601
2019-10-22,Pavagadh,1,10,2019,0,0,None,20.3,0.0,18101
2019-10-23,Somnath,2,10,2019,0,0,None,21.3,0.0,22740
2019-10-23,Dwarka,2,10,2019,0,0,None,22.1,0.0,23683
2019-10-23,Ambaji,2,10,2019,0,0,None,27.9,0.0,34780
2019-10-23,Pavagadh,2,10,2019,0,0,None,25.2,0.0,19861
2019-10-24,Somnath,3,10,2019,0,0,Diwali Peak,25.9,0.0,72538
2019-10-24,Dwarka,3,10,2019,0,0,Diwali Peak,24.8,0.0,63744
2019-10-24,Ambaji,3,10,2019,0,0,Diwali Peak,27.1,0.0,89589
2019-10-24,Pavagadh,3,10,2019,0,0,Diwali Peak,24.8,0.0,48938
2019-10-25,Somnath,4,10,2019,0,0,Diwali Peak,26.1,0.0,74456
2019-10-25,Dwarka,4,10,2019,0,0,Diwali Peak,23.8,0.0,60062
2019-10-25,Ambaji,4,10,2019,0,0,Diwali Peak,22.8,0.0,114195
2019-10-25,Pavagadh,4,10,2019,0,0,Diwali Peak,21.8,0.0,56513
2019-10-26,Somnath,5,10,2019,1,0,Diwali Peak,18.7,0.0,112193
2019-10-26,Dwarka,5,10,2019,1,0,Diwali Peak,22.9,0.0,97677
2019-10-26,Ambaji,5,10,2019,1,0,Diwali Peak,23.9,0.0,168525
2019-10-26,Pavagadh,5,10,2019,1,0,Diwali Peak,23.0,0.0,69855
2019-10-27,Somnath,6,10,2019,1,0,Diwali Peak,27.4,0.0,103267
2019-10-27,Dwarka,6,10,2019,1,0,Diwali Peak,21.9,0.0,86144
2019-10-27,Ambaji,6,10,2019,1,0,Diwali Peak,19.0,0.0,138481
2019-10-27,Pavagadh,6,10,2019,1,0,Diwali Peak,20.3,0.0,87455
2019-10-28,Somnath,0,10,2019,0,0,Diwali Peak,20.6,0.0,84124
2019-10-28,Dwarka,0,10,2019,0,0,Diwali Peak,18.5,0.0,63849
2019-10-28,Ambaji,0,10,2019,0,0,Diwali Peak,20.6,0.0,101748
2019-10-28,Pavagadh,0,10,2019,0,0,Diwali Peak,23.7,0.0,54107
2019-10-29,Somnath,1,10,2019,0,0,Diwali Peak,21.1,0.0,73621
2019-10-29,Dwarka,1,10,2019,0,0,Diwali Peak,22.7,0.0,65768
2019-10-29,Ambaji,1,10,2019,0,0,Diwali Peak,20.6,0.0,103188
2019-10-29,Pavagadh,1,10,2019,0,0,Diwali Peak,22.7,0.0,47269
2019-10-30,Somnath,2,10,2019,0,0,None,25.0,0.0,23901
2019-10-30,Dwarka,2,10,2019,0,0,None,22.1,0.0,20843
2019-10-30,Ambaji,2,10,2019,0,0,None,25.8,0.0,32940
2019-10-30,Pavagadh,2,10,2019,0,0,None,20.6,0.0,18836
2019-10-31,Somnath,3,10,2019,0,0,None,21.3,0.0,25305
2019-10-31,Dwarka,3,10,2019,0,0,None,22.6,0.0,20766
2019-10-31,Ambaji,3,10,2019,0,0,None,25.4,0.0,35810
2019-10-31,Pavagadh,3,10,2019,0,0,None,26.7,0.0,20897
2019-11-01,Somnath,4,11,2019,0,0,None,26.2,0.0,26029
2019-11-01,Dwarka,4,11,2019,0,0,None,27.2,0.0,20618
2019-11-01,Ambaji,4,11,2019,0,0,None,19.3,0.0,32224
2019-11-01,Pavagadh,4,11,2019,0,0,None,23.1,0.0,18893
2019-11-02,Somnath,5,11,2019,1,0,None,22.4,0.0,36779
2019-11-02,Dwarka,5,11,2019,1,0,None,18.5,0.0,28424
2019-11-02,Ambaji,5,11,2019,1,0,None,18.4,0.0,51194
2019-11-02,Pavagadh,5,11,2019,1,0,None,22.9,0.0,30363
2019-11-03,Somnath,6,11,2019,1,0,None,24.1,0.0,36747
2019-11-03,Dwarka,6,11,2019,1,0,None,21.8,0.0,28488
2019-11-03,Ambaji,6,11,2019,1,0,None,24.8,0.0,45269
2019-11-03,Pavagadh,6,11,2019,1,0,None,24.8,0.0,30579
2019-11-04,Somnath,0,11,2019,0,0,None,23.4,0.0,23002
2019-11-04,Dwarka,0,11,2019,0,0,None,23.5,0.0,20770
2019-11-04,Ambaji,0,11,2019,0,0,None,22.7,0.0,34194
2019-11-04,Pavagadh,0,11,2019,0,0,None,26.0,0.0,20939
2019-11-05,Somnath,1,11,2019,0,0,None,27.9,0.0,25723
2019-11-05,Dwarka,1,11,2019,0,0,None,26.6,0.0,23273
2019-11-05,Ambaji,1,11,2019,0,0,None,22.1,0.0,31889
2019-11-05,Pavagadh,1,11,2019,0,0,None,27.9,0.0,21475
2019-11-06,Somnath,2,11,2019,0,0,None,24.9,0.0,22655
2019-11-06,Dwarka,2,11,2019,0,0,None,26.6,0.0,20961
2019-11-06,Ambaji,2,11,2019,0,0,None,23.6,0.0,36061
2019-11-06,Pavagadh,2,11,2019,0,0,None,22.8,0.0,21413
2019-11-07,Somnath,3,11,2019,0,0,None,20.0,0.0,24684
2019-11-07,Dwarka,3,11,2019,0,0,None,27.6,0.0,21476
2019-11-07,Ambaji,3,11,2019,0,0,None,24.5,0.0,38158
2019-11-07,Pavagadh,3,11,2019,0,0,None,26.9,0.0,20579
2019-11-08,Somnath,4,11,2019,0,0,None,18.6,0.0,26036
2019-11-08,Dwarka,4,11,2019,0,0,None,21.6,0.0,23826
2019-11-08,Ambaji,4,11,2019,0,0,None,22.3,0.0,31733
2019-11-08,Pavagadh,4,11,2019,0,0,None,22.1,0.0,19550
2019-11-09,Somnath,5,11,2019,1,0,None,24.0,0.0,37540
2019-11-09,Dwarka,5,11,2019,1,0,None,23.7,0.0,35461
2019-11-09,Ambaji,5,11,2019,1,0,None,27.0,0.0,48264
2019-11-09,Pavagadh,5,11,2019,1,0,None,18.4,0.0,28057
2019-11-10,Somnath,6,11,2019,1,0,None,22.0,0.0,34478
2019-11-10,Dwarka,6,11,2019,1,0,None,25.6,0.0,28114
2019-11-10,Ambaji,6,11,2019,1,0,None,21.0,0.0,47208
2019-11-10,Pavagadh,6,11,2019,1,0,None,21.7,0.0,28293
2019-11-11,Somnath,0,11,2019,0,0,None,26.2,0.0,22527
2019-11-11,Dwarka,0,11,2019,0,0,None,27.9,0.0,22802
2019-11-11,Ambaji,0,11,2019,0,0,None,22.1,0.0,33272
2019-11-11,Pavagadh,0,11,2019,0,0,None,18.4,0.0,21585
2019-11-12,Somnath,1,11,2019,0,0,None,19.6,0.0,26205
2019-11-12,Dwarka,1,11,2019,0,0,None,19.8,0.0,21660
2019-11-12,Ambaji,1,11,2019,0,0,None,25.6,0.0,32163
2019-11-12,Pavagadh,1,11,2019,0,0,None,23.6,0.0,21144
2019-11-13,Somnath,2,11,2019,0,0,None,19.5,0.0,26787
2019-11-13,Dwarka,2,11,2019,0,0,None,21.2,0.0,23339
2019-11-13,Ambaji,2,11,2019,0,0,None,18.9,0.0,33678
2019-11-13,Pavagadh,2,11,2019,0,0,None,18.0,0.0,18358
2019-11-14,Somnath,3,11,2019,0,0,None,18.9,0.0,23569
2019-11-14,Dwarka,3,11,2019,0,0,None,27.3,0.0,21824
2019-11-14,Ambaji,3,11,2019,0,0,None,22.3,0.0,34665
2019-11-14,Pavagadh,3,11,2019,0,0,None,19.3,0.0,19713
2019-11-15,Somnath,4,11,2019,0,0,None,18.7,0.0,25736
2019-11-15,Dwarka,4,11,2019,0,0,None,20.8,0.0,22747
2019-11-15,Ambaji,4,11,2019,0,0,None,24.5,0.0,38233
2019-11-15,Pavagadh,4,11,2019,0,0,None,20.7,0.0,19236
2019-11-16,Somnath,5,11,2019,1,0,None,25.4,0.0,34764
2019-11-16,Dwarka,5,11,2019,1,0,None,22.3,0.0,32535
2019-11-16,Ambaji,5,11,2019,1,0,None,20.0,0.0,53143
2019-11-16,Pavagadh,5,11,2019,1,0,None,21.9,0.0,26648
2019-11-17,Somnath,6,11,2019,1,0,None,20.1,0.0,33571
2019-11-17,Dwarka,6,11,2019,1,0,None,20.2,0.0,29890
2019-11-17,Ambaji,6,11,2019,1,0,None,20.1,0.0,44343
2019-11-17,Pavagadh,6,11,2019,1,0,None,23.8,0.0,29508
2019-11-18,Somnath,0,11,2019,0,0,None,23.0,0.0,25678
2019-11-18,Dwarka,0,11,2019,0,0,None,24.9,0.0,22382
2019-11-18,Ambaji,0,11,2019,0,0,None,19.6,0.0,33321
2019-11-18,Pavagadh,0,11,2019,0,0,None,27.2,0.0,20211
2019-11-19,Somnath,1,11,2019,0,0,None,20.5,0.0,26993
2019-11-19,Dwarka,1,11,2019,0,0,None,26.9,0.0,23307
2019-11-19,Ambaji,1,11,2019,0,0,None,22.5,0.0,36673
2019-11-19,Pavagadh,1,11,2019,0,0,None,24.1,0.0,18297
2019-11-20,Somnath,2,11,2019,0,0,None,21.2,0.0,24148
2019-11-20,Dwarka,2,11,2019,0,0,None,23.0,0.0,21755
2019-11-20,Ambaji,2,11,2019,0,0,None,21.7,0.0,35724
2019-11-20,Pavagadh,2,11,2019,0,0,None,24.5,0.0,19302
2019-11-21,Somnath,3,11,2019,0,0,None,18.2,0.0,23825
2019-11-21,Dwarka,3,11,2019,0,0,None,18.7,0.0,24191
2019-11-21,Ambaji,3,11,2019,0,0,None,19.0,0.0,32331
2019-11-21,Pavagadh,3,11,2019,0,0,None,24.7,0.0,21610
2019-11-22,Somnath,4,11,2019,0,0,None,19.1,0.0,22953
2019-11-22,Dwarka,4,11,2019,0,0,None,22.1,0.0,23238
2019-11-22,Ambaji,4,11,2019,0,0,None,25.2,0.0,37684
2019-11-22,Pavagadh,4,11,2019,0,0,None,22.5,0.0,21350
2019-11-23,Somnath,5,11,2019,1,0,None,20.8,0.0,33852
2019-11-23,Dwarka,5,11,2019,1,0,None,24.1,0.0,33539
2019-11-23,Ambaji,5,11,2019,1,0,None,27.2,0.0,53535
2019-11-23,Pavagadh,5,11,2019,1,0,None,20.6,0.0,25228
2019-11-24,Somnath,6,11,2019,1,0,None,21.0,0.0,30570
2019-11-24,Dwarka,6,11,2019,1,0,None,22.6,0.0,32567
2019-11-24,Ambaji,6,11,2019,1,0,None,22.7,0.0,43538
2019-11-24,Pavagadh,6,11,2019,1,0,None,25.9,0.0,30351
2019-11-25,Somnath,0,11,2019,0,0,None,19.9,0.0,24720
2019-11-25,Dwarka,0,11,2019,0,0,None,22.2,0.0,24121
2019-11-25,Ambaji,0,11,2019,0,0,None,26.1,0.0,31707
2019-11-25,Pavagadh,0,11,2019,0,0,None,19.4,0.0,19052
2019-11-26,Somnath,1,11,2019,0,0,None,22.4,0.0,25004
2019-11-26,Dwarka,1,11,2019,0,0,None,27.0,0.0,20519
2019-11-26,Ambaji,1,11,2019,0,0,None,26.5,0.0,34673
2019-11-26,Pavagadh,1,11,2019,0,0,None,25.8,0.0,21529
2019-11-27,Somnath,2,11,2019,0,0,None,24.7,0.0,27472
2019-11-27,Dwarka,2,11,2019,0,0,None,23.2,0.0,20532
2019-11-27,Ambaji,2,11,2019,0,0,None,21.2,0.0,37207
2019-11-27,Pavagadh,2,11,2019,0,0,None,21.0,0.0,20810
2019-11-28,Somnath,3,11,2019,0,0,None,19.7,0.0,24834
2019-11-28,Dwarka,3,11,2019,0,0,None,22.9,0.0,19937
2019-11-28,Ambaji,3,11,2019,0,0,None,24.9,0.0,37036
2019-11-28,Pavagadh,3,11,2019,0,0,None,26.2,0.0,18193
2019-11-29,Somnath,4,11,2019,0,0,None,25.0,0.0,24733
2019-11-29,Dwarka,4,11,2019,0,0,None,20.6,0.0,21064
2019-11-29,Ambaji,4,11,2019,0,0,None,21.3,0.0,36087
2019-11-29,Pavagadh,4,11,2019,0,0,None,20.7,0.0,19493
2019-11-30,Somnath,5,11,2019,1,0,None,26.6,0.0,37350
2019-11-30,Dwarka,5,11,2019,1,0,None,20.8,0.0,31886
2019-11-30,Ambaji,5,11,2019,1,0,None,24.0,0.0,45961
2019-11-30,Pavagadh,5,11,2019,1,0,None,26.0,0.0,27773
2019-12-01,Somnath,6,12,2019,1,0,None,24.1,0.0,33449
2019-12-01,Dwarka,6,12,2019,1,0,None,21.5,0.0,27321
2019-12-01,Ambaji,6,12,2019,1,0,None,21.7,0.0,46155
2019-12-01,Pavagadh,6,12,2019,1,0,None,21.1,0.0,24610
2019-12-02,Somnath,0,12,2019,0,0,None,20.1,2.0,25353
2019-12-02,Dwarka,0,12,2019,0,0,None,19.4,0.0,20538
2019-12-02,Ambaji,0,12,2019,0,0,None,19.2,0.0,34970
2019-12-02,Pavagadh,0,12,2019,0,0,None,24.3,0.0,20214
2019-12-03,Somnath,1,12,2019,0,0,None,20.6,0.0,25761
2019-12-03,Dwarka,1,12,2019,0,0,None,19.5,0.0,23549
2019-12-03,Ambaji,1,12,2019,0,0,None,19.2,0.0,32056
2019-12-03,Pavagadh,1,12,2019,0,0,None,21.5,0.0,20237
2019-12-04,Somnath,2,12,2019,0,0,None,19.0,0.0,27365
2019-12-04,Dwarka,2,12,2019,0,0,None,19.8,0.0,22249
2019-12-04,Ambaji,2,12,2019,0,0,None,27.4,0.0,37044
2019-12-04,Pavagadh,2,12,2019,0,0,None,18.6,0.0,20696
2019-12-05,Somnath,3,12,2019,0,0,None,21.7,0.0,26582
2019-12-05,Dwarka,3,12,2019,0,0,None,24.0,0.0,21752
2019-12-05,Ambaji,3,12,2019,0,0,None,26.3,0.0,32127
2019-12-05,Pavagadh,3,12,2019,0,0,None,27.1,0.0,19393
2019-12-06,Somnath,4,12,2019,0,0,None,20.0,0.0,23587
2019-12-06,Dwarka,4,12,2019,0,0,None,24.4,0.0,19953
2019-12-06,Ambaji,4,12,2019,0,0,None,26.3,0.0,36105
2019-12-06,Pavagadh,4,12,2019,0,0,None,21.7,0.0,19017
2019-12-07,Somnath,5,12,2019,1,0,None,18.2,0.0,34693
2019-12-07,Dwarka,5,12,2019,1,0,None,19.7,0.0,30324
2019-12-07,Ambaji,5,12,2019,1,0,None,26.7,0.0,49624
2019-12-07,Pavagadh,5,12,2019,1,0,None,21.4,0.0,27833
2019-12-08,Somnath,6,12,2019,1,0,None,20.0,0.0,36509
2019-12-08,Dwarka,6,12,2019,1,0,None,23.3,0.0,30329
2019-12-08,Ambaji,6,12,2019,1,0,None,27.9,0.0,53480
2019-12-08,Pavagadh,6,12,2019,1,0,None,24.9,0.0,26098
2019-12-09,Somnath,0,12,2019,0,0,None,26.5,0.0,26048
2019-12-09,Dwarka,0,12,2019,0,0,None,19.5,0.0,22215
2019-12-09,Ambaji,0,12,2019,0,0,None,20.7,0.0,36378
2019-12-09,Pavagadh,0,12,2019,0,0,None,18.1,0.0,20166
2019-12-10,Somnath,1,12,2019,0,0,None,20.2,0.0,24017
2019-12-10,Dwarka,1,12,2019,0,0,None,20.8,0.0,22775
2019-12-10,Ambaji,1,12,2019,0,0,None,27.3,0.0,34275
2019-12-10,Pavagadh,1,12,2019,0,0,None,18.7,0.0,19790
2019-12-11,Somnath,2,12,2019,0,0,None,25.1,0.0,26721
2019-12-11,Dwarka,2,12,2019,0,0,None,23.3,0.0,20146
2019-12-11,Ambaji,2,12,2019,0,0,None,23.1,0.0,35701
2019-12-11,Pavagadh,2,12,2019,0,0,None,18.2,0.0,19193
2019-12-12,Somnath,3,12,2019,0,0,None,20.5,0.0,25210
2019-12-12,Dwarka,3,12,2019,0,0,None,25.7,0.0,21735
2019-12-12,Ambaji,3,12,2019,0,0,None,23.3,0.0,37901
2019-12-12,Pavagadh,3,12,2019,0,0,None,26.5,0.0,18000
2019-12-13,Somnath,4,12,2019,0,0,None,27.0,0.0,23722
2019-12-13,Dwarka,4,12,2019,0,0,None,19.5,0.0,23332
2019-12-13,Ambaji,4,12,2019,0,0,None,23.8,0.0,33120
2019-12-13,Pavagadh,4,12,2019,0,0,None,22.9,0.0,21305
2019-12-14,Somnath,5,12,2019,1,0,None,25.3,0.0,35238
2019-12-14,Dwarka,5,12,2019,1,0,None,23.3,0.0,32698
2019-12-14,Ambaji,5,12,2019,1,0,None,24.6,0.0,50299
2019-12-14,Pavagadh,5,12,2019,1,0,None,21.0,0.0,26066
2019-12-15,Somnath,6,12,2019,1,0,None,27.9,0.0,36867
2019-12-15,Dwarka,6,12,2019,1,0,None,18.1,0.0,32537
2019-12-15,Ambaji,6,12,2019,1,0,None,18.4,0.0,46281
2019-12-15,Pavagadh,6,12,2019,1,0,None,26.5,0.0,26458
2019-12-16,Somnath,0,12,2019,0,0,None,26.2,0.0,24999
2019-12-16,Dwarka,0,12,2019,0,0,None,20.1,0.0,20487
2019-12-16,Ambaji,0,12,2019,0,0,None,19.9,0.0,38438
2019-12-16,Pavagadh,0,12,2019,0,0,None,26.9,0.0,20154
2019-12-17,Somnath,1,12,2019,0,0,None,28.0,0.0,24600
2019-12-17,Dwarka,1,12,2019,0,0,None,27.1,0.0,20229
2019-12-17,Ambaji,1,12,2019,0,0,None,24.3,0.0,34112
2019-12-17,Pavagadh,1,12,2019,0,0,None,22.2,0.0,21966
2019-12-18,Somnath,2,12,2019,0,0,None,20.2,0.0,23161
2019-12-18,Dwarka,2,12,2019,0,0,None,24.1,0.0,21921
2019-12-18,Ambaji,2,12,2019,0,0,None,20.5,0.0,35274
2019-12-18,Pavagadh,2,12,2019,0,0,None,19.7,0.0,19740
2019-12-19,Somnath,3,12,2019,0,0,None,27.8,0.0,26171
2019-12-19,Dwarka,3,12,2019,0,0,None,26.9,0.0,23774
2019-12-19,Ambaji,3,12,2019,0,0,None,18.5,0.0,36728
2019-12-19,Pavagadh,3,12,2019,0,0,None,23.8,0.0,19361
2019-12-20,Somnath,4,12,2019,0,0,None,21.2,0.0,24215
2019-12-20,Dwarka,4,12,2019,0,0,None,23.1,0.0,23064
2019-12-20,Ambaji,4,12,2019,0,0,None,26.4,0.0,34413
2019-12-20,Pavagadh,4,12,2019,0,0,None,21.5,0.0,21721
2019-12-21,Somnath,5,12,2019,1,0,None,18.7,0.0,37477
2019-12-21,Dwarka,5,12,2019,1,0,None,22.2,0.0,28644
2019-12-21,Ambaji,5,12,2019,1,0,None,24.0,2.0,53409
2019-12-21,Pavagadh,5,12,2019,1,0,None,25.9,0.0,27114
2019-12-22,Somnath,6,12,2019,1,0,None,19.9,0.0,39139
2019-12-22,Dwarka,6,12,2019,1,0,None,21.0,0.0,30093
2019-12-22,Ambaji,6,12,2019,1,0,None,26.4,0.0,51647
2019-12-22,Pavagadh,6,12,2019,1,0,None,18.9,0.0,30994
2019-12-23,Somnath,0,12,2019,0,0,None,25.5,0.0,22802
2019-12-23,Dwarka,0,12,2019,0,0,None,20.0,0.0,21419
2019-12-23,Ambaji,0,12,2019,0,0,None,22.1,0.0,31602
2019-12-23,Pavagadh,0,12,2019,0,0,None,24.6,0.0,18252
2019-12-24,Somnath,1,12,2019,0,0,None,22.1,0.0,23224
2019-12-24,Dwarka,1,12,2019,0,0,None,23.5,0.0,20809
2019-12-24,Ambaji,1,12,2019,0,0,None,23.1,0.0,35085
2019-12-24,Pavagadh,1,12,2019,0,0,None,19.6,0.0,20368
2019-12-25,Somnath,2,12,2019,0,1,None,18.3,0.0,33544
2019-12-25,Dwarka,2,12,2019,0,1,None,20.6,0.0,35851
2019-12-25,Ambaji,2,12,2019,0,1,None,24.1,0.0,50060
2019-12-25,Pavagadh,2,12,2019,0,1,None,22.6,0.0,26780
2019-12-26,Somnath,3,12,2019,0,0,None,21.3,0.0,24031
2019-12-26,Dwarka,3,12,2019,0,0,None,19.4,0.0,22802
2019-12-26,Ambaji,3,12,2019,0,0,None,21.9,0.0,35254
2019-12-26,Pavagadh,3,12,2019,0,0,None,23.5,0.0,20086
2019-12-27,Somnath,4,12,2019,0,0,None,18.2,0.0,25363
2019-12-27,Dwarka,4,12,2019,0,0,None,19.8,0.0,20765
2019-12-27,Ambaji,4,12,2019,0,0,None,18.7,0.0,38352
2019-12-27,Pavagadh,4,12,2019,0,0,None,21.5,0.0,20612
2019-12-28,Somnath,5,12,2019,1,0,None,24.5,0.0,38950
2019-12-28,Dwarka,5,12,2019,1,0,None,27.5,0.0,33740
2019-12-28,Ambaji,5,12,2019,1,0,None,24.2,0.0,45641
2019-12-28,Pavagadh,5,12,2019,1,0,None,27.8,0.0,26238
2019-12-29,Somnath,6,12,2019,1,0,None,24.9,0.0,31118
2019-12-29,Dwarka,6,12,2019,1,0,None,18.3,0.0,29279
2019-12-29,Ambaji,6,12,2019,1,0,None,18.5,0.0,47285
2019-12-29,Pavagadh,6,12,2019,1,0,None,21.0,0.0,30667
2019-12-30,Somnath,0,12,2019,0,0,None,22.8,0.0,25048
2019-12-30,Dwarka,0,12,2019,0,0,None,27.4,0.0,20811
2019-12-30,Ambaji,0,12,2019,0,0,None,21.3,0.0,34985
2019-12-30,Pavagadh,0,12,2019,0,0,None,21.5,0.0,18532
2019-12-31,Somnath,1,12,2019,0,0,None,18.1,0.0,25525
2019-12-31,Dwarka,1,12,2019,0,0,None,25.1,0.0,23877
2019-12-31,Ambaji,1,12,2019,0,0,None,22.1,0.0,32022
2019-12-31,Pavagadh,1,12,2019,0,0,None,18.6,0.0,19794
2020-01-01,Somnath,2,1,2020,0,0,None,20.1,0.0,25739
2020-01-01,Dwarka,2,1,2020,0,0,None,21.6,0.0,21614
2020-01-01,Ambaji,2,1,2020,0,0,None,19.7,0.0,33153
2020-01-01,Pavagadh,2,1,2020,0,0,None,18.6,0.0,21182
2020-01-02,Somnath,3,1,2020,0,0,None,21.4,0.0,26580
2020-01-02,Dwarka,3,1,2020,0,0,None,20.2,0.0,22004
2020-01-02,Ambaji,3,1,2020,0,0,None,24.5,0.0,36497
2020-01-02,Pavagadh,3,1,2020,0,0,None,18.6,0.0,18954
2020-01-03,Somnath,4,1,2020,0,0,None,25.6,0.0,23906
2020-01-03,Dwarka,4,1,2020,0,0,None,19.0,0.0,20257
2020-01-03,Ambaji,4,1,2020,0,0,None,21.2,0.0,38315
2020-01-03,Pavagadh,4,1,2020,0,0,None,22.0,0.0,18667
2020-01-04,Somnath,5,1,2020,1,0,None,19.7,0.0,33123
2020-01-04,Dwarka,5,1,2020,1,0,None,28.0,0.0,30111
2020-01-04,Ambaji,5,1,2020,1,0,None,24.9,0.0,45557
2020-01-04,Pavagadh,5,1,2020,1,0,None,27.3,0.0,26915
2020-01-05,Somnath,6,1,2020,1,0,None,18.9,0.0,34742
2020-01-05,Dwarka,6,1,2020,1,0,None,22.1,0.0,29765
2020-01-05,Ambaji,6,1,2020,1,0,None,23.6,0.0,50930
2020-01-05,Pavagadh,6,1,2020,1,0,None,25.4,0.0,27610
2020-01-06,Somnath,0,1,2020,0,0,None,23.7,0.0,26694
2020-01-06,Dwarka,0,1,2020,0,0,None,22.8,0.0,23293
2020-01-06,Ambaji,0,1,2020,0,0,None,27.0,0.0,32541
2020-01-06,Pavagadh,0,1,2020,0,0,None,26.5,0.0,20437
2020-01-07,Somnath,1,1,2020,0,0,None,27.2,0.0,23697
2020-01-07,Dwarka,1,1,2020,0,0,None,23.1,0.0,21767
2020-01-07,Ambaji,1,1,2020,0,0,None,24.3,0.0,35772
2020-01-07,Pavagadh,1,1,2020,0,0,None,26.2,0.0,20781
2020-01-08,Somnath,2,1,2020,0,0,None,25.9,0.0,24116
2020-01-08,Dwarka,2,1,2020,0,0,None,18.1,0.0,21242
2020-01-08,Ambaji,2,1,2020,0,0,None,21.6,0.0,34991
2020-01-08,Pavagadh,2,1,2020,0,0,None,25.0,0.0,19570
2020-01-09,Somnath,3,1,2020,0,0,None,24.6,0.0,23984
2020-01-09,Dwarka,3,1,2020,0,0,None,19.0,0.0,22779
2020-01-09,Ambaji,3,1,2020,0,0,None,24.5,0.0,37225
2020-01-09,Pavagadh,3,1,2020,0,0,None,23.7,0.0,21898
2020-01-10,Somnath,4,1,2020,0,0,None,27.6,0.0,22554
2020-01-10,Dwarka,4,1,2020,0,0,None,26.9,0.0,23545
2020-01-10,Ambaji,4,1,2020,0,0,None,20.8,0.0,31766
2020-01-10,Pavagadh,4,1,2020,0,0,None,25.7,0.0,19642
2020-01-11,Somnath,5,1,2020,1,0,None,26.2,0.0,31899
2020-01-11,Dwarka,5,1,2020,1,0,None,18.4,0.0,33883
2020-01-11,Ambaji,5,1,2020,1,0,None,20.2,0.0,49448
2020-01-11,Pavagadh,5,1,2020,1,0,None,23.6,0.0,31209
2020-01-12,Somnath,6,1,2020,1,0,None,21.4,0.0,33683
2020-01-12,Dwarka,6,1,2020,1,0,None,20.7,0.0,31097
2020-01-12,Ambaji,6,1,2020,1,0,None,18.7,0.0,44237
2020-01-12,Pavagadh,6,1,2020,1,0,None,22.8,0.0,31504
2020-01-13,Somnath,0,1,2020,0,0,None,25.5,0.0,27177
2020-01-13,Dwarka,0,1,2020,0,0,None,21.9,0.0,21654
2020-01-13,Ambaji,0,1,2020,0,0,None,20.8,0.0,33825
2020-01-13,Pavagadh,0,1,2020,0,0,None,23.8,0.0,21189
2020-01-14,Somnath,1,1,2020,0,0,None,25.7,0.0,25907
2020-01-14,Dwarka,1,1,2020,0,0,None,25.0,0.0,22442
2020-01-14,Ambaji,1,1,2020,0,0,None,23.7,0.0,36191
2020-01-14,Pavagadh,1,1,2020,0,0,None,22.7,0.0,21439
2020-01-15,Somnath,2,1,2020,0,0,None,18.2,0.0,23107
2020-01-15,Dwarka,2,1,2020,0,0,None,18.4,0.0,24149
2020-01-15,Ambaji,2,1,2020,0,0,None,20.7,0.0,32328
2020-01-15,Pavagadh,2,1,2020,0,0,None,24.0,2.0,19167
2020-01-16,Somnath,3,1,2020,0,0,None,26.5,2.0,25442
2020-01-16,Dwarka,3,1,2020,0,0,None,21.1,0.0,23517
2020-01-16,Ambaji,3,1,2020,0,0,None,19.7,0.0,33734
2020-01-16,Pavagadh,3,1,2020,0,0,None,20.8,0.0,19686
2020-01-17,Somnath,4,1,2020,0,0,None,21.4,0.0,23597
2020-01-17,Dwarka,4,1,2020,0,0,None,20.3,0.0,21600
2020-01-17,Ambaji,4,1,2020,0,0,None,20.9,0.0,35145
2020-01-17,Pavagadh,4,1,2020,0,0,None,26.2,0.0,18941
2020-01-18,Somnath,5,1,2020,1,0,None,24.0,0.0,37529
2020-01-18,Dwarka,5,1,2020,1,0,None,27.0,0.0,27838
2020-01-18,Ambaji,5,1,2020,1,0,None,20.0,0.0,47356
2020-01-18,Pavagadh,5,1,2020,1,0,None,23.9,0.0,28288
2020-01-19,Somnath,6,1,2020,1,0,None,27.5,0.0,30012
2020-01-19,Dwarka,6,1,2020,1,0,None,21.6,0.0,30515
2020-01-19,Ambaji,6,1,2020,1,0,None,25.6,0.0,50940
2020-01-19,Pavagadh,6,1,2020,1,0,None,26.5,0.0,29031
2020-01-20,Somnath,0,1,2020,0,0,None,18.8,0.0,24741
2020-01-20,Dwarka,0,1,2020,0,0,None,19.9,0.0,21669
2020-01-20,Ambaji,0,1,2020,0,0,None,25.5,0.0,38354
2020-01-20,Pavagadh,0,1,2020,0,0,None,18.7,0.0,21026
2020-01-21,Somnath,1,1,2020,0,0,None,23.4,0.0,23527
2020-01-21,Dwarka,1,1,2020,0,0,None,20.8,0.0,20579
2020-01-21,Ambaji,1,1,2020,0,0,None,27.6,0.0,38399
2020-01-21,Pavagadh,1,1,2020,0,0,None,26.4,0.0,20959
2020-01-22,Somnath,2,1,2020,0,0,None,24.7,0.0,24195
2020-01-22,Dwarka,2,1,2020,0,0,None,23.1,0.0,22188
2020-01-22,Ambaji,2,1,2020,0,0,None,22.7,0.0,34987
2020-01-22,Pavagadh,2,1,2020,0,0,None,22.3,0.0,21551
2020-01-23,Somnath,3,1,2020,0,0,None,24.3,0.0,25487
2020-01-23,Dwarka,3,1,2020,0,0,None,24.4,0.0,19918
2020-01-23,Ambaji,3,1,2020,0,0,None,28.0,0.0,34266
2020-01-23,Pavagadh,3,1,2020,0,0,None,19.1,0.0,21174
2020-01-24,Somnath,4,1,2020,0,0,None,22.3,0.0,23863
2020-01-24,Dwarka,4,1,2020,0,0,None,20.6,0.0,22511
2020-01-24,Ambaji,4,1,2020,0,0,None,26.1,0.0,34154
2020-01-24,Pavagadh,4,1,2020,0,0,None,27.7,0.0,19946
2020-01-25,Somnath,5,1,2020,1,0,None,22.1,0.0,30649
2020-01-25,Dwarka,5,1,2020,1,0,None,26.8,0.0,32324
2020-01-25,Ambaji,5,1,2020,1,0,None,24.0,0.0,47622
2020-01-25,Pavagadh,5,1,2020,1,0,None,21.3,0.0,32702
2020-01-26,Somnath,6,1,2020,1,1,None,24.4,0.0,36048
2020-01-26,Dwarka,6,1,2020,1,1,None,22.3,0.0,30121
2020-01-26,Ambaji,6,1,2020,1,1,None,25.3,0.0,44626
2020-01-26,Pavagadh,6,1,2020,1,1,None,19.5,0.0,25141
2020-01-27,Somnath,0,1,2020,0,0,None,27.8,0.0,23791
2020-01-27,Dwarka,0,1,2020,0,0,None,20.2,0.0,24196
2020-01-27,Ambaji,0,1,2020,0,0,None,21.0,0.0,37599
2020-01-27,Pavagadh,0,1,2020,0,0,None,24.4,0.0,21593
2020-01-28,Somnath,1,1,2020,0,0,None,25.5,0.0,25718
2020-01-28,Dwarka,1,1,2020,0,0,None,27.2,0.0,23027
2020-01-28,Ambaji,1,1,2020,0,0,None,27.7,0.0,32217
2020-01-28,Pavagadh,1,1,2020,0,0,None,20.4,0.0,19102
2020-01-29,Somnath,2,1,2020,0,0,None,27.6,0.0,24786
2020-01-29,Dwarka,2,1,2020,0,0,None,25.0,0.0,21481
2020-01-29,Ambaji,2,1,2020,0,0,None,18.8,0.0,37573
2020-01-29,Pavagadh,2,1,2020,0,0,None,24.9,0.0,18510
2020-01-30,Somnath,3,1,2020,0,0,None,26.2,0.0,24441
2020-01-30,Dwarka,3,1,2020,0,0,None,25.3,0.0,22009
2020-01-30,Ambaji,3,1,2020,0,0,None,26.4,0.0,35212
2020-01-30,Pavagadh,3,1,2020,0,0,None,20.1,0.0,20577
2020-01-31,Somnath,4,1,2020,0,0,None,18.3,0.0,23917
2020-01-31,Dwarka,4,1,2020,0,0,None,24.7,0.0,23037
2020-01-31,Ambaji,4,1,2020,0,0,None,24.5,0.0,37878
2020-01-31,Pavagadh,4,1,2020,0,0,None,20.8,0.0,20621
2020-02-01,Somnath,5,2,2020,1,0,None,24.0,0.0,33674
2020-02-01,Dwarka,5,2,2020,1,0,None,27.1,0.0,28590
2020-02-01,Ambaji,5,2,2020,1,0,None,18.4,0.0,53716
2020-02-01,Pavagadh,5,2,2020,1,0,None,23.0,0.0,29904
2020-02-02,Somnath,6,2,2020,1,0,None,20.3,0.0,37926
2020-02-02,Dwarka,6,2,2020,1,0,None,27.1,0.0,30662
2020-02-02,Ambaji,6,2,2020,1,0,None,27.3,0.0,47554
2020-02-02,Pavagadh,6,2,2020,1,0,None,25.9,0.0,23797
2020-02-03,Somnath,0,2,2020,0,0,None,24.8,0.0,26840
2020-02-03,Dwarka,0,2,2020,0,0,None,25.3,0.0,22822
2020-02-03,Ambaji,0,2,2020,0,0,None,19.9,0.0,35873
2020-02-03,Pavagadh,0,2,2020,0,0,None,26.7,0.0,21233
2020-02-04,Somnath,1,2,2020,0,0,None,25.8,0.0,25004
2020-02-04,Dwarka,1,2,2020,0,0,None,25.0,0.0,23719
2020-02-04,Ambaji,1,2,2020,0,0,None,25.7,0.0,38368
2020-02-04,Pavagadh,1,2,2020,0,0,None,19.8,0.0,19297
2020-02-05,Somnath,2,2,2020,0,0,None,25.6,0.0,26182
2020-02-05,Dwarka,2,2,2020,0,0,None,19.6,0.0,20239
2020-02-05,Ambaji,2,2,2020,0,0,None,26.7,0.0,36361
2020-02-05,Pavagadh,2,2,2020,0,0,None,26.2,0.0,18425
2020-02-06,Somnath,3,2,2020,0,0,None,26.9,0.0,26184
2020-02-06,Dwarka,3,2,2020,0,0,None,25.3,0.0,20770
2020-02-06,Ambaji,3,2,2020,0,0,None,22.9,0.0,37930
2020-02-06,Pavagadh,3,2,2020,0,0,None,21.6,0.0,19837
2020-02-07,Somnath,4,2,2020,0,0,None,27.6,0.0,26646
2020-02-07,Dwarka,4,2,2020,0,0,None,19.0,0.0,20427
2020-02-07,Ambaji,4,2,2020,0,0,None,21.0,0.0,36583
2020-02-07,Pavagadh,4,2,2020,0,0,None,18.4,0.0,20261
2020-02-08,Somnath,5,2,2020,1,0,None,18.8,0.0,32846
2020-02-08,Dwarka,5,2,2020,1,0,None,25.6,0.0,30446
2020-02-08,Ambaji,5,2,2020,1,0,None,26.3,0.0,45422
2020-02-08,Pavagadh,5,2,2020,1,0,None,26.8,0.0,23541
2020-02-09,Somnath,6,2,2020,1,0,None,20.9,0.0,36819
2020-02-09,Dwarka,6,2,2020,1,0,None,27.4,0.0,28384
2020-02-09,Ambaji,6,2,2020,1,0,None,21.6,0.0,50006
2020-02-09,Pavagadh,6,2,2020,1,0,None,27.6,0.0,25198
2020-02-10,Somnath,0,2,2020,0,0,None,26.3,0.0,23876
2020-02-10,Dwarka,0,2,2020,0,0,None,25.3,0.0,21883
2020-02-10,Ambaji,0,2,2020,0,0,None,20.0,0.0,36244
2020-02-10,Pavagadh,0,2,2020,0,0,None,19.7,0.0,20965
2020-02-11,Somnath,1,2,2020,0,0,None,26.9,0.0,27443
2020-02-11,Dwarka,1,2,2020,0,0,None,19.5,0.0,22691
2020-02-11,Ambaji,1,2,2020,0,0,None,22.2,0.0,37736
2020-02-11,Pavagadh,1,2,2020,0,0,None,24.5,0.0,18513
2020-02-12,Somnath,2,2,2020,0,0,None,18.1,0.0,27280
2020-02-12,Dwarka,2,2,2020,0,0,None,25.6,0.0,19957
2020-02-12,Ambaji,2,2,2020,0,0,None,24.8,0.0,36974
2020-02-12,Pavagadh,2,2,2020,0,0,None,21.8,0.0,20272
2020-02-13,Somnath,3,2,2020,0,0,None,20.8,0.0,25790
2020-02-13,Dwarka,3,2,2020,0,0,None,25.1,2.0,21501
2020-02-13,Ambaji,3,2,2020,0,0,None,22.7,0.0,35548
2020-02-13,Pavagadh,3,2,2020,0,0,None,18.4,0.0,18205
2020-02-14,Somnath,4,2,2020,0,0,None,19.7,0.0,22889
2020-02-14,Dwarka,4,2,2020,0,0,None,18.3,0.0,21746
2020-02-14,Ambaji,4,2,2020,0,0,None,20.5,0.0,36110
2020-02-14,Pavagadh,4,2,2020,0,0,None,20.3,0.0,19673
2020-02-15,Somnath,5,2,2020,1,0,None,21.1,0.0,35899
2020-02-15,Dwarka,5,2,2020,1,0,None,24.2,0.0,30708
2020-02-15,Ambaji,5,2,2020,1,0,None,20.1,0.0,46402
2020-02-15,Pavagadh,5,2,2020,1,0,None,22.2,0.0,32320
2020-02-16,Somnath,6,2,2020,1,0,None,19.7,0.0,36691
2020-02-16,Dwarka,6,2,2020,1,0,None,22.5,0.0,34190
2020-02-16,Ambaji,6,2,2020,1,0,None,23.8,0.0,52341
2020-02-16,Pavagadh,6,2,2020,1,0,None,24.1,0.0,30593
2020-02-17,Somnath,0,2,2020,0,0,None,21.8,0.0,25797
2020-02-17,Dwarka,0,2,2020,0,0,None,18.1,0.0,23068
2020-02-17,Ambaji,0,2,2020,0,0,None,23.0,0.0,34656
2020-02-17,Pavagadh,0,2,2020,0,0,None,27.8,0.0,18368
2020-02-18,Somnath,1,2,2020,0,0,None,22.3,0.0,24245
2020-02-18,Dwarka,1,2,2020,0,0,None,20.4,0.0,21459
2020-02-18,Ambaji,1,2,2020,0,0,None,24.3,0.0,36827
2020-02-18,Pavagadh,1,2,2020,0,0,None,21.8,0.0,19798
2020-02-19,Somnath,2,2,2020,0,0,None,26.7,0.0,24218
2020-02-19,Dwarka,2,2,2020,0,0,None,18.9,0.0,21414
2020-02-19,Ambaji,2,2,2020,0,0,None,23.6,0.0,33819
2020-02-19,Pavagadh,2,2,2020,0,0,None,24.7,0.0,20608
2020-02-20,Somnath,3,2,2020,0,0,None,19.6,0.0,25209
2020-02-20,Dwarka,3,2,2020,0,0,None,26.7,0.0,21660
2020-02-20,Ambaji,3,2,2020,0,0,None,24.0,0.0,36533
2020-02-20,Pavagadh,3,2,2020,0,0,None,18.4,0.0,18486
2020-02-21,Somnath,4,2,2020,0,0,Maha Shivratri,21.2,0.0,324953
2020-02-21,Dwarka,4,2,2020,0,0,None,25.0,0.0,20200
2020-02-21,Ambaji,4,2,2020,0,0,None,23.8,0.0,33265
2020-02-21,Pavagadh,4,2,2020,0,0,None,22.6,0.0,21974
2020-02-22,Somnath,5,2,2020,1,0,None,19.7,0.0,40273
2020-02-22,Dwarka,5,2,2020,1,0,None,22.3,0.0,30666
2020-02-22,Ambaji,5,2,2020,1,0,None,22.8,0.0,50656
2020-02-22,Pavagadh,5,2,2020,1,0,None,20.0,0.0,27750
2020-02-23,Somnath,6,2,2020,1,0,None,18.3,0.0,31257
2020-02-23,Dwarka,6,2,2020,1,0,None,25.2,0.0,33411
2020-02-23,Ambaji,6,2,2020,1,0,None,18.5,0.0,42526
2020-02-23,Pavagadh,6,2,2020,1,0,None,19.2,2.0,28841
2020-02-24,Somnath,0,2,2020,0,0,None,27.9,0.0,25655
2020-02-24,Dwarka,0,2,2020,0,0,None,25.8,0.0,20511
2020-02-24,Ambaji,0,2,2020,0,0,None,22.3,0.0,36965
2020-02-24,Pavagadh,0,2,2020,0,0,None,20.3,0.0,21682
2020-02-25,Somnath,1,2,2020,0,0,None,18.4,0.0,22732
2020-02-25,Dwarka,1,2,2020,0,0,None,26.4,0.0,21108
2020-02-25,Ambaji,1,2,2020,0,0,None,18.7,0.0,33589
2020-02-25,Pavagadh,1,2,2020,0,0,None,22.2,0.0,18839
2020-02-26,Somnath,2,2,2020,0,0,None,21.6,0.0,25718
2020-02-26,Dwarka,2,2,2020,0,0,None,21.3,0.0,23167
2020-02-26,Ambaji,2,2,2020,0,0,None,23.9,0.0,31501
2020-02-26,Pavagadh,2,2,2020,0,0,None,26.0,0.0,20790
2020-02-27,Somnath,3,2,2020,0,0,None,18.8,0.0,26605
2020-02-27,Dwarka,3,2,2020,0,0,None,21.9,0.0,22385
2020-02-27,Ambaji,3,2,2020,0,0,None,26.3,0.0,35678
2020-02-27,Pavagadh,3,2,2020,0,0,None,24.4,0.0,20600
2020-02-28,Somnath,4,2,2020,0,0,None,24.3,0.0,23674
2020-02-28,Dwarka,4,2,2020,0,0,None,24.2,0.0,22592
2020-02-28,Ambaji,4,2,2020,0,0,None,24.7,0.0,35686
2020-02-28,Pavagadh,4,2,2020,0,0,None,23.3,0.0,19851
2020-02-29,Somnath,5,2,2020,1,0,None,27.1,0.0,32336
2020-02-29,Dwarka,5,2,2020,1,0,None,18.8,0.0,31065
2020-02-29,Ambaji,5,2,2020,1,0,None,20.3,0.0,44322
2020-02-29,Pavagadh,5,2,2020,1,0,None,22.3,0.0,27422
2020-03-01,Somnath,6,3,2020,1,0,None,36.3,0.0,39342
2020-03-01,Dwarka,6,3,2020,1,0,None,41.5,0.0,30105
2020-03-01,Ambaji,6,3,2020,1,0,None,38.1,0.0,53833
2020-03-01,Pavagadh,6,3,2020,1,0,None,41.0,0.0,25979
2020-03-02,Somnath,0,3,2020,0,0,None,37.6,0.0,24426
2020-03-02,Dwarka,0,3,2020,0,0,None,34.0,0.0,22908
2020-03-02,Ambaji,0,3,2020,0,0,None,41.4,0.0,28786
2020-03-02,Pavagadh,0,3,2020,0,0,None,32.9,0.0,20942
2020-03-03,Somnath,1,3,2020,0,0,None,41.0,0.0,26799
2020-03-03,Dwarka,1,3,2020,0,0,None,33.8,0.0,20391
2020-03-03,Ambaji,1,3,2020,0,0,None,40.8,0.0,32588
2020-03-03,Pavagadh,1,3,2020,0,0,None,38.9,0.0,18179
2020-03-04,Somnath,2,3,2020,0,0,None,33.2,0.0,25984
2020-03-04,Dwarka,2,3,2020,0,0,None,38.2,0.0,20825
2020-03-04,Ambaji,2,3,2020,0,0,None,40.9,0.0,36389
2020-03-04,Pavagadh,2,3,2020,0,0,None,37.0,0.0,21881
2020-03-05,Somnath,3,3,2020,0,0,None,38.2,0.0,24530
2020-03-05,Dwarka,3,3,2020,0,0,None,35.6,0.0,23907
2020-03-05,Ambaji,3,3,2020,0,0,None,41.7,0.0,32607
2020-03-05,Pavagadh,3,3,2020,0,0,None,34.3,0.0,20799
2020-03-06,Somnath,4,3,2020,0,0,None,39.2,0.0,26033
2020-03-06,Dwarka,4,3,2020,0,0,None,42.6,0.0,18659
2020-03-06,Ambaji,4,3,2020,0,0,None,35.2,0.0,36058
2020-03-06,Pavagadh,4,3,2020,0,0,None,33.1,0.0,20586
2020-03-07,Somnath,5,3,2020,1,0,None,32.3,0.0,37996
2020-03-07,Dwarka,5,3,2020,1,0,None,32.3,0.0,31049
2020-03-07,Ambaji,5,3,2020,1,0,None,35.6,0.0,49012
2020-03-07,Pavagadh,5,3,2020,1,0,None,33.1,0.0,28250
2020-03-08,Somnath,6,3,2020,1,0,None,35.4,0.0,35829
2020-03-08,Dwarka,6,3,2020,1,0,None,40.2,1.0,29613
2020-03-08,Ambaji,6,3,2020,1,0,None,35.4,0.0,53994
2020-03-08,Pavagadh,6,3,2020,1,0,None,36.2,0.0,27769
2020-03-09,Somnath,0,3,2020,0,0,None,41.5,0.0,22127
2020-03-09,Dwarka,0,3,2020,0,0,None,35.7,0.0,24074
2020-03-09,Ambaji,0,3,2020,0,0,None,40.9,0.0,38496
2020-03-09,Pavagadh,0,3,2020,0,0,None,38.7,0.0,18266
2020-03-10,Somnath,1,3,2020,0,0,None,36.3,0.0,23032
2020-03-10,Dwarka,1,3,2020,0,0,None,37.4,0.0,20750
2020-03-10,Ambaji,1,3,2020,0,0,None,35.3,1.0,33520
2020-03-10,Pavagadh,1,3,2020,0,0,None,34.3,0.0,20683
2020-03-11,Somnath,2,3,2020,0,0,None,40.0,0.0,22684
2020-03-11,Dwarka,2,3,2020,0,0,None,36.3,0.0,23781
2020-03-11,Ambaji,2,3,2020,0,0,None,38.6,0.0,34276
2020-03-11,Pavagadh,2,3,2020,0,0,None,32.8,0.0,18254
2020-03-12,Somnath,3,3,2020,0,0,None,34.0,0.0,24813
2020-03-12,Dwarka,3,3,2020,0,0,None,36.5,0.0,22938
2020-03-12,Ambaji,3,3,2020,0,0,None,36.1,0.0,33623
2020-03-12,Pavagadh,3,3,2020,0,0,None,35.9,0.0,19961
2020-03-13,Somnath,4,3,2020,0,0,None,40.0,0.0,26517
2020-03-13,Dwarka,4,3,2020,0,0,None,36.9,0.0,22747
2020-03-13,Ambaji,4,3,2020,0,0,None,34.4,0.0,35873
2020-03-13,Pavagadh,4,3,2020,0,0,None,32.3,0.0,20395
2020-03-14,Somnath,5,3,2020,1,0,None,42.6,0.0,27828
2020-03-14,Dwarka,5,3,2020,1,0,None,34.6,0.0,27730
2020-03-14,Ambaji,5,3,2020,1,0,None,42.4,0.0,50116
2020-03-14,Pavagadh,5,3,2020,1,0,None,33.3,0.0,26727
2020-03-15,Somnath,6,3,2020,1,0,None,41.2,0.0,27220
2020-03-15,Dwarka,6,3,2020,1,0,None,41.8,0.0,28819
2020-03-15,Ambaji,6,3,2020,1,0,None,40.3,0.0,57033
2020-03-15,Pavagadh,6,3,2020,1,0,None,42.9,0.0,28377
2020-03-16,Somnath,0,3,2020,0,0,None,42.0,1.0,22891
2020-03-16,Dwarka,0,3,2020,0,0,None,33.7,0.0,23176
2020-03-16,Ambaji,0,3,2020,0,0,None,34.6,0.0,35457
2020-03-16,Pavagadh,0,3,2020,0,0,None,38.6,1.0,20645
2020-03-17,Somnath,1,3,2020,0,0,None,40.6,0.0,26667
2020-03-17,Dwarka,1,3,2020,0,0,None,34.9,0.0,23875
2020-03-17,Ambaji,1,3,2020,0,0,None,39.6,0.0,34771
2020-03-17,Pavagadh,1,3,2020,0,0,None,36.1,0.0,18482
2020-03-18,Somnath,2,3,2020,0,0,None,37.0,0.0,25191
2020-03-18,Dwarka,2,3,2020,0,0,None,39.0,1.0,22669
2020-03-18,Ambaji,2,3,2020,0,0,None,41.7,0.0,29196
2020-03-18,Pavagadh,2,3,2020,0,0,None,33.5,0.0,19582
2020-03-19,Somnath,3,3,2020,0,0,None,40.8,0.0,26911
2020-03-19,Dwarka,3,3,2020,0,0,None,42.7,0.0,20214
2020-03-19,Ambaji,3,3,2020,0,0,None,35.4,0.0,37196
2020-03-19,Pavagadh,3,3,2020,0,0,None,42.8,0.0,17839
2020-03-20,Somnath,4,3,2020,0,0,None,37.9,0.0,25014
2020-03-20,Dwarka,4,3,2020,0,0,None,34.2,1.0,23119
2020-03-20,Ambaji,4,3,2020,0,0,None,39.5,1.0,33490
2020-03-20,Pavagadh,4,3,2020,0,0,None,32.9,0.0,21993
2020-03-21,Somnath,5,3,2020,1,0,None,38.4,0.0,33299
2020-03-21,Dwarka,5,3,2020,1,0,None,37.9,0.0,32308
2020-03-21,Ambaji,5,3,2020,1,0,None,41.9,0.0,42825
2020-03-21,Pavagadh,5,3,2020,1,0,None,38.4,0.0,26939
2020-03-22,Somnath,6,3,2020,1,0,None,36.8,0.0,31485
2020-03-22,Dwarka,6,3,2020,1,0,None,39.8,0.0,29295
2020-03-22,Ambaji,6,3,2020,1,0,None,42.1,0.0,41873
2020-03-22,Pavagadh,6,3,2020,1,0,None,32.2,0.0,27185
2020-03-23,Somnath,0,3,2020,0,0,None,41.2,0.0,22150
2020-03-23,Dwarka,0,3,2020,0,0,None,42.6,0.0,20291
2020-03-23,Ambaji,0,3,2020,0,0,None,33.5,0.0,31594
2020-03-23,Pavagadh,0,3,2020,0,0,None,35.6,0.0,21215
2020-03-24,Somnath,1,3,2020,0,0,None,43.0,0.0,20213
2020-03-24,Dwarka,1,3,2020,0,0,None,33.5,0.0,21532
2020-03-24,Ambaji,1,3,2020,0,0,None,42.3,0.0,29884
2020-03-24,Pavagadh,1,3,2020,0,0,None,32.0,0.0,18326
2020-03-25,Somnath,2,3,2020,0,0,None,42.6,0.0,25035
2020-03-25,Dwarka,2,3,2020,0,0,None,33.5,0.0,23233
2020-03-25,Ambaji,2,3,2020,0,0,None,32.4,0.0,32062
2020-03-25,Pavagadh,2,3,2020,0,0,None,34.6,0.0,21629
2020-03-26,Somnath,3,3,2020,0,0,None,34.0,0.0,25438
2020-03-26,Dwarka,3,3,2020,0,0,None,35.8,0.0,20323
2020-03-26,Ambaji,3,3,2020,0,0,None,40.2,0.0,34049
2020-03-26,Pavagadh,3,3,2020,0,0,None,33.9,0.0,21114
2020-03-27,Somnath,4,3,2020,0,0,None,35.4,0.0,23571
2020-03-27,Dwarka,4,3,2020,0,0,None,39.5,5.0,19858
2020-03-27,Ambaji,4,3,2020,0,0,None,35.4,0.0,33714
2020-03-27,Pavagadh,4,3,2020,0,0,None,36.5,1.0,18322
2020-03-28,Somnath,5,3,2020,1,0,None,40.5,0.0,36654
2020-03-28,Dwarka,5,3,2020,1,0,None,32.4,1.0,29529
2020-03-28,Ambaji,5,3,2020,1,0,None,41.7,0.0,50518
2020-03-28,Pavagadh,5,3,2020,1,0,None,40.0,0.0,29983
2020-03-29,Somnath,6,3,2020,1,0,None,39.7,0.0,30357
2020-03-29,Dwarka,6,3,2020,1,0,None,39.0,1.0,33472
2020-03-29,Ambaji,6,3,2020,1,0,None,42.3,1.0,51866
2020-03-29,Pavagadh,6,3,2020,1,0,None,39.6,0.0,24588
2020-03-30,Somnath,0,3,2020,0,0,None,32.3,0.0,27098
2020-03-30,Dwarka,0,3,2020,0,0,None,39.3,0.0,23290
2020-03-30,Ambaji,0,3,2020,0,0,None,37.4,0.0,37691
2020-03-30,Pavagadh,0,3,2020,0,0,None,35.7,0.0,19162
2020-03-31,Somnath,1,3,2020,0,0,None,37.5,0.0,23283
2020-03-31,Dwarka,1,3,2020,0,0,None,42.7,0.0,21528
2020-03-31,Ambaji,1,3,2020,0,0,None,42.4,0.0,31611
2020-03-31,Pavagadh,1,3,2020,0,0,None,32.5,0.0,21185
2020-04-01,Somnath,2,4,2020,0,0,None,38.2,0.0,24935
2020-04-01,Dwarka,2,4,2020,0,0,None,42.1,0.0,19622
2020-04-01,Ambaji,2,4,2020,0,0,None,34.1,0.0,35232
2020-04-01,Pavagadh,2,4,2020,0,0,None,35.1,0.0,20831
2020-04-02,Somnath,3,4,2020,0,0,None,40.1,0.0,26252
2020-04-02,Dwarka,3,4,2020,0,0,None,39.4,0.0,20059
2020-04-02,Ambaji,3,4,2020,0,0,None,39.1,0.0,32522
2020-04-02,Pavagadh,3,4,2020,0,0,None,32.5,0.0,21830
2020-04-03,Somnath,4,4,2020,0,0,None,40.0,0.0,27207
2020-04-03,Dwarka,4,4,2020,0,0,None,38.8,0.0,21043
2020-04-03,Ambaji,4,4,2020,0,0,None,38.5,0.0,34331
2020-04-03,Pavagadh,4,4,2020,0,0,None,32.4,0.0,18299
2020-04-04,Somnath,5,4,2020,1,0,None,36.3,0.0,36670
2020-04-04,Dwarka,5,4,2020,1,0,None,39.2,0.0,32145
2020-04-04,Ambaji,5,4,2020,1,0,None,32.6,0.0,49260
2020-04-04,Pavagadh,5,4,2020,1,0,None,34.6,0.0,31477
2020-04-05,Somnath,6,4,2020,1,0,None,42.4,0.0,31933
2020-04-05,Dwarka,6,4,2020,1,0,None,35.6,0.0,32767
2020-04-05,Ambaji,6,4,2020,1,0,None,38.2,0.0,53088
2020-04-05,Pavagadh,6,4,2020,1,0,None,38.1,0.0,25269
2020-04-06,Somnath,0,4,2020,0,0,None,38.3,0.0,25548
2020-04-06,Dwarka,0,4,2020,0,0,None,37.8,0.0,19927
2020-04-06,Ambaji,0,4,2020,0,0,None,40.6,0.0,34093
2020-04-06,Pavagadh,0,4,2020,0,0,None,42.6,0.0,17435
2020-04-07,Somnath,1,4,2020,0,0,None,37.8,0.0,22947
2020-04-07,Dwarka,1,4,2020,0,0,None,39.3,0.0,23185
2020-04-07,Ambaji,1,4,2020,0,0,None,33.0,0.0,36050
2020-04-07,Pavagadh,1,4,2020,0,0,None,33.5,0.0,18236
2020-04-08,Somnath,2,4,2020,0,0,None,35.7,0.0,26371
2020-04-08,Dwarka,2,4,2020,0,0,None,39.1,0.0,22920
2020-04-08,Ambaji,2,4,2020,0,0,None,37.7,1.0,36363
2020-04-08,Pavagadh,2,4,2020,0,0,None,38.6,0.0,21609
2020-04-09,Somnath,3,4,2020,0,0,None,35.3,0.0,23483
2020-04-09,Dwarka,3,4,2020,0,0,None,33.2,0.0,23433
2020-04-09,Ambaji,3,4,2020,0,0,None,39.2,0.0,37021
2020-04-09,Pavagadh,3,4,2020,0,0,None,37.5,0.0,19448
2020-04-10,Somnath,4,4,2020,0,0,None,41.5,0.0,20637
2020-04-10,Dwarka,4,4,2020,0,0,None,39.9,0.0,20627
2020-04-10,Ambaji,4,4,2020,0,0,None,33.2,0.0,36234
2020-04-10,Pavagadh,4,4,2020,0,0,None,36.0,0.0,21912
2020-04-11,Somnath,5,4,2020,1,0,None,34.3,0.0,33912
2020-04-11,Dwarka,5,4,2020,1,0,None,36.6,0.0,33892
2020-04-11,Ambaji,5,4,2020,1,0,None,33.2,0.0,49043
2020-04-11,Pavagadh,5,4,2020,1,0,None,40.7,0.0,30021
2020-04-12,Somnath,6,4,2020,1,0,None,37.8,0.0,37750
2020-04-12,Dwarka,6,4,2020,1,0,None,34.6,0.0,31026
2020-04-12,Ambaji,6,4,2020,1,0,None,36.5,0.0,56839
2020-04-12,Pavagadh,6,4,2020,1,0,None,42.7,0.0,23557
2020-04-13,Somnath,0,4,2020,0,0,None,36.3,0.0,23041
2020-04-13,Dwarka,0,4,2020,0,0,None,37.9,0.0,21461
2020-04-13,Ambaji,0,4,2020,0,0,None,35.9,0.0,37961
2020-04-13,Pavagadh,0,4,2020,0,0,None,32.5,0.0,19058
2020-04-14,Somnath,1,4,2020,0,0,None,41.8,0.0,21863
2020-04-14,Dwarka,1,4,2020,0,0,None,41.8,0.0,18647
2020-04-14,Ambaji,1,4,2020,0,0,None,42.5,0.0,31518
2020-04-14,Pavagadh,1,4,2020,0,0,None,35.8,0.0,20415
2020-04-15,Somnath,2,4,2020,0,0,None,42.5,0.0,21810
2020-04-15,Dwarka,2,4,2020,0,0,None,42.3,0.0,19390
2020-04-15,Ambaji,2,4,2020,0,0,None,39.9,0.0,34857
2020-04-15,Pavagadh,2,4,2020,0,0,None,37.8,0.0,19217
2020-04-16,Somnath,3,4,2020,0,0,None,35.8,0.0,25291
2020-04-16,Dwarka,3,4,2020,0,0,None,39.8,0.0,20834
2020-04-16,Ambaji,3,4,2020,0,0,None,40.5,0.0,36513
2020-04-16,Pavagadh,3,4,2020,0,0,None,33.1,0.0,20108
2020-04-17,Somnath,4,4,2020,0,0,None,36.8,0.0,22681
2020-04-17,Dwarka,4,4,2020,0,0,None,34.5,0.0,23527
2020-04-17,Ambaji,4,4,2020,0,0,None,36.2,0.0,35131
2020-04-17,Pavagadh,4,4,2020,0,0,None,38.8,0.0,21506
2020-04-18,Somnath,5,4,2020,1,0,None,37.8,0.0,33283
2020-04-18,Dwarka,5,4,2020,1,0,None,39.7,0.0,31701
2020-04-18,Ambaji,5,4,2020,1,0,None,37.9,0.0,54680
2020-04-18,Pavagadh,5,4,2020,1,0,None,34.2,1.0,28311
2020-04-19,Somnath,6,4,2020,1,0,None,41.0,0.0,39789
2020-04-19,Dwarka,6,4,2020,1,0,None,42.9,0.0,28629
2020-04-19,Ambaji,6,4,2020,1,0,None,37.9,0.0,56128
2020-04-19,Pavagadh,6,4,2020,1,0,None,36.5,0.0,24707
2020-04-20,Somnath,0,4,2020,0,0,None,39.7,1.0,22967
2020-04-20,Dwarka,0,4,2020,0,0,None,38.1,0.0,21016
2020-04-20,Ambaji,0,4,2020,0,0,None,38.3,0.0,37364
2020-04-20,Pavagadh,0,4,2020,0,0,None,37.0,0.0,19207
2020-04-21,Somnath,1,4,2020,0,0,None,34.3,0.0,24294
2020-04-21,Dwarka,1,4,2020,0,0,None,32.4,0.0,22669
2020-04-21,Ambaji,1,4,2020,0,0,None,39.1,0.0,33511
2020-04-21,Pavagadh,1,4,2020,0,0,None,38.3,0.0,19671
2020-04-22,Somnath,2,4,2020,0,0,None,39.8,0.0,23881
2020-04-22,Dwarka,2,4,2020,0,0,None,33.6,0.0,24019
2020-04-22,Ambaji,2,4,2020,0,0,None,36.1,0.0,36636
2020-04-22,Pavagadh,2,4,2020,0,0,None,32.5,0.0,21328
2020-04-23,Somnath,3,4,2020,0,0,None,41.5,0.0,23327
2020-04-23,Dwarka,3,4,2020,0,0,None,35.2,0.0,20933
2020-04-23,Ambaji,3,4,2020,0,0,None,36.3,0.0,34850
2020-04-23,Pavagadh,3,4,2020,0,0,None,40.1,0.0,18287
2020-04-24,Somnath,4,4,2020,0,0,None,36.8,0.0,22790
2020-04-24,Dwarka,4,4,2020,0,0,None,32.7,0.0,20657
2020-04-24,Ambaji,4,4,2020,0,0,None,42.3,0.0,32015
2020-04-24,Pavagadh,4,4,2020,0,0,None,36.1,0.0,18948
2020-04-25,Somnath,5,4,2020,1,0,None,39.1,0.0,31887
2020-04-25,Dwarka,5,4,2020,1,0,None,34.2,0.0,33625
2020-04-25,Ambaji,5,4,2020,1,0,None,39.1,1.0,42855
2020-04-25,Pavagadh,5,4,2020,1,0,None,36.6,0.0,26047
2020-04-26,Somnath,6,4,2020,1,0,None,33.6,0.0,36337
2020-04-26,Dwarka,6,4,2020,1,0,None,32.5,0.0,28357
2020-04-26,Ambaji,6,4,2020,1,0,None,35.6,0.0,52133
2020-04-26,Pavagadh,6,4,2020,1,0,None,35.5,0.0,28793
2020-04-27,Somnath,0,4,2020,0,0,None,39.0,0.0,25811
2020-04-27,Dwarka,0,4,2020,0,0,None,36.9,1.0,23403
2020-04-27,Ambaji,0,4,2020,0,0,None,33.9,0.0,34898
2020-04-27,Pavagadh,0,4,2020,0,0,None,34.1,0.0,20189
2020-04-28,Somnath,1,4,2020,0,0,None,32.3,0.0,25674
2020-04-28,Dwarka,1,4,2020,0,0,None,33.6,0.0,22377
2020-04-28,Ambaji,1,4,2020,0,0,None,33.5,0.0,31692
2020-04-28,Pavagadh,1,4,2020,0,0,None,33.1,0.0,20112
2020-04-29,Somnath,2,4,2020,0,0,None,38.8,0.0,23943
2020-04-29,Dwarka,2,4,2020,0,0,None,40.9,0.0,21033
2020-04-29,Ambaji,2,4,2020,0,0,None,32.4,0.0,33973
2020-04-29,Pavagadh,2,4,2020,0,0,None,34.1,0.0,21283
2020-04-30,Somnath,3,4,2020,0,0,None,33.8,0.0,25875
2020-04-30,Dwarka,3,4,2020,0,0,None,35.6,0.0,21755
2020-04-30,Ambaji,3,4,2020,0,0,None,33.4,1.0,35487
2020-04-30,Pavagadh,3,4,2020,0,0,None,41.7,0.0,16154
2020-05-01,Somnath,4,5,2020,0,0,None,33.6,0.0,26812
2020-05-01,Dwarka,4,5,2020,0,0,None,37.8,0.0,20396
2020-05-01,Ambaji,4,5,2020,0,0,None,40.9,1.0,32896
2020-05-01,Pavagadh,4,5,2020,0,0,None,32.1,0.0,18121
2020-05-02,Somnath,5,5,2020,1,0,None,41.1,0.0,30839
2020-05-02,Dwarka,5,5,2020,1,0,None,34.4,0.0,30778
2020-05-02,Ambaji,5,5,2020,1,0,None,35.5,0.0,47077
2020-05-02,Pavagadh,5,5,2020,1,0,None,37.7,0.0,29332
2020-05-03,Somnath,6,5,2020,1,0,None,36.2,0.0,37161
2020-05-03,Dwarka,6,5,2020,1,0,None,33.0,0.0,32367
2020-05-03,Ambaji,6,5,2020,1,0,None,42.1,0.0,43836
2020-05-03,Pavagadh,6,5,2020,1,0,None,40.3,0.0,30638
2020-05-04,Somnath,0,5,2020,0,0,None,34.2,0.0,25953
2020-05-04,Dwarka,0,5,2020,0,0,None,41.1,0.0,21451
2020-05-04,Ambaji,0,5,2020,0,0,None,39.7,0.0,36834
2020-05-04,Pavagadh,0,5,2020,0,0,None,34.0,0.0,19578
2020-05-05,Somnath,1,5,2020,0,0,None,35.5,0.0,23346
2020-05-05,Dwarka,1,5,2020,0,0,None,35.2,0.0,21880
2020-05-05,Ambaji,1,5,2020,0,0,None,40.5,0.0,37242
2020-05-05,Pavagadh,1,5,2020,0,0,None,36.6,0.0,19151
2020-05-06,Somnath,2,5,2020,0,0,None,32.6,0.0,25743
2020-05-06,Dwarka,2,5,2020,0,0,None,40.8,0.0,20490
2020-05-06,Ambaji,2,5,2020,0,0,None,41.4,0.0,34362
2020-05-06,Pavagadh,2,5,2020,0,0,None,35.3,0.0,18706
2020-05-07,Somnath,3,5,2020,0,0,None,33.0,0.0,24797
2020-05-07,Dwarka,3,5,2020,0,0,None,42.0,0.0,18350
2020-05-07,Ambaji,3,5,2020,0,0,None,35.8,0.0,32403
2020-05-07,Pavagadh,3,5,2020,0,0,None,40.8,1.0,19416
2020-05-08,Somnath,4,5,2020,0,0,None,39.8,0.0,25954
2020-05-08,Dwarka,4,5,2020,0,0,None,32.2,0.0,22923
2020-05-08,Ambaji,4,5,2020,0,0,None,39.8,0.0,34841
2020-05-08,Pavagadh,4,5,2020,0,0,None,39.4,0.0,21865
2020-05-09,Somnath,5,5,2020,1,0,None,41.8,0.0,30166
2020-05-09,Dwarka,5,5,2020,1,0,None,33.8,0.0,32870
2020-05-09,Ambaji,5,5,2020,1,0,None,36.8,0.0,47031
2020-05-09,Pavagadh,5,5,2020,1,0,None,37.3,1.0,26534
2020-05-10,Somnath,6,5,2020,1,0,None,36.0,5.0,36358
2020-05-10,Dwarka,6,5,2020,1,0,None,43.0,0.0,25110
2020-05-10,Ambaji,6,5,2020,1,0,None,39.0,1.0,48689
2020-05-10,Pavagadh,6,5,2020,1,0,None,35.3,0.0,24931
2020-05-11,Somnath,0,5,2020,0,0,None,37.5,0.0,26255
2020-05-11,Dwarka,0,5,2020,0,0,None,32.7,0.0,21067
2020-05-11,Ambaji,0,5,2020,0,0,None,33.1,0.0,33595
2020-05-11,Pavagadh,0,5,2020,0,0,None,39.0,0.0,19819
2020-05-12,Somnath,1,5,2020,0,0,None,40.2,0.0,26974
2020-05-12,Dwarka,1,5,2020,0,0,None,33.7,0.0,20268
2020-05-12,Ambaji,1,5,2020,0,0,None,35.4,0.0,38415
2020-05-12,Pavagadh,1,5,2020,0,0,None,40.7,0.0,20303
2020-05-13,Somnath,2,5,2020,0,0,None,38.9,0.0,26182
2020-05-13,Dwarka,2,5,2020,0,0,None,38.3,0.0,23082
2020-05-13,Ambaji,2,5,2020,0,0,None,33.5,0.0,36320
2020-05-13,Pavagadh,2,5,2020,0,0,None,41.4,0.0,17883
2020-05-14,Somnath,3,5,2020,0,0,None,36.6,0.0,27151
2020-05-14,Dwarka,3,5,2020,0,0,None,35.1,0.0,20623
2020-05-14,Ambaji,3,5,2020,0,0,None,37.7,0.0,33628
2020-05-14,Pavagadh,3,5,2020,0,0,None,40.9,1.0,18291
2020-05-15,Somnath,4,5,2020,0,0,None,40.3,0.0,23376
2020-05-15,Dwarka,4,5,2020,0,0,None,38.6,0.0,21536
2020-05-15,Ambaji,4,5,2020,0,0,None,32.4,1.0,36615
2020-05-15,Pavagadh,4,5,2020,0,0,None,35.0,0.0,18111
2020-05-16,Somnath,5,5,2020,1,0,None,35.7,0.0,33038
2020-05-16,Dwarka,5,5,2020,1,0,None,40.5,0.0,29730
2020-05-16,Ambaji,5,5,2020,1,0,None,36.7,0.0,49187
2020-05-16,Pavagadh,5,5,2020,1,0,None,32.2,0.0,26117
2020-05-17,Somnath,6,5,2020,1,0,None,38.4,0.0,39008
2020-05-17,Dwarka,6,5,2020,1,0,None,37.8,0.0,34605
2020-05-17,Ambaji,6,5,2020,1,0,None,34.4,0.0,50726
2020-05-17,Pavagadh,6,5,2020,1,0,None,35.5,1.0,27830
2020-05-18,Somnath,0,5,2020,0,0,None,40.7,0.0,23382
2020-05-18,Dwarka,0,5,2020,0,0,None,38.0,0.0,23433
2020-05-18,Ambaji,0,5,2020,0,0,None,37.0,0.0,33679
2020-05-18,Pavagadh,0,5,2020,0,0,None,38.3,0.0,19541
2020-05-19,Somnath,1,5,2020,0,0,None,41.4,0.0,22264
2020-05-19,Dwarka,1,5,2020,0,0,None,32.4,0.0,23081
2020-05-19,Ambaji,1,5,2020,0,0,None,34.9,0.0,36394
2020-05-19,Pavagadh,1,5,2020,0,0,None,35.8,0.0,19615
2020-05-20,Somnath,2,5,2020,0,0,None,42.4,0.0,21124
2020-05-20,Dwarka,2,5,2020,0,0,None,39.4,0.0,23865
2020-05-20,Ambaji,2,5,2020,0,0,None,41.7,0.0,32893
2020-05-20,Pavagadh,2,5,2020,0,0,None,42.1,0.0,19318
2020-05-21,Somnath,3,5,2020,0,0,None,35.9,0.0,27022
2020-05-21,Dwarka,3,5,2020,0,0,None,40.8,0.0,21229
2020-05-21,Ambaji,3,5,2020,0,0,None,35.9,1.0,38492
2020-05-21,Pavagadh,3,5,2020,0,0,None,40.5,0.0,18040
2020-05-22,Somnath,4,5,2020,0,0,None,39.7,0.0,25664
2020-05-22,Dwarka,4,5,2020,0,0,None,38.7,0.0,23955
2020-05-22,Ambaji,4,5,2020,0,0,None,32.3,0.0,34368
2020-05-22,Pavagadh,4,5,2020,0,0,None,39.9,0.0,18040
2020-05-23,Somnath,5,5,2020,1,0,None,35.1,0.0,34858
2020-05-23,Dwarka,5,5,2020,1,0,None,34.6,0.0,30163
2020-05-23,Ambaji,5,5,2020,1,0,None,39.9,0.0,52951
2020-05-23,Pavagadh,5,5,2020,1,0,None,33.0,0.0,25232
2020-05-24,Somnath,6,5,2020,1,0,None,38.0,0.0,33260
2020-05-24,Dwarka,6,5,2020,1,0,None,33.1,0.0,32625
2020-05-24,Ambaji,6,5,2020,1,0,None,34.9,0.0,52161
2020-05-24,Pavagadh,6,5,2020,1,0,None,40.4,0.0,25363
2020-05-25,Somnath,0,5,2020,0,0,None,33.0,5.0,23645
2020-05-25,Dwarka,0,5,2020,0,0,None,39.0,0.0,22674
2020-05-25,Ambaji,0,5,2020,0,0,None,34.3,0.0,32275
2020-05-25,Pavagadh,0,5,2020,0,0,None,41.8,0.0,16769
2020-05-26,Somnath,1,5,2020,0,0,None,34.3,0.0,23109
2020-05-26,Dwarka,1,5,2020,0,0,None,33.7,0.0,21006
2020-05-26,Ambaji,1,5,2020,0,0,None,34.4,0.0,34108
2020-05-26,Pavagadh,1,5,2020,0,0,None,33.5,0.0,19548
2020-05-27,Somnath,2,5,2020,0,0,None,40.1,0.0,25603
2020-05-27,Dwarka,2,5,2020,0,0,None,36.8,0.0,20822
2020-05-27,Ambaji,2,5,2020,0,0,None,32.3,0.0,33784
2020-05-27,Pavagadh,2,5,2020,0,0,None,39.5,1.0,20259
2020-05-28,Somnath,3,5,2020,0,0,None,36.4,0.0,27170
2020-05-28,Dwarka,3,5,2020,0,0,None,39.5,0.0,21675
2020-05-28,Ambaji,3,5,2020,0,0,None,41.3,0.0,31353
2020-05-28,Pavagadh,3,5,2020,0,0,None,36.7,0.0,21230
2020-05-29,Somnath,4,5,2020,0,0,None,33.4,0.0,24181
2020-05-29,Dwarka,4,5,2020,0,0,None,35.8,0.0,24186
2020-05-29,Ambaji,4,5,2020,0,0,None,36.5,0.0,35795
2020-05-29,Pavagadh,4,5,2020,0,0,None,34.6,0.0,18200
2020-05-30,Somnath,5,5,2020,1,0,None,32.3,0.0,32455
2020-05-30,Dwarka,5,5,2020,1,0,None,40.6,0.0,33198
2020-05-30,Ambaji,5,5,2020,1,0,None,32.3,1.0,47178
2020-05-30,Pavagadh,5,5,2020,1,0,None,35.1,0.0,25888
2020-05-31,Somnath,6,5,2020,1,0,None,33.1,0.0,31245
2020-05-31,Dwarka,6,5,2020,1,0,None,37.5,0.0,28492
2020-05-31,Ambaji,6,5,2020,1,0,None,41.2,0.0,50317
2020-05-31,Pavagadh,6,5,2020,1,0,None,32.7,0.0,28956
2020-06-01,Somnath,0,6,2020,0,0,None,42.8,0.0,24490
2020-06-01,Dwarka,0,6,2020,0,0,None,34.6,0.0,19849
2020-06-01,Ambaji,0,6,2020,0,0,None,36.5,0.0,37820
2020-06-01,Pavagadh,0,6,2020,0,0,None,33.4,0.0,19632
2020-06-02,Somnath,1,6,2020,0,0,None,40.6,0.0,25069
2020-06-02,Dwarka,1,6,2020,0,0,None,38.5,0.0,21901
2020-06-02,Ambaji,1,6,2020,0,0,None,42.9,0.0,30277
2020-06-02,Pavagadh,1,6,2020,0,0,None,37.9,0.0,20309
2020-06-03,Somnath,2,6,2020,0,0,None,41.4,0.0,20336
2020-06-03,Dwarka,2,6,2020,0,0,None,40.7,0.0,23392
2020-06-03,Ambaji,2,6,2020,0,0,None,34.9,0.0,32583
2020-06-03,Pavagadh,2,6,2020,0,0,None,42.8,0.0,15904
2020-06-04,Somnath,3,6,2020,0,0,None,35.4,0.0,25057
2020-06-04,Dwarka,3,6,2020,0,0,None,34.4,0.0,20419
2020-06-04,Ambaji,3,6,2020,0,0,None,36.7,0.0,31933
2020-06-04,Pavagadh,3,6,2020,0,0,None,36.4,0.0,18961
2020-06-05,Somnath,4,6,2020,0,0,None,38.6,0.0,25653
2020-06-05,Dwarka,4,6,2020,0,0,None,33.7,0.0,20722
2020-06-05,Ambaji,4,6,2020,0,0,None,37.9,0.0,33812
2020-06-05,Pavagadh,4,6,2020,0,0,None,40.6,0.0,21899
2020-06-06,Somnath,5,6,2020,1,0,None,33.3,0.0,36849
2020-06-06,Dwarka,5,6,2020,1,0,None,32.8,0.0,33042
2020-06-06,Ambaji,5,6,2020,1,0,None,42.8,0.0,41978
2020-06-06,Pavagadh,5,6,2020,1,0,None,33.8,5.0,25729
2020-06-07,Somnath,6,6,2020,1,0,None,34.4,0.0,33901
2020-06-07,Dwarka,6,6,2020,1,0,None,37.0,0.0,27456
2020-06-07,Ambaji,6,6,2020,1,0,None,41.8,0.0,44724
2020-06-07,Pavagadh,6,6,2020,1,0,None,35.2,0.0,28122
2020-06-08,Somnath,0,6,2020,0,0,None,34.7,0.0,23475
2020-06-08,Dwarka,0,6,2020,0,0,None,39.0,0.0,22528
2020-06-08,Ambaji,0,6,2020,0,0,None,37.6,0.0,36043
2020-06-08,Pavagadh,0,6,2020,0,0,None,36.9,0.0,19413
2020-06-09,Somnath,1,6,2020,0,0,None,37.4,0.0,27288
2020-06-09,Dwarka,1,6,2020,0,0,None,39.3,0.0,23420
2020-06-09,Ambaji,1,6,2020,0,0,None,35.5,0.0,33439
2020-06-09,Pavagadh,1,6,2020,0,0,None,40.1,0.0,20208
2020-06-10,Somnath,2,6,2020,0,0,None,34.7,0.0,24414
2020-06-10,Dwarka,2,6,2020,0,0,None,33.6,0.0,22811
2020-06-10,Ambaji,2,6,2020,0,0,None,41.1,0.0,32601
2020-06-10,Pavagadh,2,6,2020,0,0,None,41.8,0.0,17718
2020-06-11,Somnath,3,6,2020,0,0,None,40.6,0.0,25475
2020-06-11,Dwarka,3,6,2020,0,0,None,38.5,0.0,23098
2020-06-11,Ambaji,3,6,2020,0,0,None,36.7,0.0,35119
2020-06-11,Pavagadh,3,6,2020,0,0,None,34.7,0.0,20947
2020-06-12,Somnath,4,6,2020,0,0,None,42.7,0.0,23500
2020-06-12,Dwarka,4,6,2020,0,0,None,38.9,1.0,20256
2020-06-12,Ambaji,4,6,2020,0,0,None,35.8,0.0,37348
2020-06-12,Pavagadh,4,6,2020,0,0,None,41.7,0.0,16077
2020-06-13,Somnath,5,6,2020,1,0,None,38.5,0.0,34572
2020-06-13,Dwarka,5,6,2020,1,0,None,36.4,0.0,30803
2020-06-13,Ambaji,5,6,2020,1,0,None,42.1,0.0,45750
2020-06-13,Pavagadh,5,6,2020,1,0,None,32.2,0.0,30691
2020-06-14,Somnath,6,6,2020,1,0,None,37.9,0.0,34497
2020-06-14,Dwarka,6,6,2020,1,0,None,34.7,0.0,31951
2020-06-14,Ambaji,6,6,2020,1,0,None,38.6,0.0,49368
2020-06-14,Pavagadh,6,6,2020,1,0,None,32.1,0.0,27906
2020-06-15,Somnath,0,6,2020,0,0,None,32.7,0.0,23937
2020-06-15,Dwarka,0,6,2020,0,0,None,35.0,0.0,21263
2020-06-15,Ambaji,0,6,2020,0,0,None,35.9,0.0,38351
2020-06-15,Pavagadh,0,6,2020,0,0,None,42.3,0.0,20824
2020-06-16,Somnath,1,6,2020,0,0,None,35.9,0.0,27295
2020-06-16,Dwarka,1,6,2020,0,0,None,38.7,0.0,22833
2020-06-16,Ambaji,1,6,2020,0,0,None,34.3,0.0,33092
2020-06-16,Pavagadh,1,6,2020,0,0,None,34.7,0.0,21522
2020-06-17,Somnath,2,6,2020,0,0,None,35.3,0.0,22934
2020-06-17,Dwarka,2,6,2020,0,0,None,38.1,5.0,20438
2020-06-17,Ambaji,2,6,2020,0,0,None,33.1,0.0,35443
2020-06-17,Pavagadh,2,6,2020,0,0,None,35.2,0.0,19697
2020-06-18,Somnath,3,6,2020,0,0,None,35.5,1.0,22709
2020-06-18,Dwarka,3,6,2020,0,0,None,34.6,0.0,23469
2020-06-18,Ambaji,3,6,2020,0,0,None,33.2,1.0,36353
2020-06-18,Pavagadh,3,6,2020,0,0,None,35.0,0.0,19188
2020-06-19,Somnath,4,6,2020,0,0,None,33.7,0.0,25400
2020-06-19,Dwarka,4,6,2020,0,0,None,41.1,0.0,19340
2020-06-19,Ambaji,4,6,2020,0,0,None,39.1,0.0,33787
2020-06-19,Pavagadh,4,6,2020,0,0,None,38.4,0.0,20865
2020-06-20,Somnath,5,6,2020,1,0,None,33.8,0.0,37327
2020-06-20,Dwarka,5,6,2020,1,0,None,38.3,1.0,28823
2020-06-20,Ambaji,5,6,2020,1,0,None,36.6,0.0,54679
2020-06-20,Pavagadh,5,6,2020,1,0,None,39.4,0.0,29102
2020-06-21,Somnath,6,6,2020,1,0,None,41.2,1.0,31469
2020-06-21,Dwarka,6,6,2020,1,0,None,33.7,0.0,29214
2020-06-21,Ambaji,6,6,2020,1,0,None,41.6,0.0,40221
2020-06-21,Pavagadh,6,6,2020,1,0,None,36.6,0.0,23730
2020-06-22,Somnath,0,6,2020,0,0,None,41.9,0.0,24421
2020-06-22,Dwarka,0,6,2020,0,0,None,41.1,0.0,20730
2020-06-22,Ambaji,0,6,2020,0,0,None,39.7,0.0,34702
2020-06-22,Pavagadh,0,6,2020,0,0,None,33.9,0.0,20591
2020-06-23,Somnath,1,6,2020,0,0,None,38.7,0.0,22824
2020-06-23,Dwarka,1,6,2020,0,0,None,42.6,0.0,20383
2020-06-23,Ambaji,1,6,2020,0,0,None,36.5,0.0,34770
2020-06-23,Pavagadh,1,6,2020,0,0,None,38.3,0.0,21675
2020-06-24,Somnath,2,6,2020,0,0,None,35.1,0.0,23061
2020-06-24,Dwarka,2,6,2020,0,0,None,36.3,0.0,20789
2020-06-24,Ambaji,2,6,2020,0,0,None,38.5,0.0,32218
2020-06-24,Pavagadh,2,6,2020,0,0,None,37.8,0.0,18453
2020-06-25,Somnath,3,6,2020,0,0,None,42.1,0.0,20268
2020-06-25,Dwarka,3,6,2020,0,0,None,33.9,0.0,23310
2020-06-25,Ambaji,3,6,2020,0,0,None,37.5,0.0,38154
2020-06-25,Pavagadh,3,6,2020,0,0,None,36.1,0.0,19096
2020-06-26,Somnath,4,6,2020,0,0,None,34.6,0.0,23957
2020-06-26,Dwarka,4,6,2020,0,0,None,37.7,0.0,23220
2020-06-26,Ambaji,4,6,2020,0,0,None,39.8,0.0,32311
2020-06-26,Pavagadh,4,6,2020,0,0,None,38.0,0.0,18339
2020-06-27,Somnath,5,6,2020,1,0,None,37.8,0.0,34932
2020-06-27,Dwarka,5,6,2020,1,0,None,42.8,0.0,26319
2020-06-27,Ambaji,5,6,2020,1,0,None,39.6,0.0,47592
2020-06-27,Pavagadh,5,6,2020,1,0,None,35.0,1.0,24889
2020-06-28,Somnath,6,6,2020,1,0,None,33.8,0.0,37408
2020-06-28,Dwarka,6,6,2020,1,0,None,40.9,0.0,29019
2020-06-28,Ambaji,6,6,2020,1,0,None,33.6,0.0,48623
2020-06-28,Pavagadh,6,6,2020,1,0,None,37.5,0.0,23687
2020-06-29,Somnath,0,6,2020,0,0,None,39.9,0.0,25760
2020-06-29,Dwarka,0,6,2020,0,0,None,38.0,5.0,23475
2020-06-29,Ambaji,0,6,2020,0,0,None,36.5,0.0,32321
2020-06-29,Pavagadh,0,6,2020,0,0,None,36.3,0.0,20490
2020-06-30,Somnath,1,6,2020,0,0,None,37.3,0.0,26515
2020-06-30,Dwarka,1,6,2020,0,0,None,35.0,0.0,22491
2020-06-30,Ambaji,1,6,2020,0,0,None,36.1,0.0,33126
2020-06-30,Pavagadh,1,6,2020,0,0,None,41.8,0.0,18027
2020-07-01,Somnath,2,7,2020,0,0,None,29.9,15.5,24037
2020-07-01,Dwarka,2,7,2020,0,0,None,31.0,0.0,21251
2020-07-01,Ambaji,2,7,2020,0,0,None,31.0,2.9,32043
2020-07-01,Pavagadh,2,7,2020,0,0,None,30.2,0.0,21229
2020-07-02,Somnath,3,7,2020,0,0,None,29.9,1.5,24225
2020-07-02,Dwarka,3,7,2020,0,0,None,31.1,0.0,20861
2020-07-02,Ambaji,3,7,2020,0,0,None,30.6,0.5,35300
2020-07-02,Pavagadh,3,7,2020,0,0,None,30.8,34.1,9801
2020-07-03,Somnath,4,7,2020,0,0,None,27.0,0.0,24586
2020-07-03,Dwarka,4,7,2020,0,0,None,30.8,9.8,23350
2020-07-03,Ambaji,4,7,2020,0,0,None,28.5,0.0,32204
2020-07-03,Pavagadh,4,7,2020,0,0,None,29.8,0.0,21596
2020-07-04,Somnath,5,7,2020,1,0,None,27.3,0.0,33853
2020-07-04,Dwarka,5,7,2020,1,0,None,26.6,27.2,26795
2020-07-04,Ambaji,5,7,2020,1,0,None,26.5,0.0,55072
2020-07-04,Pavagadh,5,7,2020,1,0,None,28.2,0.0,29594
2020-07-05,Somnath,6,7,2020,1,0,None,29.2,0.0,33485
2020-07-05,Dwarka,6,7,2020,1,0,None,29.3,0.0,34308
2020-07-05,Ambaji,6,7,2020,1,0,None,30.7,26.2,29608
2020-07-05,Pavagadh,6,7,2020,1,0,None,26.6,0.0,29216
2020-07-06,Somnath,0,7,2020,0,0,None,27.9,51.9,19560
2020-07-06,Dwarka,0,7,2020,0,0,None,26.5,21.6,18833
2020-07-06,Ambaji,0,7,2020,0,0,None,29.0,0.6,38195
2020-07-06,Pavagadh,0,7,2020,0,0,None,27.0,7.6,19662
2020-07-07,Somnath,1,7,2020,0,0,None,29.9,0.0,23271
2020-07-07,Dwarka,1,7,2020,0,0,None,29.0,0.0,21750
2020-07-07,Ambaji,1,7,2020,0,0,None,27.0,3.6,32380
2020-07-07,Pavagadh,1,7,2020,0,0,None,28.3,1.1,20415
2020-07-08,Somnath,2,7,2020,0,0,None,32.0,0.0,26645
2020-07-08,Dwarka,2,7,2020,0,0,None,27.6,26.9,15643
2020-07-08,Ambaji,2,7,2020,0,0,None,29.3,26.9,22683
2020-07-08,Pavagadh,2,7,2020,0,0,None,30.9,19.6,19421
2020-07-09,Somnath,3,7,2020,0,0,None,30.0,18.3,27360
2020-07-09,Dwarka,3,7,2020,0,0,None,26.3,2.0,21694
2020-07-09,Ambaji,3,7,2020,0,0,None,27.7,0.0,34816
2020-07-09,Pavagadh,3,7,2020,0,0,None,28.9,0.0,19447
2020-07-10,Somnath,4,7,2020,0,0,None,28.1,0.0,26400
2020-07-10,Dwarka,4,7,2020,0,0,None,26.1,3.6,21347
2020-07-10,Ambaji,4,7,2020,0,0,None,27.7,0.0,37296
2020-07-10,Pavagadh,4,7,2020,0,0,None,27.2,6.9,20023
2020-07-11,Somnath,5,7,2020,1,0,None,29.7,0.0,30697
2020-07-11,Dwarka,5,7,2020,1,0,None,29.8,2.7,29458
2020-07-11,Ambaji,5,7,2020,1,0,None,27.8,0.0,45559
2020-07-11,Pavagadh,5,7,2020,1,0,None,29.8,10.2,27670
2020-07-12,Somnath,6,7,2020,1,0,None,30.8,35.2,26732
2020-07-12,Dwarka,6,7,2020,1,0,None,27.7,12.2,31191
2020-07-12,Ambaji,6,7,2020,1,0,None,26.6,1.7,50490
2020-07-12,Pavagadh,6,7,2020,1,0,None,29.7,30.8,19147
2020-07-13,Somnath,0,7,2020,0,0,None,29.7,7.0,23618
2020-07-13,Dwarka,0,7,2020,0,0,None,29.3,0.0,22413
2020-07-13,Ambaji,0,7,2020,0,0,None,31.5,17.8,36040
2020-07-13,Pavagadh,0,7,2020,0,0,None,30.0,0.0,18886
2020-07-14,Somnath,1,7,2020,0,0,None,26.9,0.0,22726
2020-07-14,Dwarka,1,7,2020,0,0,None,28.8,6.7,23240
2020-07-14,Ambaji,1,7,2020,0,0,None,30.5,0.0,34268
2020-07-14,Pavagadh,1,7,2020,0,0,None,29.4,0.0,21975
2020-07-15,Somnath,2,7,2020,0,0,None,31.8,0.0,23216
2020-07-15,Dwarka,2,7,2020,0,0,None,26.1,0.0,23500
2020-07-15,Ambaji,2,7,2020,0,0,None,30.5,15.3,33713
2020-07-15,Pavagadh,2,7,2020,0,0,None,28.7,36.7,10868
2020-07-16,Somnath,3,7,2020,0,0,None,28.2,0.0,25322
2020-07-16,Dwarka,3,7,2020,0,0,None,31.5,3.7,23171
2020-07-16,Ambaji,3,7,2020,0,0,None,28.2,10.5,36064
2020-07-16,Pavagadh,3,7,2020,0,0,None,26.3,24.9,10486
2020-07-17,Somnath,4,7,2020,0,0,None,27.7,0.0,23496
2020-07-17,Dwarka,4,7,2020,0,0,None,31.0,0.0,21874
2020-07-17,Ambaji,4,7,2020,0,0,None,31.5,4.0,36129
2020-07-17,Pavagadh,4,7,2020,0,0,None,29.4,6.3,19592
2020-07-18,Somnath,5,7,2020,1,0,None,27.7,0.0,35333
2020-07-18,Dwarka,5,7,2020,1,0,None,28.4,5.0,27633
2020-07-18,Ambaji,5,7,2020,1,0,None,27.9,22.3,33003
2020-07-18,Pavagadh,5,7,2020,1,0,None,31.9,0.0,29027
2020-07-19,Somnath,6,7,2020,1,0,None,26.8,0.0,35550
2020-07-19,Dwarka,6,7,2020,1,0,None,30.2,11.1,31672
2020-07-19,Ambaji,6,7,2020,1,0,None,31.3,0.0,46042
2020-07-19,Pavagadh,6,7,2020,1,0,None,31.5,32.8,15916
2020-07-20,Somnath,0,7,2020,0,0,None,29.8,17.0,25244
2020-07-20,Dwarka,0,7,2020,0,0,None,27.7,0.0,20698
2020-07-20,Ambaji,0,7,2020,0,0,None,30.2,11.9,34307
2020-07-20,Pavagadh,0,7,2020,0,0,None,27.8,15.5,21861
2020-07-21,Somnath,1,7,2020,0,0,None,31.0,0.0,24894
2020-07-21,Dwarka,1,7,2020,0,0,None,28.4,6.7,23532
2020-07-21,Ambaji,1,7,2020,0,0,None,28.3,4.8,33418
2020-07-21,Pavagadh,1,7,2020,0,0,None,26.4,0.0,19792
2020-07-22,Somnath,2,7,2020,0,0,None,29.6,24.1,21747
2020-07-22,Dwarka,2,7,2020,0,0,None,29.0,40.6,15464
2020-07-22,Ambaji,2,7,2020,0,0,None,28.5,0.0,31557
2020-07-22,Pavagadh,2,7,2020,0,0,None,30.3,9.9,19693
2020-07-23,Somnath,3,7,2020,0,0,None,29.1,1.7,23948
2020-07-23,Dwarka,3,7,2020,0,0,None,30.3,9.8,22314
2020-07-23,Ambaji,3,7,2020,0,0,None,29.4,1.5,37777
2020-07-23,Pavagadh,3,7,2020,0,0,None,29.6,0.0,19855
2020-07-24,Somnath,4,7,2020,0,0,None,30.5,0.8,26950
2020-07-24,Dwarka,4,7,2020,0,0,None,27.8,1.4,22969
2020-07-24,Ambaji,4,7,2020,0,0,None,30.2,0.0,37910
2020-07-24,Pavagadh,4,7,2020,0,0,None,28.1,14.5,21917
2020-07-25,Somnath,5,7,2020,1,0,None,27.9,0.0,34998
2020-07-25,Dwarka,5,7,2020,1,0,None,29.8,0.0,26302
2020-07-25,Ambaji,5,7,2020,1,0,None,26.4,13.9,51506
2020-07-25,Pavagadh,5,7,2020,1,0,None,26.4,0.1,30944
2020-07-26,Somnath,6,7,2020,1,0,None,32.0,0.3,34264
2020-07-26,Dwarka,6,7,2020,1,0,None,31.8,1.9,32747
2020-07-26,Ambaji,6,7,2020,1,0,None,27.5,0.0,50352
2020-07-26,Pavagadh,6,7,2020,1,0,None,27.2,6.2,26895
2020-07-27,Somnath,0,7,2020,0,0,None,30.1,16.2,24324
2020-07-27,Dwarka,0,7,2020,0,0,None,26.2,0.0,23405
2020-07-27,Ambaji,0,7,2020,0,0,None,26.4,15.1,32834
2020-07-27,Pavagadh,0,7,2020,0,0,None,29.5,3.5,18564
2020-07-28,Somnath,1,7,2020,0,0,None,30.6,4.2,26189
2020-07-28,Dwarka,1,7,2020,0,0,None,30.4,30.9,17458
2020-07-28,Ambaji,1,7,2020,0,0,None,28.6,0.0,32981
2020-07-28,Pavagadh,1,7,2020,0,0,None,28.8,0.0,20157
2020-07-29,Somnath,2,7,2020,0,0,None,29.6,3.3,24551
2020-07-29,Dwarka,2,7,2020,0,0,None,29.2,0.0,22677
2020-07-29,Ambaji,2,7,2020,0,0,None,28.6,0.0,32254
2020-07-29,Pavagadh,2,7,2020,0,0,None,27.2,3.9,20501
2020-07-30,Somnath,3,7,2020,0,0,None,26.2,5.2,25916
2020-07-30,Dwarka,3,7,2020,0,0,None,31.3,0.0,20601
2020-07-30,Ambaji,3,7,2020,0,0,None,29.4,5.6,37141
2020-07-30,Pavagadh,3,7,2020,0,0,None,28.7,8.7,18792
2020-07-31,Somnath,4,7,2020,0,0,None,28.4,6.5,27184
2020-07-31,Dwarka,4,7,2020,0,0,None,29.4,0.0,23147
2020-07-31,Ambaji,4,7,2020,0,0,None,30.0,0.0,35794
2020-07-31,Pavagadh,4,7,2020,0,0,None,28.1,8.8,20942
2020-08-01,Somnath,5,8,2020,1,0,None,31.8,11.7,35535
2020-08-01,Dwarka,5,8,2020,1,0,None,26.9,34.4,22778
2020-08-01,Ambaji,5,8,2020,1,0,None,31.1,0.0,52668
2020-08-01,Pavagadh,5,8,2020,1,0,None,27.0,44.7,14765
2020-08-02,Somnath,6,8,2020,1,0,None,30.7,0.0,37332
2020-08-02,Dwarka,6,8,2020,1,0,None,31.2,14.0,31462
2020-08-02,Ambaji,6,8,2020,1,0,None,26.4,14.7,43551
2020-08-02,Pavagadh,6,8,2020,1,0,None,27.8,20.4,14579
2020-08-03,Somnath,0,8,2020,0,0,None,31.1,4.0,27226
2020-08-03,Dwarka,0,8,2020,0,0,None,28.3,0.0,21006
2020-08-03,Ambaji,0,8,2020,0,0,None,27.3,1.3,37775
2020-08-03,Pavagadh,0,8,2020,0,0,None,31.9,0.0,21408
2020-08-04,Somnath,1,8,2020,0,0,None,31.1,0.0,26631
2020-08-04,Dwarka,1,8,2020,0,0,None,27.3,15.4,23648
2020-08-04,Ambaji,1,8,2020,0,0,None,30.0,0.0,34817
2020-08-04,Pavagadh,1,8,2020,0,0,None,30.3,0.0,18613
2020-08-05,Somnath,2,8,2020,0,0,None,31.6,15.5,26889
2020-08-05,Dwarka,2,8,2020,0,0,None,28.5,11.2,19884
2020-08-05,Ambaji,2,8,2020,0,0,None,29.0,39.5,17814
2020-08-05,Pavagadh,2,8,2020,0,0,None,31.7,0.0,20805
2020-08-06,Somnath,3,8,2020,0,0,None,29.5,6.9,22950
2020-08-06,Dwarka,3,8,2020,0,0,None,30.7,16.5,21373
2020-08-06,Ambaji,3,8,2020,0,0,None,28.8,24.3,18231
2020-08-06,Pavagadh,3,8,2020,0,0,None,26.8,13.9,18756
2020-08-07,Somnath,4,8,2020,0,0,None,26.4,0.0,25171
2020-08-07,Dwarka,4,8,2020,0,0,None,26.8,1.9,21873
2020-08-07,Ambaji,4,8,2020,0,0,None,30.0,0.0,32510
2020-08-07,Pavagadh,4,8,2020,0,0,None,29.8,9.4,21205
2020-08-08,Somnath,5,8,2020,1,0,None,28.0,31.0,27238
2020-08-08,Dwarka,5,8,2020,1,0,None,30.1,0.0,28540
2020-08-08,Ambaji,5,8,2020,1,0,None,26.8,5.2,45293
2020-08-08,Pavagadh,5,8,2020,1,0,None,26.4,47.6,18870
2020-08-09,Somnath,6,8,2020,1,0,None,26.3,16.9,31848
2020-08-09,Dwarka,6,8,2020,1,0,None,26.3,3.5,28486
2020-08-09,Ambaji,6,8,2020,1,0,None,28.1,20.7,25923
2020-08-09,Pavagadh,6,8,2020,1,0,None,28.7,47.2,14873
2020-08-10,Somnath,0,8,2020,0,0,None,28.4,3.3,25004
2020-08-10,Dwarka,0,8,2020,0,0,None,26.9,0.0,22413
2020-08-10,Ambaji,0,8,2020,0,0,None,26.5,0.0,35814
2020-08-10,Pavagadh,0,8,2020,0,0,None,27.9,15.0,19493
2020-08-11,Somnath,1,8,2020,0,0,None,31.4,0.6,27246
2020-08-11,Dwarka,1,8,2020,0,0,Janmashtami,31.8,18.9,240382
2020-08-11,Ambaji,1,8,2020,0,0,None,31.2,4.1,31668
2020-08-11,Pavagadh,1,8,2020,0,0,None,26.3,24.2,10880
2020-08-12,Somnath,2,8,2020,0,0,None,30.7,8.4,22557
2020-08-12,Dwarka,2,8,2020,0,0,None,29.4,21.7,17661
2020-08-12,Ambaji,2,8,2020,0,0,None,29.9,0.0,33368
2020-08-12,Pavagadh,2,8,2020,0,0,None,27.6,0.0,18051
2020-08-13,Somnath,3,8,2020,0,0,None,27.1,0.0,26585
2020-08-13,Dwarka,3,8,2020,0,0,None,28.2,0.0,22251
2020-08-13,Ambaji,3,8,2020,0,0,None,26.4,0.0,37197
2020-08-13,Pavagadh,3,8,2020,0,0,None,32.0,16.2,19658
2020-08-14,Somnath,4,8,2020,0,0,None,26.1,0.0,23112
2020-08-14,Dwarka,4,8,2020,0,0,None,28.3,6.7,21967
2020-08-14,Ambaji,4,8,2020,0,0,None,28.2,4.1,35947
2020-08-14,Pavagadh,4,8,2020,0,0,None,31.1,10.6,20594
2020-08-15,Somnath,5,8,2020,1,1,None,29.4,15.4,31791
2020-08-15,Dwarka,5,8,2020,1,1,None,29.2,10.6,33110
2020-08-15,Ambaji,5,8,2020,1,1,None,26.7,0.0,48382
2020-08-15,Pavagadh,5,8,2020,1,1,None,27.5,32.0,16348
2020-08-16,Somnath,6,8,2020,1,0,None,28.3,18.3,32174
2020-08-16,Dwarka,6,8,2020,1,0,None,28.2,0.0,30795
2020-08-16,Ambaji,6,8,2020,1,0,None,31.4,0.8,42833
2020-08-16,Pavagadh,6,8,2020,1,0,None,26.5,0.0,29241
2020-08-17,Somnath,0,8,2020,0,0,None,30.1,0.0,23535
2020-08-17,Dwarka,0,8,2020,0,0,None,29.7,43.1,15509
2020-08-17,Ambaji,0,8,2020,0,0,None,29.9,0.0,33482
2020-08-17,Pavagadh,0,8,2020,0,0,None,29.4,48.3,9436
2020-08-18,Somnath,1,8,2020,0,0,None,26.3,1.5,26223
2020-08-18,Dwarka,1,8,2020,0,0,None,31.4,14.9,19986
2020-08-18,Ambaji,1,8,2020,0,0,None,28.3,3.9,36013
2020-08-18,Pavagadh,1,8,2020,0,0,None,26.8,0.0,20659
2020-08-19,Somnath,2,8,2020,0,0,None,30.3,0.0,27211
2020-08-19,Dwarka,2,8,2020,0,0,None,29.3,6.1,22948
2020-08-19,Ambaji,2,8,2020,0,0,None,29.2,0.0,33170
2020-08-19,Pavagadh,2,8,2020,0,0,None,27.9,24.6,10205
2020-08-20,Somnath,3,8,2020,0,0,None,28.6,7.9,25066
2020-08-20,Dwarka,3,8,2020,0,0,None,26.4,48.0,18771
2020-08-20,Ambaji,3,8,2020,0,0,None,29.1,87.7,18761
2020-08-20,Pavagadh,3,8,2020,0,0,None,26.0,1.1,20975
2020-08-21,Somnath,4,8,2020,0,0,None,29.4,5.1,26574
2020-08-21,Dwarka,4,8,2020,0,0,None,26.0,16.2,23794
2020-08-21,Ambaji,4,8,2020,0,0,None,27.4,11.6,37619
2020-08-21,Pavagadh,4,8,2020,0,0,None,26.3,3.0,18086
2020-08-22,Somnath,5,8,2020,1,0,None,26.9,0.0,36495
2020-08-22,Dwarka,5,8,2020,1,0,None,27.2,0.0,29045
2020-08-22,Ambaji,5,8,2020,1,0,None,29.5,7.2,47830
2020-08-22,Pavagadh,5,8,2020,1,0,None,30.0,0.0,29635
2020-08-23,Somnath,6,8,2020,1,0,None,31.6,0.2,35253
2020-08-23,Dwarka,6,8,2020,1,0,None,27.7,17.0,29167
2020-08-23,Ambaji,6,8,2020,1,0,None,31.3,0.0,49802
2020-08-23,Pavagadh,6,8,2020,1,0,None,26.7,2.8,25319
2020-08-24,Somnath,0,8,2020,0,0,None,26.9,0.0,25870
2020-08-24,Dwarka,0,8,2020,0,0,None,26.9,23.6,15989
2020-08-24,Ambaji,0,8,2020,0,0,None,29.0,0.0,37369
2020-08-24,Pavagadh,0,8,2020,0,0,None,30.3,19.1,18986
2020-08-25,Somnath,1,8,2020,0,0,None,27.3,17.0,22765
2020-08-25,Dwarka,1,8,2020,0,0,None,26.4,0.0,23581
2020-08-25,Ambaji,1,8,2020,0,0,None,29.6,28.0,21665
2020-08-25,Pavagadh,1,8,2020,0,0,None,27.9,8.1,19147
2020-08-26,Somnath,2,8,2020,0,0,None,28.0,2.8,26530
2020-08-26,Dwarka,2,8,2020,0,0,None,26.9,20.6,17078
2020-08-26,Ambaji,2,8,2020,0,0,Bhadarvi Poonam,28.8,0.0,429641
2020-08-26,Pavagadh,2,8,2020,0,0,None,30.8,31.8,13055
2020-08-27,Somnath,3,8,2020,0,0,None,30.5,5.1,26761
2020-08-27,Dwarka,3,8,2020,0,0,None,29.6,16.1,23566
2020-08-27,Ambaji,3,8,2020,0,0,Bhadarvi Poonam,30.4,9.4,421794
2020-08-27,Pavagadh,3,8,2020,0,0,None,31.6,0.0,20664
2020-08-28,Somnath,4,8,2020,0,0,None,28.1,15.5,24662
2020-08-28,Dwarka,4,8,2020,0,0,None,30.8,0.0,21173
2020-08-28,Ambaji,4,8,2020,0,0,Bhadarvi Poonam,30.2,5.9,364526
2020-08-28,Pavagadh,4,8,2020,0,0,None,28.2,6.5,18858
2020-08-29,Somnath,5,8,2020,1,0,None,29.3,25.5,25189
2020-08-29,Dwarka,5,8,2020,1,0,None,31.9,25.9,27988
2020-08-29,Ambaji,5,8,2020,1,0,Bhadarvi Poonam,26.6,0.0,425659
2020-08-29,Pavagadh,5,8,2020,1,0,None,31.4,6.9,25383
2020-08-30,Somnath,6,8,2020,1,0,None,26.6,72.6,28539
2020-08-30,Dwarka,6,8,2020,1,0,None,30.0,0.0,28476
2020-08-30,Ambaji,6,8,2020,1,0,Bhadarvi Poonam,29.0,0.0,334573
2020-08-30,Pavagadh,6,8,2020,1,0,None,26.8,0.0,26142
2020-08-31,Somnath,0,8,2020,0,0,None,28.3,0.0,22921
2020-08-31,Dwarka,0,8,2020,0,0,None,30.9,28.4,18116
2020-08-31,Ambaji,0,8,2020,0,0,Bhadarvi Poonam,26.8,21.3,152304
2020-08-31,Pavagadh,0,8,2020,0,0,None,28.1,29.1,12361
2020-09-01,Somnath,1,9,2020,0,0,None,29.7,0.0,26246
2020-09-01,Dwarka,1,9,2020,0,0,None,29.1,15.0,22893
2020-09-01,Ambaji,1,9,2020,0,0,Bhadarvi Poonam,28.1,4.7,346858
2020-09-01,Pavagadh,1,9,2020,0,0,None,29.2,27.2,10366
2020-09-02,Somnath,2,9,2020,0,0,None,29.5,8.2,26500
2020-09-02,Dwarka,2,9,2020,0,0,None,27.7,0.0,23743
2020-09-02,Ambaji,2,9,2020,0,0,None,29.9,0.0,35790
2020-09-02,Pavagadh,2,9,2020,0,0,None,29.2,0.0,19130
2020-09-03,Somnath,3,9,2020,0,0,None,26.9,14.3,23425
2020-09-03,Dwarka,3,9,2020,0,0,None,31.5,28.5,16411
2020-09-03,Ambaji,3,9,2020,0,0,None,26.4,10.1,38122
2020-09-03,Pavagadh,3,9,2020,0,0,None,28.3,0.0,19710
2020-09-04,Somnath,4,9,2020,0,0,None,26.3,1.0,26918
2020-09-04,Dwarka,4,9,2020,0,0,None,30.5,15.3,20292
2020-09-04,Ambaji,4,9,2020,0,0,None,30.2,0.0,37252
2020-09-04,Pavagadh,4,9,2020,0,0,None,27.7,11.1,21871
2020-09-05,Somnath,5,9,2020,1,0,None,31.5,22.7,30700
2020-09-05,Dwarka,5,9,2020,1,0,None,27.6,3.3,32948
2020-09-05,Ambaji,5,9,2020,1,0,None,29.2,4.4,50262
2020-09-05,Pavagadh,5,9,2020,1,0,None,29.5,21.0,17836
2020-09-06,Somnath,6,9,2020,1,0,None,31.5,0.0,37460
2020-09-06,Dwarka,6,9,2020,1,0,None,27.6,27.7,25714
2020-09-06,Ambaji,6,9,2020,1,0,None,28.5,0.0,51579
2020-09-06,Pavagadh,6,9,2020,1,0,None,28.9,0.0,28938
2020-09-07,Somnath,0,9,2020,0,0,None,32.0,20.0,23194
2020-09-07,Dwarka,0,9,2020,0,0,None,31.0,41.7,16840
2020-09-07,Ambaji,0,9,2020,0,0,None,26.8,0.0,35128
2020-09-07,Pavagadh,0,9,2020,0,0,None,27.0,12.5,18195
2020-09-08,Somnath,1,9,2020,0,0,None,31.2,0.0,26426
2020-09-08,Dwarka,1,9,2020,0,0,None,26.1,12.0,24175
2020-09-08,Ambaji,1,9,2020,0,0,None,28.1,2.2,36220
2020-09-08,Pavagadh,1,9,2020,0,0,None,29.9,9.5,20668
2020-09-09,Somnath,2,9,2020,0,0,None,29.0,0.0,26581
2020-09-09,Dwarka,2,9,2020,0,0,None,30.1,0.0,23555
2020-09-09,Ambaji,2,9,2020,0,0,None,31.4,2.9,37225
2020-09-09,Pavagadh,2,9,2020,0,0,None,27.3,0.0,18091
2020-09-10,Somnath,3,9,2020,0,0,None,31.5,22.4,21688
2020-09-10,Dwarka,3,9,2020,0,0,None,27.4,0.8,23938
2020-09-10,Ambaji,3,9,2020,0,0,None,28.7,0.0,36312
2020-09-10,Pavagadh,3,9,2020,0,0,None,31.2,0.0,20248
2020-09-11,Somnath,4,9,2020,0,0,None,30.3,0.0,23429
2020-09-11,Dwarka,4,9,2020,0,0,None,26.7,7.0,21991
2020-09-11,Ambaji,4,9,2020,0,0,None,29.7,0.0,33815
2020-09-11,Pavagadh,4,9,2020,0,0,None,30.6,3.7,20461
2020-09-12,Somnath,5,9,2020,1,0,None,31.8,10.6,31586
2020-09-12,Dwarka,5,9,2020,1,0,None,29.7,0.0,31577
2020-09-12,Ambaji,5,9,2020,1,0,None,31.5,21.0,32832
2020-09-12,Pavagadh,5,9,2020,1,0,None,31.4,16.5,30357
2020-09-13,Somnath,6,9,2020,1,0,None,29.0,4.5,36518
2020-09-13,Dwarka,6,9,2020,1,0,None,31.0,44.9,21944
2020-09-13,Ambaji,6,9,2020,1,0,None,31.2,0.0,49719
2020-09-13,Pavagadh,6,9,2020,1,0,None,27.1,7.1,28980
2020-09-14,Somnath,0,9,2020,0,0,None,30.1,4.2,22589
2020-09-14,Dwarka,0,9,2020,0,0,None,28.1,4.9,22882
2020-09-14,Ambaji,0,9,2020,0,0,None,28.5,42.0,18495
2020-09-14,Pavagadh,0,9,2020,0,0,None,28.3,3.7,19209
2020-09-15,Somnath,1,9,2020,0,0,None,31.2,0.0,25904
2020-09-15,Dwarka,1,9,2020,0,0,None,28.7,4.7,20126
2020-09-15,Ambaji,1,9,2020,0,0,None,28.0,0.9,32117
2020-09-15,Pavagadh,1,9,2020,0,0,None,27.6,7.5,18471
2020-09-16,Somnath,2,9,2020,0,0,None,27.4,1.1,24130
2020-09-16,Dwarka,2,9,2020,0,0,None,26.4,0.0,21498
2020-09-16,Ambaji,2,9,2020,0,0,None,28.0,3.9,33128
2020-09-16,Pavagadh,2,9,2020,0,0,None,31.9,0.0,18061
2020-09-17,Somnath,3,9,2020,0,0,None,29.7,1.7,26027
2020-09-17,Dwarka,3,9,2020,0,0,None,26.8,15.0,22239
2020-09-17,Ambaji,3,9,2020,0,0,None,31.9,0.0,36919
2020-09-17,Pavagadh,3,9,2020,0,0,None,28.1,19.9,21998
2020-09-18,Somnath,4,9,2020,0,0,None,28.4,0.0,23208
2020-09-18,Dwarka,4,9,2020,0,0,None,27.8,9.7,23306
2020-09-18,Ambaji,4,9,2020,0,0,None,28.0,0.0,35313
2020-09-18,Pavagadh,4,9,2020,0,0,None,28.8,0.0,18405
2020-09-19,Somnath,5,9,2020,1,0,None,30.6,4.9,38350
2020-09-19,Dwarka,5,9,2020,1,0,None,29.5,0.0,30475
2020-09-19,Ambaji,5,9,2020,1,0,None,31.0,2.9,45516
2020-09-19,Pavagadh,5,9,2020,1,0,None,27.4,3.0,29129
2020-09-20,Somnath,6,9,2020,1,0,None,29.9,22.0,25552
2020-09-20,Dwarka,6,9,2020,1,0,None,29.2,23.4,25066
2020-09-20,Ambaji,6,9,2020,1,0,None,27.6,0.0,52845
2020-09-20,Pavagadh,6,9,2020,1,0,None,28.4,0.0,30656
2020-09-21,Somnath,0,9,2020,0,0,None,26.1,36.3,19652
2020-09-21,Dwarka,0,9,2020,0,0,None,28.4,0.0,22342
2020-09-21,Ambaji,0,9,2020,0,0,None,31.1,0.0,37852
2020-09-21,Pavagadh,0,9,2020,0,0,None,26.7,1.3,21741
2020-09-22,Somnath,1,9,2020,0,0,None,28.9,5.8,24257
2020-09-22,Dwarka,1,9,2020,0,0,None,30.9,0.0,22833
2020-09-22,Ambaji,1,9,2020,0,0,None,26.1,0.0,33008
2020-09-22,Pavagadh,1,9,2020,0,0,None,29.8,1.3,18038
2020-09-23,Somnath,2,9,2020,0,0,None,29.4,0.0,22752
2020-09-23,Dwarka,2,9,2020,0,0,None,27.7,0.0,20245
2020-09-23,Ambaji,2,9,2020,0,0,None,27.3,27.7,20710
2020-09-23,Pavagadh,2,9,2020,0,0,None,28.1,2.0,20720
2020-09-24,Somnath,3,9,2020,0,0,None,27.5,0.0,23615
2020-09-24,Dwarka,3,9,2020,0,0,None,28.3,0.0,23051
2020-09-24,Ambaji,3,9,2020,0,0,None,26.9,0.0,35900
2020-09-24,Pavagadh,3,9,2020,0,0,None,26.5,4.5,19868
2020-09-25,Somnath,4,9,2020,0,0,None,30.7,2.0,23846
2020-09-25,Dwarka,4,9,2020,0,0,None,31.7,0.0,19885
2020-09-25,Ambaji,4,9,2020,0,0,None,28.4,15.2,34715
2020-09-25,Pavagadh,4,9,2020,0,0,None,31.8,13.3,20800
2020-09-26,Somnath,5,9,2020,1,0,None,31.0,17.4,33577
2020-09-26,Dwarka,5,9,2020,1,0,None,31.4,0.0,30964
2020-09-26,Ambaji,5,9,2020,1,0,None,30.9,1.6,48036
2020-09-26,Pavagadh,5,9,2020,1,0,None,31.7,8.4,30248
2020-09-27,Somnath,6,9,2020,1,0,None,28.9,22.3,26862
2020-09-27,Dwarka,6,9,2020,1,0,None,26.5,0.0,34432
2020-09-27,Ambaji,6,9,2020,1,0,None,28.0,0.0,42245
2020-09-27,Pavagadh,6,9,2020,1,0,None,26.2,1.3,27080
2020-09-28,Somnath,0,9,2020,0,0,None,28.0,0.0,23315
2020-09-28,Dwarka,0,9,2020,0,0,None,30.6,37.0,18973
2020-09-28,Ambaji,0,9,2020,0,0,None,29.5,0.0,31689
2020-09-28,Pavagadh,0,9,2020,0,0,None,30.4,0.0,18212
2020-09-29,Somnath,1,9,2020,0,0,None,29.5,0.0,25305
2020-09-29,Dwarka,1,9,2020,0,0,None,26.4,0.0,20066
2020-09-29,Ambaji,1,9,2020,0,0,None,30.9,2.2,33425
2020-09-29,Pavagadh,1,9,2020,0,0,None,29.8,0.0,18471
2020-09-30,Somnath,2,9,2020,0,0,None,26.9,27.1,19207
2020-09-30,Dwarka,2,9,2020,0,0,None,29.4,7.7,21263
2020-09-30,Ambaji,2,9,2020,0,0,None,30.8,0.0,36817
2020-09-30,Pavagadh,2,9,2020,0,0,None,28.6,2.0,20987
2020-10-01,Somnath,3,10,2020,0,0,None,24.0,0.0,23503
2020-10-01,Dwarka,3,10,2020,0,0,None,25.6,0.0,20969
2020-10-01,Ambaji,3,10,2020,0,0,None,24.7,0.0,37929
2020-10-01,Pavagadh,3,10,2020,0,0,None,25.2,0.0,21489
2020-10-02,Somnath,4,10,2020,0,1,None,24.6,0.0,33610
2020-10-02,Dwarka,4,10,2020,0,1,None,18.5,0.0,29277
2020-10-02,Ambaji,4,10,2020,0,1,None,22.0,0.0,46146
2020-10-02,Pavagadh,4,10,2020,0,1,None,19.9,0.0,28807
2020-10-03,Somnath,5,10,2020,1,0,None,19.5,0.0,31713
2020-10-03,Dwarka,5,10,2020,1,0,None,19.7,0.0,31548
2020-10-03,Ambaji,5,10,2020,1,0,None,18.7,0.0,53938
2020-10-03,Pavagadh,5,10,2020,1,0,None,21.1,0.0,24723
2020-10-04,Somnath,6,10,2020,1,0,None,18.4,0.0,36883
2020-10-04,Dwarka,6,10,2020,1,0,None,20.7,0.0,35337
2020-10-04,Ambaji,6,10,2020,1,0,None,23.0,0.0,50325
2020-10-04,Pavagadh,6,10,2020,1,0,None,22.2,0.0,28582
2020-10-05,Somnath,0,10,2020,0,0,None,18.7,0.0,23111
2020-10-05,Dwarka,0,10,2020,0,0,None,20.9,0.0,23491
2020-10-05,Ambaji,0,10,2020,0,0,None,19.9,0.0,37057
2020-10-05,Pavagadh,0,10,2020,0,0,None,23.0,0.0,18907
2020-10-06,Somnath,1,10,2020,0,0,None,22.6,0.0,25156
2020-10-06,Dwarka,1,10,2020,0,0,None,27.5,0.0,22322
2020-10-06,Ambaji,1,10,2020,0,0,None,27.6,0.0,37452
2020-10-06,Pavagadh,1,10,2020,0,0,None,26.2,0.0,21562
2020-10-07,Somnath,2,10,2020,0,0,None,27.4,0.0,24272
2020-10-07,Dwarka,2,10,2020,0,0,None,22.1,0.0,20734
2020-10-07,Ambaji,2,10,2020,0,0,None,24.2,0.0,34738
2020-10-07,Pavagadh,2,10,2020,0,0,None,19.0,0.0,18699
2020-10-08,Somnath,3,10,2020,0,0,None,19.1,0.0,24493
2020-10-08,Dwarka,3,10,2020,0,0,None,18.6,0.0,23195
2020-10-08,Ambaji,3,10,2020,0,0,None,24.2,0.0,32842
2020-10-08,Pavagadh,3,10,2020,0,0,None,24.3,0.0,20585
2020-10-09,Somnath,4,10,2020,0,0,None,26.1,0.0,26089
2020-10-09,Dwarka,4,10,2020,0,0,None,27.0,0.0,23803
2020-10-09,Ambaji,4,10,2020,0,0,None,22.3,0.0,35850
2020-10-09,Pavagadh,4,10,2020,0,0,None,26.7,0.0,20631
2020-10-10,Somnath,5,10,2020,1,0,None,26.5,0.0,38136
2020-10-10,Dwarka,5,10,2020,1,0,None,20.9,0.0,31225
2020-10-10,Ambaji,5,10,2020,1,0,None,18.4,0.0,44006
2020-10-10,Pavagadh,5,10,2020,1,0,None,20.5,0.0,29784
2020-10-11,Somnath,6,10,2020,1,0,None,18.7,0.0,36506
2020-10-11,Dwarka,6,10,2020,1,0,None,25.1,0.0,30076
2020-10-11,Ambaji,6,10,2020,1,0,None,23.4,0.0,49444
2020-10-11,Pavagadh,6,10,2020,1,0,None,18.5,0.0,24490
2020-10-12,Somnath,0,10,2020,0,0,None,18.7,0.0,24230
2020-10-12,Dwarka,0,10,2020,0,0,None,26.7,0.0,23950
2020-10-12,Ambaji,0,10,2020,0,0,None,26.8,0.0,33523
2020-10-12,Pavagadh,0,10,2020,0,0,None,19.5,0.0,19952
2020-10-13,Somnath,1,10,2020,0,0,None,19.0,0.0,25314
2020-10-13,Dwarka,1,10,2020,0,0,None,26.6,0.0,22325
2020-10-13,Ambaji,1,10,2020,0,0,None,22.4,0.0,38180
2020-10-13,Pavagadh,1,10,2020,0,0,None,19.4,0.0,20623
2020-10-14,Somnath,2,10,2020,0,0,None,22.3,0.0,23936
2020-10-14,Dwarka,2,10,2020,0,0,None,20.3,0.0,23635
2020-10-14,Ambaji,2,10,2020,0,0,None,23.1,0.0,34191
2020-10-14,Pavagadh,2,10,2020,0,0,None,19.1,0.0,19632
2020-10-15,Somnath,3,10,2020,0,0,None,27.8,0.0,26681
2020-10-15,Dwarka,3,10,2020,0,0,None,20.6,0.0,19939
2020-10-15,Ambaji,3,10,2020,0,0,None,24.1,0.0,34604
2020-10-15,Pavagadh,3,10,2020,0,0,None,26.2,0.0,19234
2020-10-16,Somnath,4,10,2020,0,0,None,26.5,0.0,26638
2020-10-16,Dwarka,4,10,2020,0,0,None,21.7,0.0,20535
2020-10-16,Ambaji,4,10,2020,0,0,None,27.2,0.0,38389
2020-10-16,Pavagadh,4,10,2020,0,0,None,22.0,0.0,19659
2020-10-17,Somnath,5,10,2020,1,0,None,22.5,0.0,31519
2020-10-17,Dwarka,5,10,2020,1,0,None,21.1,0.0,29381
2020-10-17,Ambaji,5,10,2020,1,0,Navratri,28.0,0.0,201319
2020-10-17,Pavagadh,5,10,2020,1,0,Navratri,18.7,0.0,173255
2020-10-18,Somnath,6,10,2020,1,0,None,21.1,0.0,38700
2020-10-18,Dwarka,6,10,2020,1,0,None,27.4,0.0,27288
2020-10-18,Ambaji,6,10,2020,1,0,Navratri,27.1,0.0,146278
2020-10-18,Pavagadh,6,10,2020,1,0,Navratri,21.6,0.0,180471
2020-10-19,Somnath,0,10,2020,0,0,None,21.1,0.0,26042
2020-10-19,Dwarka,0,10,2020,0,0,None,22.6,0.0,21803
2020-10-19,Ambaji,0,10,2020,0,0,Navratri,26.9,0.0,214314
2020-10-19,Pavagadh,0,10,2020,0,0,Navratri,20.9,0.0,182860
2020-10-20,Somnath,1,10,2020,0,0,None,24.9,0.0,25794
2020-10-20,Dwarka,1,10,2020,0,0,None,25.8,0.0,21920
2020-10-20,Ambaji,1,10,2020,0,0,Navratri,27.9,0.0,158077
2020-10-20,Pavagadh,1,10,2020,0,0,Navratri,20.1,0.0,139407
2020-10-21,Somnath,2,10,2020,0,0,None,19.6,0.0,23033
2020-10-21,Dwarka,2,10,2020,0,0,None,20.0,0.0,23187
2020-10-21,Ambaji,2,10,2020,0,0,Navratri,26.2,0.0,186398
2020-10-21,Pavagadh,2,10,2020,0,0,Navratri,23.3,0.0,186179
2020-10-22,Somnath,3,10,2020,0,0,None,25.9,0.0,23136
2020-10-22,Dwarka,3,10,2020,0,0,None,19.2,0.0,23718
2020-10-22,Ambaji,3,10,2020,0,0,Navratri,27.9,0.0,154182
2020-10-22,Pavagadh,3,10,2020,0,0,Navratri,26.2,0.0,221087
2020-10-23,Somnath,4,10,2020,0,0,None,27.0,0.0,25953
2020-10-23,Dwarka,4,10,2020,0,0,None,24.2,0.0,23477
2020-10-23,Ambaji,4,10,2020,0,0,Navratri,23.9,0.0,232126
2020-10-23,Pavagadh,4,10,2020,0,0,Navratri,24.6,0.0,158973
2020-10-24,Somnath,5,10,2020,1,0,None,18.8,0.0,34327
2020-10-24,Dwarka,5,10,2020,1,0,None,23.8,0.0,31074
2020-10-24,Ambaji,5,10,2020,1,0,Navratri,27.4,0.0,203025
2020-10-24,Pavagadh,5,10,2020,1,0,Navratri,25.9,0.0,145026
2020-10-25,Somnath,6,10,2020,1,0,None,24.2,0.0,38689
2020-10-25,Dwarka,6,10,2020,1,0,None,26.0,0.0,26600
2020-10-25,Ambaji,6,10,2020,1,0,Navratri,25.8,0.0,229498
2020-10-25,Pavagadh,6,10,2020,1,0,Navratri,20.2,0.0,166831
2020-10-26,Somnath,0,10,2020,0,0,None,25.6,0.0,24131
2020-10-26,Dwarka,0,10,2020,0,0,None,20.1,2.0,22752
2020-10-26,Ambaji,0,10,2020,0,0,None,22.1,0.0,35690
2020-10-26,Pavagadh,0,10,2020,0,0,None,24.4,0.0,19154
2020-10-27,Somnath,1,10,2020,0,0,None,27.8,0.0,23979
2020-10-27,Dwarka,1,10,2020,0,0,None,21.5,0.0,23921
2020-10-27,Ambaji,1,10,2020,0,0,None,25.4,0.0,32639
2020-10-27,Pavagadh,1,10,2020,0,0,None,19.5,0.0,20914
2020-10-28,Somnath,2,10,2020,0,0,None,25.5,0.0,23000
2020-10-28,Dwarka,2,10,2020,0,0,None,21.8,0.0,22199
2020-10-28,Ambaji,2,10,2020,0,0,None,21.2,0.0,32424
2020-10-28,Pavagadh,2,10,2020,0,0,None,22.7,0.0,21874
2020-10-29,Somnath,3,10,2020,0,0,None,23.0,0.0,25914
2020-10-29,Dwarka,3,10,2020,0,0,None,25.6,0.0,23540
2020-10-29,Ambaji,3,10,2020,0,0,None,26.3,0.0,35422
2020-10-29,Pavagadh,3,10,2020,0,0,None,25.1,0.0,18066
2020-10-30,Somnath,4,10,2020,0,0,None,19.2,0.0,26278
2020-10-30,Dwarka,4,10,2020,0,0,None,22.4,0.0,23199
2020-10-30,Ambaji,4,10,2020,0,0,None,21.4,0.0,34596
2020-10-30,Pavagadh,4,10,2020,0,0,None,21.8,0.0,21859
2020-10-31,Somnath,5,10,2020,1,0,None,25.7,0.0,39341
2020-10-31,Dwarka,5,10,2020,1,0,None,19.5,0.0,30700
2020-10-31,Ambaji,5,10,2020,1,0,None,24.2,0.0,45818
2020-10-31,Pavagadh,5,10,2020,1,0,None,18.5,0.0,27622
2020-11-01,Somnath,6,11,2020,1,0,None,27.5,0.0,29758
2020-11-01,Dwarka,6,11,2020,1,0,None,22.6,0.0,31123
2020-11-01,Ambaji,6,11,2020,1,0,None,21.5,0.0,49208
2020-11-01,Pavagadh,6,11,2020,1,0,None,19.7,0.0,26994
2020-11-02,Somnath,0,11,2020,0,0,None,23.0,0.0,22602
2020-11-02,Dwarka,0,11,2020,0,0,None,20.0,0.0,22609
2020-11-02,Ambaji,0,11,2020,0,0,None,20.1,0.0,35998
2020-11-02,Pavagadh,0,11,2020,0,0,None,26.8,0.0,21315
2020-11-03,Somnath,1,11,2020,0,0,None,21.8,0.0,27058
2020-11-03,Dwarka,1,11,2020,0,0,None,18.9,0.0,21817
2020-11-03,Ambaji,1,11,2020,0,0,None,27.9,0.0,36802
2020-11-03,Pavagadh,1,11,2020,0,0,None,18.1,0.0,20949
2020-11-04,Somnath,2,11,2020,0,0,None,25.8,0.0,24594
2020-11-04,Dwarka,2,11,2020,0,0,None,22.2,0.0,21749
2020-11-04,Ambaji,2,11,2020,0,0,None,26.1,0.0,34528
2020-11-04,Pavagadh,2,11,2020,0,0,None,27.6,0.0,20366
2020-11-05,Somnath,3,11,2020,0,0,None,25.4,0.0,26079
2020-11-05,Dwarka,3,11,2020,0,0,None,25.3,0.0,22150
2020-11-05,Ambaji,3,11,2020,0,0,None,25.8,0.0,31584
2020-11-05,Pavagadh,3,11,2020,0,0,None,26.1,0.0,19648
2020-11-06,Somnath,4,11,2020,0,0,None,27.4,0.0,27339
2020-11-06,Dwarka,4,11,2020,0,0,None,27.3,0.0,23120
2020-11-06,Ambaji,4,11,2020,0,0,None,24.7,0.0,37013
2020-11-06,Pavagadh,4,11,2020,0,0,None,19.5,0.0,19062
2020-11-07,Somnath,5,11,2020,1,0,None,26.2,0.0,35542
2020-11-07,Dwarka,5,11,2020,1,0,None,26.3,0.0,28720
2020-11-07,Ambaji,5,11,2020,1,0,None,27.1,0.0,43882
2020-11-07,Pavagadh,5,11,2020,1,0,None,24.4,0.0,28230
2020-11-08,Somnath,6,11,2020,1,0,None,19.2,0.0,32011
2020-11-08,Dwarka,6,11,2020,1,0,None,26.2,2.0,32291
2020-11-08,Ambaji,6,11,2020,1,0,None,21.2,0.0,47633
2020-11-08,Pavagadh,6,11,2020,1,0,None,19.5,0.0,26870
2020-11-09,Somnath,0,11,2020,0,0,None,23.1,0.0,24137
2020-11-09,Dwarka,0,11,2020,0,0,None,26.7,0.0,22880
2020-11-09,Ambaji,0,11,2020,0,0,None,24.4,0.0,35858
2020-11-09,Pavagadh,0,11,2020,0,0,None,23.5,0.0,21523
2020-11-10,Somnath,1,11,2020,0,0,None,19.5,0.0,23972
2020-11-10,Dwarka,1,11,2020,0,0,None,27.9,0.0,22760
2020-11-10,Ambaji,1,11,2020,0,0,None,24.1,0.0,33028
2020-11-10,Pavagadh,1,11,2020,0,0,None,20.3,0.0,18383
2020-11-11,Somnath,2,11,2020,0,0,None,18.7,0.0,25364
2020-11-11,Dwarka,2,11,2020,0,0,None,22.0,0.0,21189
2020-11-11,Ambaji,2,11,2020,0,0,None,20.1,0.0,32921
2020-11-11,Pavagadh,2,11,2020,0,0,None,25.0,0.0,21792
2020-11-12,Somnath,3,11,2020,0,0,Diwali Peak,18.9,0.0,86344
2020-11-12,Dwarka,3,11,2020,0,0,Diwali Peak,27.1,0.0,55960
2020-11-12,Ambaji,3,11,2020,0,0,Diwali Peak,20.4,0.0,97488
2020-11-12,Pavagadh,3,11,2020,0,0,Diwali Peak,21.8,0.0,68161
2020-11-13,Somnath,4,11,2020,0,0,Diwali Peak,23.2,0.0,75792
2020-11-13,Dwarka,4,11,2020,0,0,Diwali Peak,18.7,0.0,61802
2020-11-13,Ambaji,4,11,2020,0,0,Diwali Peak,27.7,0.0,99377
2020-11-13,Pavagadh,4,11,2020,0,0,Diwali Peak,25.5,0.0,53823
2020-11-14,Somnath,5,11,2020,1,0,Diwali Peak,23.2,0.0,109343
2020-11-14,Dwarka,5,11,2020,1,0,Diwali Peak,18.7,0.0,117630
2020-11-14,Ambaji,5,11,2020,1,0,Diwali Peak,20.0,0.0,139940
2020-11-14,Pavagadh,5,11,2020,1,0,Diwali Peak,23.6,0.0,78577
2020-11-15,Somnath,6,11,2020,1,0,Diwali Peak,20.1,0.0,97844
2020-11-15,Dwarka,6,11,2020,1,0,Diwali Peak,27.5,0.0,83443
2020-11-15,Ambaji,6,11,2020,1,0,Diwali Peak,25.7,0.0,137195
2020-11-15,Pavagadh,6,11,2020,1,0,Diwali Peak,18.2,0.0,72554
2020-11-16,Somnath,0,11,2020,0,0,Diwali Peak,23.0,0.0,82734
2020-11-16,Dwarka,0,11,2020,0,0,Diwali Peak,21.1,0.0,64127
2020-11-16,Ambaji,0,11,2020,0,0,Diwali Peak,26.2,0.0,97833
2020-11-16,Pavagadh,0,11,2020,0,0,Diwali Peak,27.5,0.0,55775
2020-11-17,Somnath,1,11,2020,0,0,Diwali Peak,19.1,0.0,70724
2020-11-17,Dwarka,1,11,2020,0,0,Diwali Peak,23.7,0.0,79124
2020-11-17,Ambaji,1,11,2020,0,0,Diwali Peak,27.8,0.0,98692
2020-11-17,Pavagadh,1,11,2020,0,0,Diwali Peak,18.0,0.0,53270
2020-11-18,Somnath,2,11,2020,0,0,None,27.4,0.0,23704
2020-11-18,Dwarka,2,11,2020,0,0,None,20.3,0.0,20551
2020-11-18,Ambaji,2,11,2020,0,0,None,24.7,0.0,33761
2020-11-18,Pavagadh,2,11,2020,0,0,None,22.6,0.0,18567
2020-11-19,Somnath,3,11,2020,0,0,None,25.1,0.0,23889
2020-11-19,Dwarka,3,11,2020,0,0,None,19.8,0.0,20607
2020-11-19,Ambaji,3,11,2020,0,0,None,18.4,0.0,33178
2020-11-19,Pavagadh,3,11,2020,0,0,None,19.7,2.0,19167
2020-11-20,Somnath,4,11,2020,0,0,None,27.0,0.0,26594
2020-11-20,Dwarka,4,11,2020,0,0,None,23.0,0.0,23027
2020-11-20,Ambaji,4,11,2020,0,0,None,26.9,0.0,36579
2020-11-20,Pavagadh,4,11,2020,0,0,None,22.5,0.0,20855
2020-11-21,Somnath,5,11,2020,1,0,None,18.3,0.0,37877
2020-11-21,Dwarka,5,11,2020,1,0,None,21.4,0.0,29863
2020-11-21,Ambaji,5,11,2020,1,0,None,24.0,0.0,48168
2020-11-21,Pavagadh,5,11,2020,1,0,None,20.6,2.0,27799
2020-11-22,Somnath,6,11,2020,1,0,None,25.3,0.0,31720
2020-11-22,Dwarka,6,11,2020,1,0,None,24.7,0.0,31463
2020-11-22,Ambaji,6,11,2020,1,0,None,21.9,0.0,52217
2020-11-22,Pavagadh,6,11,2020,1,0,None,23.6,0.0,31235
2020-11-23,Somnath,0,11,2020,0,0,None,19.1,0.0,24177
2020-11-23,Dwarka,0,11,2020,0,0,None,26.1,0.0,20994
2020-11-23,Ambaji,0,11,2020,0,0,None,22.1,0.0,32193
2020-11-23,Pavagadh,0,11,2020,0,0,None,25.6,0.0,21657
2020-11-24,Somnath,1,11,2020,0,0,None,20.8,0.0,23085
2020-11-24,Dwarka,1,11,2020,0,0,None,20.7,0.0,21943
2020-11-24,Ambaji,1,11,2020,0,0,None,18.0,0.0,31553
2020-11-24,Pavagadh,1,11,2020,0,0,None,25.7,0.0,20095
2020-11-25,Somnath,2,11,2020,0,0,None,20.1,0.0,25186
2020-11-25,Dwarka,2,11,2020,0,0,None,19.6,0.0,20094
2020-11-25,Ambaji,2,11,2020,0,0,None,18.7,0.0,33043
2020-11-25,Pavagadh,2,11,2020,0,0,None,24.8,0.0,19370
2020-11-26,Somnath,3,11,2020,0,0,None,19.3,0.0,24210
2020-11-26,Dwarka,3,11,2020,0,0,None,24.8,0.0,22372
2020-11-26,Ambaji,3,11,2020,0,0,None,20.8,0.0,33263
2020-11-26,Pavagadh,3,11,2020,0,0,None,27.0,0.0,19972
2020-11-27,Somnath,4,11,2020,0,0,None,27.7,0.0,24142
2020-11-27,Dwarka,4,11,2020,0,0,None,19.0,0.0,23585
2020-11-27,Ambaji,4,11,2020,0,0,None,26.7,0.0,34254
2020-11-27,Pavagadh,4,11,2020,0,0,None,24.5,0.0,19646
2020-11-28,Somnath,5,11,2020,1,0,None,22.8,0.0,39029
2020-11-28,Dwarka,5,11,2020,1,0,None,18.2,0.0,34512
2020-11-28,Ambaji,5,11,2020,1,0,None,21.9,0.0,56108
2020-11-28,Pavagadh,5,11,2020,1,0,None,25.8,0.0,26613
2020-11-29,Somnath,6,11,2020,1,0,None,26.9,0.0,36601
2020-11-29,Dwarka,6,11,2020,1,0,None,25.8,0.0,30050
2020-11-29,Ambaji,6,11,2020,1,0,None,21.8,0.0,53389
2020-11-29,Pavagadh,6,11,2020,1,0,None,25.1,0.0,30545
2020-11-30,Somnath,0,11,2020,0,0,None,24.6,2.0,24798
2020-11-30,Dwarka,0,11,2020,0,0,None,25.1,0.0,21454
2020-11-30,Ambaji,0,11,2020,0,0,None,22.6,0.0,31726
2020-11-30,Pavagadh,0,11,2020,0,0,None,21.4,0.0,18005
2020-12-01,Somnath,1,12,2020,0,0,None,27.0,0.0,23788
2020-12-01,Dwarka,1,12,2020,0,0,None,26.2,0.0,22693
2020-12-01,Ambaji,1,12,2020,0,0,None,26.2,0.0,36973
2020-12-01,Pavagadh,1,12,2020,0,0,None,18.9,0.0,19227
2020-12-02,Somnath,2,12,2020,0,0,None,18.4,0.0,24473
2020-12-02,Dwarka,2,12,2020,0,0,None,23.6,0.0,21937
2020-12-02,Ambaji,2,12,2020,0,0,None,21.3,0.0,36045
2020-12-02,Pavagadh,2,12,2020,0,0,None,24.7,0.0,21499
2020-12-03,Somnath,3,12,2020,0,0,None,25.0,0.0,22783
2020-12-03,Dwarka,3,12,2020,0,0,None,19.1,0.0,20824
2020-12-03,Ambaji,3,12,2020,0,0,None,21.6,0.0,32866
2020-12-03,Pavagadh,3,12,2020,0,0,None,25.8,0.0,19796
2020-12-04,Somnath,4,12,2020,0,0,None,19.5,0.0,26141
2020-12-04,Dwarka,4,12,2020,0,0,None,21.6,0.0,20855
2020-12-04,Ambaji,4,12,2020,0,0,None,24.9,0.0,38280
2020-12-04,Pavagadh,4,12,2020,0,0,None,20.3,0.0,19052
2020-12-05,Somnath,5,12,2020,1,0,None,19.2,0.0,33582
2020-12-05,Dwarka,5,12,2020,1,0,None,27.0,0.0,34915
2020-12-05,Ambaji,5,12,2020,1,0,None,26.8,0.0,53705
2020-12-05,Pavagadh,5,12,2020,1,0,None,22.4,0.0,29006
2020-12-06,Somnath,6,12,2020,1,0,None,18.4,0.0,37592
2020-12-06,Dwarka,6,12,2020,1,0,None,18.8,0.0,32084
2020-12-06,Ambaji,6,12,2020,1,0,None,19.1,0.0,41739
2020-12-06,Pavagadh,6,12,2020,1,0,None,20.4,0.0,26406
2020-12-07,Somnath,0,12,2020,0,0,None,22.4,0.0,26776
2020-12-07,Dwarka,0,12,2020,0,0,None,18.4,0.0,22578
2020-12-07,Ambaji,0,12,2020,0,0,None,27.1,0.0,37766
2020-12-07,Pavagadh,0,12,2020,0,0,None,18.6,0.0,21119
2020-12-08,Somnath,1,12,2020,0,0,None,27.0,0.0,27058
2020-12-08,Dwarka,1,12,2020,0,0,None,22.0,0.0,21666
2020-12-08,Ambaji,1,12,2020,0,0,None,22.3,0.0,33991
2020-12-08,Pavagadh,1,12,2020,0,0,None,25.9,0.0,20759
2020-12-09,Somnath,2,12,2020,0,0,None,20.3,0.0,25800
2020-12-09,Dwarka,2,12,2020,0,0,None,20.0,0.0,20564
2020-12-09,Ambaji,2,12,2020,0,0,None,18.6,0.0,35374
2020-12-09,Pavagadh,2,12,2020,0,0,None,19.9,0.0,21783
2020-12-10,Somnath,3,12,2020,0,0,None,20.9,0.0,27462
2020-12-10,Dwarka,3,12,2020,0,0,None,21.0,0.0,20818
2020-12-10,Ambaji,3,12,2020,0,0,None,23.5,0.0,38231
2020-12-10,Pavagadh,3,12,2020,0,0,None,22.3,0.0,21779
2020-12-11,Somnath,4,12,2020,0,0,None,27.9,0.0,26671
2020-12-11,Dwarka,4,12,2020,0,0,None,21.8,0.0,21450
2020-12-11,Ambaji,4,12,2020,0,0,None,22.0,0.0,35509
2020-12-11,Pavagadh,4,12,2020,0,0,None,23.5,0.0,20166
2020-12-12,Somnath,5,12,2020,1,0,None,27.7,0.0,37809
2020-12-12,Dwarka,5,12,2020,1,0,None,23.8,0.0,29030
2020-12-12,Ambaji,5,12,2020,1,0,None,25.7,0.0,47400
2020-12-12,Pavagadh,5,12,2020,1,0,None,22.2,0.0,29863
2020-12-13,Somnath,6,12,2020,1,0,None,18.6,0.0,36639
2020-12-13,Dwarka,6,12,2020,1,0,None,21.8,0.0,28043
2020-12-13,Ambaji,6,12,2020,1,0,None,26.0,0.0,52611
2020-12-13,Pavagadh,6,12,2020,1,0,None,27.3,2.0,28178
2020-12-14,Somnath,0,12,2020,0,0,None,26.3,0.0,26808
2020-12-14,Dwarka,0,12,2020,0,0,None,23.9,0.0,20151
2020-12-14,Ambaji,0,12,2020,0,0,None,25.7,0.0,37136
2020-12-14,Pavagadh,0,12,2020,0,0,None,23.1,0.0,21811
2020-12-15,Somnath,1,12,2020,0,0,None,25.7,2.0,24322
2020-12-15,Dwarka,1,12,2020,0,0,None,24.5,0.0,22825
2020-12-15,Ambaji,1,12,2020,0,0,None,18.4,0.0,37865
2020-12-15,Pavagadh,1,12,2020,0,0,None,22.2,0.0,18854
2020-12-16,Somnath,2,12,2020,0,0,None,28.0,0.0,26381
2020-12-16,Dwarka,2,12,2020,0,0,None,22.0,0.0,22200
2020-12-16,Ambaji,2,12,2020,0,0,None,24.8,0.0,35921
2020-12-16,Pavagadh,2,12,2020,0,0,None,26.8,0.0,20950
2020-12-17,Somnath,3,12,2020,0,0,None,18.3,0.0,27414
2020-12-17,Dwarka,3,12,2020,0,0,None,21.5,0.0,22697
2020-12-17,Ambaji,3,12,2020,0,0,None,18.3,0.0,33402
2020-12-17,Pavagadh,3,12,2020,0,0,None,22.7,0.0,18206
2020-12-18,Somnath,4,12,2020,0,0,None,18.2,0.0,25300
2020-12-18,Dwarka,4,12,2020,0,0,None,20.3,0.0,23690
2020-12-18,Ambaji,4,12,2020,0,0,None,20.8,0.0,36137
2020-12-18,Pavagadh,4,12,2020,0,0,None,18.3,0.0,20031
2020-12-19,Somnath,5,12,2020,1,0,None,25.3,0.0,38794
2020-12-19,Dwarka,5,12,2020,1,0,None,21.7,0.0,29325
2020-12-19,Ambaji,5,12,2020,1,0,None,22.9,0.0,47561
2020-12-19,Pavagadh,5,12,2020,1,0,None,23.9,0.0,29051
2020-12-20,Somnath,6,12,2020,1,0,None,22.0,0.0,38182
2020-12-20,Dwarka,6,12,2020,1,0,None,19.5,0.0,29230
2020-12-20,Ambaji,6,12,2020,1,0,None,26.2,0.0,54061
2020-12-20,Pavagadh,6,12,2020,1,0,None,26.5,0.0,30393
2020-12-21,Somnath,0,12,2020,0,0,None,20.9,2.0,27250
2020-12-21,Dwarka,0,12,2020,0,0,None,23.7,0.0,20950
2020-12-21,Ambaji,0,12,2020,0,0,None,22.2,0.0,35140
2020-12-21,Pavagadh,0,12,2020,0,0,None,23.0,0.0,20691
2020-12-22,Somnath,1,12,2020,0,0,None,19.2,0.0,24424
2020-12-22,Dwarka,1,12,2020,0,0,None,22.1,0.0,20934
2020-12-22,Ambaji,1,12,2020,0,0,None,21.4,0.0,34324
2020-12-22,Pavagadh,1,12,2020,0,0,None,27.0,0.0,20737
2020-12-23,Somnath,2,12,2020,0,0,None,19.4,0.0,24105
2020-12-23,Dwarka,2,12,2020,0,0,None,27.4,0.0,22838
2020-12-23,Ambaji,2,12,2020,0,0,None,24.0,0.0,38076
2020-12-23,Pavagadh,2,12,2020,0,0,None,21.5,0.0,19201
2020-12-24,Somnath,3,12,2020,0,0,None,21.4,0.0,25599
2020-12-24,Dwarka,3,12,2020,0,0,None,21.5,0.0,19829
2020-12-24,Ambaji,3,12,2020,0,0,None,27.8,0.0,36115
2020-12-24,Pavagadh,3,12,2020,0,0,None,25.2,0.0,18446
2020-12-25,Somnath,4,12,2020,0,1,None,19.5,0.0,37523
2020-12-25,Dwarka,4,12,2020,0,1,None,22.2,0.0,33360
2020-12-25,Ambaji,4,12,2020,0,1,None,19.7,0.0,46140
2020-12-25,Pavagadh,4,12,2020,0,1,None,24.7,0.0,32396
2020-12-26,Somnath,5,12,2020,1,0,None,27.5,0.0,32992
2020-12-26,Dwarka,5,12,2020,1,0,None,19.0,0.0,30129
2020-12-26,Ambaji,5,12,2020,1,0,None,20.1,0.0,50633
2020-12-26,Pavagadh,5,12,2020,1,0,None,26.4,0.0,29041
2020-12-27,Somnath,6,12,2020,1,0,None,25.6,0.0,37083
2020-12-27,Dwarka,6,12,2020,1,0,None,25.4,0.0,31823
2020-12-27,Ambaji,6,12,2020,1,0,None,20.2,0.0,56358
2020-12-27,Pavagadh,6,12,2020,1,0,None,25.5,0.0,24289
2020-12-28,Somnath,0,12,2020,0,0,None,19.0,0.0,24192
2020-12-28,Dwarka,0,12,2020,0,0,None,19.1,0.0,22507
2020-12-28,Ambaji,0,12,2020,0,0,None,26.0,0.0,34371
2020-12-28,Pavagadh,0,12,2020,0,0,None,21.2,0.0,20441
2020-12-29,Somnath,1,12,2020,0,0,None,22.9,0.0,27000
2020-12-29,Dwarka,1,12,2020,0,0,None,22.7,0.0,23958
2020-12-29,Ambaji,1,12,2020,0,0,None,25.4,0.0,36717
2020-12-29,Pavagadh,1,12,2020,0,0,None,18.8,0.0,18612
2020-12-30,Somnath,2,12,2020,0,0,None,19.5,0.0,23287
2020-12-30,Dwarka,2,12,2020,0,0,None,26.5,0.0,21420
2020-12-30,Ambaji,2,12,2020,0,0,None,18.7,0.0,32315
2020-12-30,Pavagadh,2,12,2020,0,0,None,25.4,0.0,20175
2020-12-31,Somnath,3,12,2020,0,0,None,19.5,0.0,24039
2020-12-31,Dwarka,3,12,2020,0,0,None,20.2,0.0,23859
2020-12-31,Ambaji,3,12,2020,0,0,None,21.0,0.0,31875
2020-12-31,Pavagadh,3,12,2020,0,0,None,18.8,0.0,18762
2021-01-01,Somnath,4,1,2021,0,0,None,21.2,0.0,24161
2021-01-01,Dwarka,4,1,2021,0,0,None,20.8,0.0,22888
2021-01-01,Ambaji,4,1,2021,0,0,None,27.5,0.0,36363
2021-01-01,Pavagadh,4,1,2021,0,0,None,24.9,0.0,19184
2021-01-02,Somnath,5,1,2021,1,0,None,21.0,0.0,36415
2021-01-02,Dwarka,5,1,2021,1,0,None,23.3,0.0,30813
2021-01-02,Ambaji,5,1,2021,1,0,None,27.6,2.0,46290
2021-01-02,Pavagadh,5,1,2021,1,0,None,20.6,0.0,27552
2021-01-03,Somnath,6,1,2021,1,0,None,19.0,0.0,37730
2021-01-03,Dwarka,6,1,2021,1,0,None,18.4,0.0,33713
2021-01-03,Ambaji,6,1,2021,1,0,None,26.1,0.0,45454
2021-01-03,Pavagadh,6,1,2021,1,0,None,27.8,2.0,29598
2021-01-04,Somnath,0,1,2021,0,0,None,27.5,0.0,23184
2021-01-04,Dwarka,0,1,2021,0,0,None,24.7,0.0,22867
2021-01-04,Ambaji,0,1,2021,0,0,None,26.0,0.0,32175
2021-01-04,Pavagadh,0,1,2021,0,0,None,19.7,2.0,19972
2021-01-05,Somnath,1,1,2021,0,0,None,18.1,0.0,24988
2021-01-05,Dwarka,1,1,2021,0,0,None,26.4,0.0,20247
2021-01-05,Ambaji,1,1,2021,0,0,None,24.2,2.0,31743
2021-01-05,Pavagadh,1,1,2021,0,0,None,26.4,0.0,19575
2021-01-06,Somnath,2,1,2021,0,0,None,21.7,0.0,25022
2021-01-06,Dwarka,2,1,2021,0,0,None,22.5,0.0,20015
2021-01-06,Ambaji,2,1,2021,0,0,None,18.9,0.0,36315
2021-01-06,Pavagadh,2,1,2021,0,0,None,23.3,0.0,19994
2021-01-07,Somnath,3,1,2021,0,0,None,20.2,0.0,23971
2021-01-07,Dwarka,3,1,2021,0,0,None,27.4,0.0,20537
2021-01-07,Ambaji,3,1,2021,0,0,None,22.9,0.0,31754
2021-01-07,Pavagadh,3,1,2021,0,0,None,23.0,0.0,18037
2021-01-08,Somnath,4,1,2021,0,0,None,21.0,0.0,24471
2021-01-08,Dwarka,4,1,2021,0,0,None,19.4,0.0,22925
2021-01-08,Ambaji,4,1,2021,0,0,None,24.8,0.0,32463
2021-01-08,Pavagadh,4,1,2021,0,0,None,23.0,0.0,19874
2021-01-09,Somnath,5,1,2021,1,0,None,20.0,0.0,39028
2021-01-09,Dwarka,5,1,2021,1,0,None,21.1,0.0,30440
2021-01-09,Ambaji,5,1,2021,1,0,None,23.4,0.0,43832
2021-01-09,Pavagadh,5,1,2021,1,0,None,20.3,0.0,29864
2021-01-10,Somnath,6,1,2021,1,0,None,23.6,0.0,36918
2021-01-10,Dwarka,6,1,2021,1,0,None,21.2,0.0,31559
2021-01-10,Ambaji,6,1,2021,1,0,None,26.2,0.0,49624
2021-01-10,Pavagadh,6,1,2021,1,0,None,20.5,0.0,30606
2021-01-11,Somnath,0,1,2021,0,0,None,27.5,0.0,26123
2021-01-11,Dwarka,0,1,2021,0,0,None,23.9,0.0,22086
2021-01-11,Ambaji,0,1,2021,0,0,None,20.5,2.0,33368
2021-01-11,Pavagadh,0,1,2021,0,0,None,20.3,0.0,20043
2021-01-12,Somnath,1,1,2021,0,0,None,18.2,0.0,26555
2021-01-12,Dwarka,1,1,2021,0,0,None,22.8,0.0,21847
2021-01-12,Ambaji,1,1,2021,0,0,None,20.5,0.0,38204
2021-01-12,Pavagadh,1,1,2021,0,0,None,21.6,0.0,21881
2021-01-13,Somnath,2,1,2021,0,0,None,25.9,0.0,24544
2021-01-13,Dwarka,2,1,2021,0,0,None,26.6,0.0,22296
2021-01-13,Ambaji,2,1,2021,0,0,None,23.3,0.0,35976
2021-01-13,Pavagadh,2,1,2021,0,0,None,22.7,0.0,21257
2021-01-14,Somnath,3,1,2021,0,0,None,19.1,0.0,25399
2021-01-14,Dwarka,3,1,2021,0,0,None,25.1,0.0,23036
2021-01-14,Ambaji,3,1,2021,0,0,None,19.3,0.0,37284
2021-01-14,Pavagadh,3,1,2021,0,0,None,26.9,0.0,19251
2021-01-15,Somnath,4,1,2021,0,0,None,19.6,0.0,25199
2021-01-15,Dwarka,4,1,2021,0,0,None,20.0,0.0,23747
2021-01-15,Ambaji,4,1,2021,0,0,None,18.3,0.0,37025
2021-01-15,Pavagadh,4,1,2021,0,0,None,20.5,0.0,19623
2021-01-16,Somnath,5,1,2021,1,0,None,20.0,0.0,36458
2021-01-16,Dwarka,5,1,2021,1,0,None,23.5,0.0,34825
2021-01-16,Ambaji,5,1,2021,1,0,None,19.8,0.0,42793
2021-01-16,Pavagadh,5,1,2021,1,0,None,24.5,0.0,28981
2021-01-17,Somnath,6,1,2021,1,0,None,18.5,0.0,33179
2021-01-17,Dwarka,6,1,2021,1,0,None,18.5,0.0,34771
2021-01-17,Ambaji,6,1,2021,1,0,None,19.5,0.0,54614
2021-01-17,Pavagadh,6,1,2021,1,0,None,21.0,0.0,30583
2021-01-18,Somnath,0,1,2021,0,0,None,19.4,0.0,24704
2021-01-18,Dwarka,0,1,2021,0,0,None,27.5,0.0,22132
2021-01-18,Ambaji,0,1,2021,0,0,None,26.0,0.0,35837
2021-01-18,Pavagadh,0,1,2021,0,0,None,22.2,0.0,21792
2021-01-19,Somnath,1,1,2021,0,0,None,18.1,0.0,26829
2021-01-19,Dwarka,1,1,2021,0,0,None,24.5,0.0,23738
2021-01-19,Ambaji,1,1,2021,0,0,None,25.5,0.0,38253
2021-01-19,Pavagadh,1,1,2021,0,0,None,26.6,0.0,18345
2021-01-20,Somnath,2,1,2021,0,0,None,20.4,0.0,26047
2021-01-20,Dwarka,2,1,2021,0,0,None,21.0,0.0,21168
2021-01-20,Ambaji,2,1,2021,0,0,None,25.7,0.0,37890
2021-01-20,Pavagadh,2,1,2021,0,0,None,21.8,0.0,19626
2021-01-21,Somnath,3,1,2021,0,0,None,21.8,0.0,24291
2021-01-21,Dwarka,3,1,2021,0,0,None,18.2,0.0,20786
2021-01-21,Ambaji,3,1,2021,0,0,None,18.3,0.0,32941
2021-01-21,Pavagadh,3,1,2021,0,0,None,22.5,0.0,20414
2021-01-22,Somnath,4,1,2021,0,0,None,27.9,0.0,25734
2021-01-22,Dwarka,4,1,2021,0,0,None,27.2,0.0,20532
2021-01-22,Ambaji,4,1,2021,0,0,None,20.8,0.0,36015
2021-01-22,Pavagadh,4,1,2021,0,0,None,18.0,0.0,18304
2021-01-23,Somnath,5,1,2021,1,0,None,27.0,0.0,39768
2021-01-23,Dwarka,5,1,2021,1,0,None,19.4,0.0,31837
2021-01-23,Ambaji,5,1,2021,1,0,None,21.2,0.0,46868
2021-01-23,Pavagadh,5,1,2021,1,0,None,19.9,0.0,29652
2021-01-24,Somnath,6,1,2021,1,0,None,24.7,0.0,33251
2021-01-24,Dwarka,6,1,2021,1,0,None,25.3,0.0,27619
2021-01-24,Ambaji,6,1,2021,1,0,None,18.6,0.0,44239
2021-01-24,Pavagadh,6,1,2021,1,0,None,22.3,0.0,31279
2021-01-25,Somnath,0,1,2021,0,0,None,21.9,0.0,27267
2021-01-25,Dwarka,0,1,2021,0,0,None,23.4,2.0,20425
2021-01-25,Ambaji,0,1,2021,0,0,None,26.6,0.0,31658
2021-01-25,Pavagadh,0,1,2021,0,0,None,27.7,0.0,19533
2021-01-26,Somnath,1,1,2021,0,1,None,27.5,0.0,37630
2021-01-26,Dwarka,1,1,2021,0,1,None,20.5,0.0,30008
2021-01-26,Ambaji,1,1,2021,0,1,None,22.1,0.0,52742
2021-01-26,Pavagadh,1,1,2021,0,1,None,26.4,0.0,29131
2021-01-27,Somnath,2,1,2021,0,0,None,24.4,0.0,24890
2021-01-27,Dwarka,2,1,2021,0,0,None,21.3,0.0,20123
2021-01-27,Ambaji,2,1,2021,0,0,None,26.3,0.0,32120
2021-01-27,Pavagadh,2,1,2021,0,0,None,20.0,0.0,20083
2021-01-28,Somnath,3,1,2021,0,0,None,27.9,0.0,24805
2021-01-28,Dwarka,3,1,2021,0,0,None,21.9,0.0,21260
2021-01-28,Ambaji,3,1,2021,0,0,None,27.0,0.0,36924
2021-01-28,Pavagadh,3,1,2021,0,0,None,20.5,0.0,19680
2021-01-29,Somnath,4,1,2021,0,0,None,21.0,0.0,23071
2021-01-29,Dwarka,4,1,2021,0,0,None,21.0,0.0,20392
2021-01-29,Ambaji,4,1,2021,0,0,None,25.4,0.0,37684
2021-01-29,Pavagadh,4,1,2021,0,0,None,22.3,0.0,21943
2021-01-30,Somnath,5,1,2021,1,0,None,19.8,0.0,34447
2021-01-30,Dwarka,5,1,2021,1,0,None,27.5,0.0,35309
2021-01-30,Ambaji,5,1,2021,1,0,None,22.6,0.0,49645
2021-01-30,Pavagadh,5,1,2021,1,0,None,19.9,0.0,27750
2021-01-31,Somnath,6,1,2021,1,0,None,26.5,0.0,35496
2021-01-31,Dwarka,6,1,2021,1,0,None,27.7,0.0,29280
2021-01-31,Ambaji,6,1,2021,1,0,None,26.1,0.0,49005
2021-01-31,Pavagadh,6,1,2021,1,0,None,22.1,0.0,31950
2021-02-01,Somnath,0,2,2021,0,0,None,27.5,0.0,27062
2021-02-01,Dwarka,0,2,2021,0,0,None,25.4,0.0,22485
2021-02-01,Ambaji,0,2,2021,0,0,None,18.3,0.0,36634
2021-02-01,Pavagadh,0,2,2021,0,0,None,25.9,0.0,20512
2021-02-02,Somnath,1,2,2021,0,0,None,19.8,0.0,25875
2021-02-02,Dwarka,1,2,2021,0,0,None,19.0,0.0,22719
2021-02-02,Ambaji,1,2,2021,0,0,None,22.8,0.0,33465
2021-02-02,Pavagadh,1,2,2021,0,0,None,24.6,0.0,20174
2021-02-03,Somnath,2,2,2021,0,0,None,27.6,0.0,22749
2021-02-03,Dwarka,2,2,2021,0,0,None,27.9,0.0,22959
2021-02-03,Ambaji,2,2,2021,0,0,None,23.3,0.0,32741
2021-02-03,Pavagadh,2,2,2021,0,0,None,19.8,0.0,21491
2021-02-04,Somnath,3,2,2021,0,0,None,22.7,0.0,26920
2021-02-04,Dwarka,3,2,2021,0,0,None,22.9,0.0,21592
2021-02-04,Ambaji,3,2,2021,0,0,None,21.7,0.0,35731
2021-02-04,Pavagadh,3,2,2021,0,0,None,22.7,0.0,19270
2021-02-05,Somnath,4,2,2021,0,0,None,23.8,0.0,26266
2021-02-05,Dwarka,4,2,2021,0,0,None,19.0,0.0,23325
2021-02-05,Ambaji,4,2,2021,0,0,None,19.8,0.0,38291
2021-02-05,Pavagadh,4,2,2021,0,0,None,23.2,0.0,19282
2021-02-06,Somnath,5,2,2021,1,0,None,26.2,0.0,38120
2021-02-06,Dwarka,5,2,2021,1,0,None,23.0,0.0,30091
2021-02-06,Ambaji,5,2,2021,1,0,None,24.9,0.0,48857
2021-02-06,Pavagadh,5,2,2021,1,0,None,24.6,0.0,29077
2021-02-07,Somnath,6,2,2021,1,0,None,26.8,0.0,33359
2021-02-07,Dwarka,6,2,2021,1,0,None,24.7,0.0,29472
2021-02-07,Ambaji,6,2,2021,1,0,None,19.2,0.0,46053
2021-02-07,Pavagadh,6,2,2021,1,0,None,24.6,0.0,28184
2021-02-08,Somnath,0,2,2021,0,0,None,25.5,0.0,22956
2021-02-08,Dwarka,0,2,2021,0,0,None,22.1,0.0,20692
2021-02-08,Ambaji,0,2,2021,0,0,None,27.3,0.0,32199
2021-02-08,Pavagadh,0,2,2021,0,0,None,22.5,0.0,19128
2021-02-09,Somnath,1,2,2021,0,0,None,23.4,0.0,24909
2021-02-09,Dwarka,1,2,2021,0,0,None,18.9,0.0,21918
2021-02-09,Ambaji,1,2,2021,0,0,None,26.2,0.0,33719
2021-02-09,Pavagadh,1,2,2021,0,0,None,18.0,0.0,21042
2021-02-10,Somnath,2,2,2021,0,0,None,19.1,0.0,22600
2021-02-10,Dwarka,2,2,2021,0,0,None,18.3,0.0,20222
2021-02-10,Ambaji,2,2,2021,0,0,None,27.6,0.0,36048
2021-02-10,Pavagadh,2,2,2021,0,0,None,18.6,0.0,19486
2021-02-11,Somnath,3,2,2021,0,0,None,22.8,0.0,25387
2021-02-11,Dwarka,3,2,2021,0,0,None,22.4,0.0,23919
2021-02-11,Ambaji,3,2,2021,0,0,None,23.7,0.0,32464
2021-02-11,Pavagadh,3,2,2021,0,0,None,20.2,0.0,20796
2021-02-12,Somnath,4,2,2021,0,0,None,19.9,0.0,27173
2021-02-12,Dwarka,4,2,2021,0,0,None,21.5,0.0,23944
2021-02-12,Ambaji,4,2,2021,0,0,None,22.6,0.0,33372
2021-02-12,Pavagadh,4,2,2021,0,0,None,26.9,0.0,19611
2021-02-13,Somnath,5,2,2021,1,0,None,18.3,0.0,31017
2021-02-13,Dwarka,5,2,2021,1,0,None,21.9,0.0,29843
2021-02-13,Ambaji,5,2,2021,1,0,None,22.0,0.0,46082
2021-02-13,Pavagadh,5,2,2021,1,0,None,23.5,0.0,30983
2021-02-14,Somnath,6,2,2021,1,0,None,19.0,0.0,34099
2021-02-14,Dwarka,6,2,2021,1,0,None,22.5,0.0,34440
2021-02-14,Ambaji,6,2,2021,1,0,None,26.6,0.0,49277
2021-02-14,Pavagadh,6,2,2021,1,0,None,28.0,0.0,27123
2021-02-15,Somnath,0,2,2021,0,0,None,19.1,0.0,24266
2021-02-15,Dwarka,0,2,2021,0,0,None,23.8,0.0,22185
2021-02-15,Ambaji,0,2,2021,0,0,None,19.2,0.0,37184
2021-02-15,Pavagadh,0,2,2021,0,0,None,21.2,0.0,19975
2021-02-16,Somnath,1,2,2021,0,0,None,26.6,0.0,23001
2021-02-16,Dwarka,1,2,2021,0,0,None,26.7,0.0,23116
2021-02-16,Ambaji,1,2,2021,0,0,None,22.7,0.0,34851
2021-02-16,Pavagadh,1,2,2021,0,0,None,25.4,0.0,21562
2021-02-17,Somnath,2,2,2021,0,0,None,22.5,0.0,23007
2021-02-17,Dwarka,2,2,2021,0,0,None,19.0,0.0,22668
2021-02-17,Ambaji,2,2,2021,0,0,None,19.5,0.0,32160
2021-02-17,Pavagadh,2,2,2021,0,0,None,24.0,0.0,20950
2021-02-18,Somnath,3,2,2021,0,0,None,21.8,2.0,25814
2021-02-18,Dwarka,3,2,2021,0,0,None,26.2,0.0,24153
2021-02-18,Ambaji,3,2,2021,0,0,None,26.2,0.0,34068
2021-02-18,Pavagadh,3,2,2021,0,0,None,24.8,0.0,20517
2021-02-19,Somnath,4,2,2021,0,0,None,21.4,0.0,25290
2021-02-19,Dwarka,4,2,2021,0,0,None,26.4,0.0,20322
2021-02-19,Ambaji,4,2,2021,0,0,None,20.5,0.0,31555
2021-02-19,Pavagadh,4,2,2021,0,0,None,20.2,0.0,21618
2021-02-20,Somnath,5,2,2021,1,0,None,21.9,0.0,39294
2021-02-20,Dwarka,5,2,2021,1,0,None,27.1,0.0,27014
2021-02-20,Ambaji,5,2,2021,1,0,None,24.2,0.0,51030
2021-02-20,Pavagadh,5,2,2021,1,0,None,22.5,2.0,23970
2021-02-21,Somnath,6,2,2021,1,0,None,21.0,0.0,33154
2021-02-21,Dwarka,6,2,2021,1,0,None,25.5,0.0,31740
2021-02-21,Ambaji,6,2,2021,1,0,None,27.5,0.0,53616
2021-02-21,Pavagadh,6,2,2021,1,0,None,22.2,0.0,25908
2021-02-22,Somnath,0,2,2021,0,0,None,24.6,0.0,23179
2021-02-22,Dwarka,0,2,2021,0,0,None,18.7,0.0,22774
2021-02-22,Ambaji,0,2,2021,0,0,None,22.1,0.0,34375
2021-02-22,Pavagadh,0,2,2021,0,0,None,25.1,0.0,21362
2021-02-23,Somnath,1,2,2021,0,0,None,23.1,0.0,24568
2021-02-23,Dwarka,1,2,2021,0,0,None,24.5,0.0,21712
2021-02-23,Ambaji,1,2,2021,0,0,None,20.1,0.0,35619
2021-02-23,Pavagadh,1,2,2021,0,0,None,26.6,0.0,18784
2021-02-24,Somnath,2,2,2021,0,0,None,22.6,0.0,23356
2021-02-24,Dwarka,2,2,2021,0,0,None,18.6,0.0,23402
2021-02-24,Ambaji,2,2,2021,0,0,None,18.4,0.0,36144
2021-02-24,Pavagadh,2,2,2021,0,0,None,19.3,0.0,20141
2021-02-25,Somnath,3,2,2021,0,0,None,27.5,0.0,24937
2021-02-25,Dwarka,3,2,2021,0,0,None,22.0,0.0,20116
2021-02-25,Ambaji,3,2,2021,0,0,None,23.7,0.0,38416
2021-02-25,Pavagadh,3,2,2021,0,0,None,25.0,0.0,19647
2021-02-26,Somnath,4,2,2021,0,0,None,21.5,0.0,26197
2021-02-26,Dwarka,4,2,2021,0,0,None,26.2,0.0,22953
2021-02-26,Ambaji,4,2,2021,0,0,None,27.2,0.0,36428
2021-02-26,Pavagadh,4,2,2021,0,0,None,24.4,0.0,18732
2021-02-27,Somnath,5,2,2021,1,0,None,19.2,0.0,33809
2021-02-27,Dwarka,5,2,2021,1,0,None,24.5,0.0,26216
2021-02-27,Ambaji,5,2,2021,1,0,None,19.1,0.0,50798
2021-02-27,Pavagadh,5,2,2021,1,0,None,20.9,0.0,29410
2021-02-28,Somnath,6,2,2021,1,0,None,19.8,0.0,34533
2021-02-28,Dwarka,6,2,2021,1,0,None,22.9,0.0,32047
2021-02-28,Ambaji,6,2,2021,1,0,None,19.1,0.0,48192
2021-02-28,Pavagadh,6,2,2021,1,0,None,26.6,0.0,27033
2021-03-01,Somnath,0,3,2021,0,0,None,33.9,0.0,24633
2021-03-01,Dwarka,0,3,2021,0,0,None,34.4,0.0,20942
2021-03-01,Ambaji,0,3,2021,0,0,None,33.0,0.0,31689
2021-03-01,Pavagadh,0,3,2021,0,0,None,42.6,0.0,19531
2021-03-02,Somnath,1,3,2021,0,0,None,35.1,0.0,26662
2021-03-02,Dwarka,1,3,2021,0,0,None,34.7,5.0,19891
2021-03-02,Ambaji,1,3,2021,0,0,None,34.4,0.0,32858
2021-03-02,Pavagadh,1,3,2021,0,0,None,39.7,0.0,21836
2021-03-03,Somnath,2,3,2021,0,0,None,37.2,1.0,24558
2021-03-03,Dwarka,2,3,2021,0,0,None,34.4,0.0,22659
2021-03-03,Ambaji,2,3,2021,0,0,None,37.0,0.0,34414
2021-03-03,Pavagadh,2,3,2021,0,0,None,37.8,1.0,19999
2021-03-04,Somnath,3,3,2021,0,0,None,34.8,0.0,24187
2021-03-04,Dwarka,3,3,2021,0,0,None,41.0,0.0,21261
2021-03-04,Ambaji,3,3,2021,0,0,None,33.0,0.0,36108
2021-03-04,Pavagadh,3,3,2021,0,0,None,36.2,0.0,20065
2021-03-05,Somnath,4,3,2021,0,0,None,35.2,0.0,25620
2021-03-05,Dwarka,4,3,2021,0,0,None,40.8,0.0,20534
2021-03-05,Ambaji,4,3,2021,0,0,None,39.4,0.0,34742
2021-03-05,Pavagadh,4,3,2021,0,0,None,42.1,0.0,17726
2021-03-06,Somnath,5,3,2021,1,0,None,33.0,0.0,34828
2021-03-06,Dwarka,5,3,2021,1,0,None,36.3,0.0,27556
2021-03-06,Ambaji,5,3,2021,1,0,None,40.9,1.0,52148
2021-03-06,Pavagadh,5,3,2021,1,0,None,34.2,0.0,31754
2021-03-07,Somnath,6,3,2021,1,0,None,34.5,0.0,31379
2021-03-07,Dwarka,6,3,2021,1,0,None,40.4,0.0,31119
2021-03-07,Ambaji,6,3,2021,1,0,None,41.8,0.0,44754
2021-03-07,Pavagadh,6,3,2021,1,0,None,41.2,0.0,23234
2021-03-08,Somnath,0,3,2021,0,0,None,37.5,0.0,23659
2021-03-08,Dwarka,0,3,2021,0,0,None,39.4,0.0,21513
2021-03-08,Ambaji,0,3,2021,0,0,None,36.1,0.0,32131
2021-03-08,Pavagadh,0,3,2021,0,0,None,34.3,0.0,18433
2021-03-09,Somnath,1,3,2021,0,0,None,34.3,0.0,26160
2021-03-09,Dwarka,1,3,2021,0,0,None,39.3,0.0,20030
2021-03-09,Ambaji,1,3,2021,0,0,None,42.5,0.0,34739
2021-03-09,Pavagadh,1,3,2021,0,0,None,39.7,0.0,19263
2021-03-10,Somnath,2,3,2021,0,0,None,32.3,0.0,25564
2021-03-10,Dwarka,2,3,2021,0,0,None,40.0,0.0,23398
2021-03-10,Ambaji,2,3,2021,0,0,None,40.1,0.0,33933
2021-03-10,Pavagadh,2,3,2021,0,0,None,39.0,0.0,18460
2021-03-11,Somnath,3,3,2021,0,0,Maha Shivratri,33.0,0.0,315645
2021-03-11,Dwarka,3,3,2021,0,0,None,41.1,0.0,19947
2021-03-11,Ambaji,3,3,2021,0,0,None,38.3,0.0,38274
2021-03-11,Pavagadh,3,3,2021,0,0,None,34.5,0.0,18228
2021-03-12,Somnath,4,3,2021,0,0,None,39.2,0.0,23056
2021-03-12,Dwarka,4,3,2021,0,0,None,36.0,0.0,21258
2021-03-12,Ambaji,4,3,2021,0,0,None,42.5,0.0,28302
2021-03-12,Pavagadh,4,3,2021,0,0,None,32.1,0.0,19877
2021-03-13,Somnath,5,3,2021,1,0,None,42.9,0.0,33987
2021-03-13,Dwarka,5,3,2021,1,0,None,34.7,0.0,30743
2021-03-13,Ambaji,5,3,2021,1,0,None,34.0,0.0,42817
2021-03-13,Pavagadh,5,3,2021,1,0,None,42.1,0.0,27078
2021-03-14,Somnath,6,3,2021,1,0,None,42.8,0.0,34213
2021-03-14,Dwarka,6,3,2021,1,0,None,41.4,1.0,23340
2021-03-14,Ambaji,6,3,2021,1,0,None,37.0,0.0,49404
2021-03-14,Pavagadh,6,3,2021,1,0,None,35.0,0.0,26001
2021-03-15,Somnath,0,3,2021,0,0,None,38.8,0.0,22890
2021-03-15,Dwarka,0,3,2021,0,0,None,41.3,0.0,22129
2021-03-15,Ambaji,0,3,2021,0,0,None,38.0,1.0,37438
2021-03-15,Pavagadh,0,3,2021,0,0,None,42.5,0.0,18528
2021-03-16,Somnath,1,3,2021,0,0,None,34.3,1.0,26112
2021-03-16,Dwarka,1,3,2021,0,0,None,35.1,0.0,22818
2021-03-16,Ambaji,1,3,2021,0,0,None,37.3,0.0,32490
2021-03-16,Pavagadh,1,3,2021,0,0,None,40.2,0.0,20030
2021-03-17,Somnath,2,3,2021,0,0,None,40.4,0.0,23335
2021-03-17,Dwarka,2,3,2021,0,0,None,33.1,0.0,23063
2021-03-17,Ambaji,2,3,2021,0,0,None,33.6,0.0,37591
2021-03-17,Pavagadh,2,3,2021,0,0,None,42.4,0.0,16327
2021-03-18,Somnath,3,3,2021,0,0,None,34.6,0.0,24969
2021-03-18,Dwarka,3,3,2021,0,0,None,38.4,0.0,23713
2021-03-18,Ambaji,3,3,2021,0,0,None,38.8,0.0,38410
2021-03-18,Pavagadh,3,3,2021,0,0,None,38.9,1.0,19145
2021-03-19,Somnath,4,3,2021,0,0,None,34.6,0.0,25043
2021-03-19,Dwarka,4,3,2021,0,0,None,34.5,0.0,19930
2021-03-19,Ambaji,4,3,2021,0,0,None,39.6,0.0,36323
2021-03-19,Pavagadh,4,3,2021,0,0,None,37.2,1.0,19338
2021-03-20,Somnath,5,3,2021,1,0,None,42.8,0.0,34234
2021-03-20,Dwarka,5,3,2021,1,0,None,40.7,0.0,30887
2021-03-20,Ambaji,5,3,2021,1,0,None,34.4,0.0,46829
2021-03-20,Pavagadh,5,3,2021,1,0,None,40.2,0.0,27224
2021-03-21,Somnath,6,3,2021,1,0,None,42.8,0.0,34419
2021-03-21,Dwarka,6,3,2021,1,0,None,42.7,0.0,31163
2021-03-21,Ambaji,6,3,2021,1,0,None,33.4,0.0,51387
2021-03-21,Pavagadh,6,3,2021,1,0,None,36.5,0.0,26263
2021-03-22,Somnath,0,3,2021,0,0,None,42.9,0.0,24874
2021-03-22,Dwarka,0,3,2021,0,0,None,39.2,0.0,21063
2021-03-22,Ambaji,0,3,2021,0,0,None,39.0,0.0,35856
2021-03-22,Pavagadh,0,3,2021,0,0,None,33.9,0.0,19146
2021-03-23,Somnath,1,3,2021,0,0,None,38.6,1.0,27270
2021-03-23,Dwarka,1,3,2021,0,0,None,34.5,0.0,19958
2021-03-23,Ambaji,1,3,2021,0,0,None,36.4,0.0,37910
2021-03-23,Pavagadh,1,3,2021,0,0,None,34.6,0.0,18883
2021-03-24,Somnath,2,3,2021,0,0,None,35.9,0.0,25734
2021-03-24,Dwarka,2,3,2021,0,0,None,40.6,0.0,20934
2021-03-24,Ambaji,2,3,2021,0,0,None,34.5,0.0,36966
2021-03-24,Pavagadh,2,3,2021,0,0,None,41.3,0.0,18048
2021-03-25,Somnath,3,3,2021,0,0,None,32.5,0.0,24702
2021-03-25,Dwarka,3,3,2021,0,0,None,37.2,0.0,22789
2021-03-25,Ambaji,3,3,2021,0,0,None,33.7,0.0,33499
2021-03-25,Pavagadh,3,3,2021,0,0,None,33.4,0.0,20914
2021-03-26,Somnath,4,3,2021,0,0,None,34.7,0.0,24847
2021-03-26,Dwarka,4,3,2021,0,0,None,35.6,0.0,22921
2021-03-26,Ambaji,4,3,2021,0,0,None,37.7,0.0,37956
2021-03-26,Pavagadh,4,3,2021,0,0,None,32.7,1.0,18112
2021-03-27,Somnath,5,3,2021,1,0,None,40.5,0.0,32035
2021-03-27,Dwarka,5,3,2021,1,0,None,34.6,0.0,32710
2021-03-27,Ambaji,5,3,2021,1,0,None,35.9,0.0,48047
2021-03-27,Pavagadh,5,3,2021,1,0,None,32.6,0.0,25215
2021-03-28,Somnath,6,3,2021,1,0,None,33.2,0.0,35220
2021-03-28,Dwarka,6,3,2021,1,0,None,35.4,0.0,32098
2021-03-28,Ambaji,6,3,2021,1,0,None,35.4,0.0,47135
2021-03-28,Pavagadh,6,3,2021,1,0,None,36.0,0.0,29375
2021-03-29,Somnath,0,3,2021,0,0,None,40.7,0.0,24593
2021-03-29,Dwarka,0,3,2021,0,0,None,36.3,0.0,23229
2021-03-29,Ambaji,0,3,2021,0,0,None,40.4,0.0,37538
2021-03-29,Pavagadh,0,3,2021,0,0,None,38.5,0.0,18069
2021-03-30,Somnath,1,3,2021,0,0,None,36.2,0.0,22948
2021-03-30,Dwarka,1,3,2021,0,0,None,37.1,5.0,22952
2021-03-30,Ambaji,1,3,2021,0,0,None,38.0,0.0,31806
2021-03-30,Pavagadh,1,3,2021,0,0,None,42.5,1.0,16891
2021-03-31,Somnath,2,3,2021,0,0,None,34.3,0.0,25097
2021-03-31,Dwarka,2,3,2021,0,0,None,34.3,0.0,22199
2021-03-31,Ambaji,2,3,2021,0,0,None,32.2,0.0,32821
2021-03-31,Pavagadh,2,3,2021,0,0,None,41.1,0.0,15951
2021-04-01,Somnath,3,4,2021,0,0,None,42.9,0.0,20507
2021-04-01,Dwarka,3,4,2021,0,0,None,39.7,0.0,24148
2021-04-01,Ambaji,3,4,2021,0,0,None,42.5,0.0,30534
2021-04-01,Pavagadh,3,4,2021,0,0,None,35.1,0.0,18288
2021-04-02,Somnath,4,4,2021,0,0,None,42.7,0.0,24646
2021-04-02,Dwarka,4,4,2021,0,0,None,36.1,0.0,19826
2021-04-02,Ambaji,4,4,2021,0,0,None,34.2,0.0,34705
2021-04-02,Pavagadh,4,4,2021,0,0,None,38.4,0.0,19509
2021-04-03,Somnath,5,4,2021,1,0,None,33.8,0.0,32707
2021-04-03,Dwarka,5,4,2021,1,0,None,40.4,1.0,30260
2021-04-03,Ambaji,5,4,2021,1,0,None,37.5,0.0,49252
2021-04-03,Pavagadh,5,4,2021,1,0,None,34.2,0.0,31052
2021-04-04,Somnath,6,4,2021,1,0,None,33.3,0.0,37113
2021-04-04,Dwarka,6,4,2021,1,0,None,33.5,0.0,32577
2021-04-04,Ambaji,6,4,2021,1,0,None,39.8,0.0,53924
2021-04-04,Pavagadh,6,4,2021,1,0,None,35.6,0.0,24670
2021-04-05,Somnath,0,4,2021,0,0,None,40.6,0.0,25841
2021-04-05,Dwarka,0,4,2021,0,0,None,33.7,0.0,23809
2021-04-05,Ambaji,0,4,2021,0,0,None,35.2,0.0,33501
2021-04-05,Pavagadh,0,4,2021,0,0,None,42.3,1.0,18010
2021-04-06,Somnath,1,4,2021,0,0,None,33.9,0.0,24799
2021-04-06,Dwarka,1,4,2021,0,0,None,38.3,0.0,22331
2021-04-06,Ambaji,1,4,2021,0,0,None,33.9,0.0,35498
2021-04-06,Pavagadh,1,4,2021,0,0,None,37.7,0.0,20599
2021-04-07,Somnath,2,4,2021,0,0,None,41.9,0.0,21826
2021-04-07,Dwarka,2,4,2021,0,0,None,39.4,0.0,22832
2021-04-07,Ambaji,2,4,2021,0,0,None,35.6,0.0,36151
2021-04-07,Pavagadh,2,4,2021,0,0,None,34.7,0.0,19966
2021-04-08,Somnath,3,4,2021,0,0,None,37.2,0.0,22647
2021-04-08,Dwarka,3,4,2021,0,0,None,42.9,0.0,18423
2021-04-08,Ambaji,3,4,2021,0,0,None,32.9,0.0,33718
2021-04-08,Pavagadh,3,4,2021,0,0,None,34.5,0.0,20371
2021-04-09,Somnath,4,4,2021,0,0,None,39.4,0.0,26816
2021-04-09,Dwarka,4,4,2021,0,0,None,34.4,0.0,20244
2021-04-09,Ambaji,4,4,2021,0,0,None,38.0,0.0,33013
2021-04-09,Pavagadh,4,4,2021,0,0,None,36.3,0.0,18593
2021-04-10,Somnath,5,4,2021,1,0,None,36.8,1.0,36597
2021-04-10,Dwarka,5,4,2021,1,0,None,41.1,0.0,28755
2021-04-10,Ambaji,5,4,2021,1,0,None,32.7,0.0,51467
2021-04-10,Pavagadh,5,4,2021,1,0,None,36.6,1.0,31670
2021-04-11,Somnath,6,4,2021,1,0,None,39.3,0.0,33315
2021-04-11,Dwarka,6,4,2021,1,0,None,36.0,0.0,31395
2021-04-11,Ambaji,6,4,2021,1,0,None,40.3,0.0,46196
2021-04-11,Pavagadh,6,4,2021,1,0,None,42.5,0.0,25889
2021-04-12,Somnath,0,4,2021,0,0,None,33.4,0.0,23811
2021-04-12,Dwarka,0,4,2021,0,0,None,38.3,0.0,20151
2021-04-12,Ambaji,0,4,2021,0,0,None,38.9,0.0,35744
2021-04-12,Pavagadh,0,4,2021,0,0,None,37.6,0.0,18269
2021-04-13,Somnath,1,4,2021,0,0,None,39.0,0.0,24555
2021-04-13,Dwarka,1,4,2021,0,0,None,38.6,0.0,19866
2021-04-13,Ambaji,1,4,2021,0,0,None,33.4,0.0,36245
2021-04-13,Pavagadh,1,4,2021,0,0,None,38.3,0.0,20962
2021-04-14,Somnath,2,4,2021,0,0,None,41.4,0.0,23576
2021-04-14,Dwarka,2,4,2021,0,0,None,34.6,0.0,20655
2021-04-14,Ambaji,2,4,2021,0,0,None,42.1,0.0,31664
2021-04-14,Pavagadh,2,4,2021,0,0,None,34.7,1.0,19470
2021-04-15,Somnath,3,4,2021,0,0,None,39.3,0.0,26536
2021-04-15,Dwarka,3,4,2021,0,0,None,41.9,0.0,18929
2021-04-15,Ambaji,3,4,2021,0,0,None,42.2,0.0,34001
2021-04-15,Pavagadh,3,4,2021,0,0,None,34.2,0.0,18363
2021-04-16,Somnath,4,4,2021,0,0,None,39.7,0.0,23258
2021-04-16,Dwarka,4,4,2021,0,0,None,42.8,1.0,21859
2021-04-16,Ambaji,4,4,2021,0,0,None,39.6,0.0,32242
2021-04-16,Pavagadh,4,4,2021,0,0,None,41.9,0.0,20076
2021-04-17,Somnath,5,4,2021,1,0,None,38.1,0.0,37071
2021-04-17,Dwarka,5,4,2021,1,0,None,39.1,0.0,32782
2021-04-17,Ambaji,5,4,2021,1,0,None,38.9,0.0,48970
2021-04-17,Pavagadh,5,4,2021,1,0,None,42.0,0.0,24809
2021-04-18,Somnath,6,4,2021,1,0,None,39.3,1.0,35143
2021-04-18,Dwarka,6,4,2021,1,0,None,40.7,0.0,30073
2021-04-18,Ambaji,6,4,2021,1,0,None,35.3,0.0,43265
2021-04-18,Pavagadh,6,4,2021,1,0,None,35.7,0.0,25910
2021-04-19,Somnath,0,4,2021,0,0,None,32.7,0.0,25556
2021-04-19,Dwarka,0,4,2021,0,0,None,41.5,0.0,17924
2021-04-19,Ambaji,0,4,2021,0,0,None,33.7,1.0,36212
2021-04-19,Pavagadh,0,4,2021,0,0,None,32.5,0.0,19943
2021-04-20,Somnath,1,4,2021,0,0,None,34.3,0.0,25366
2021-04-20,Dwarka,1,4,2021,0,0,None,38.7,0.0,20926
2021-04-20,Ambaji,1,4,2021,0,0,None,38.5,0.0,34096
2021-04-20,Pavagadh,1,4,2021,0,0,None,37.6,0.0,18594
2021-04-21,Somnath,2,4,2021,0,0,None,38.0,0.0,26013
2021-04-21,Dwarka,2,4,2021,0,0,None,32.2,0.0,20252
2021-04-21,Ambaji,2,4,2021,0,0,None,32.7,0.0,35982
2021-04-21,Pavagadh,2,4,2021,0,0,None,41.8,0.0,18807
2021-04-22,Somnath,3,4,2021,0,0,None,35.6,0.0,23650
2021-04-22,Dwarka,3,4,2021,0,0,None,34.6,0.0,23951
2021-04-22,Ambaji,3,4,2021,0,0,None,40.9,1.0,38490
2021-04-22,Pavagadh,3,4,2021,0,0,None,36.8,0.0,20240
2021-04-23,Somnath,4,4,2021,0,0,None,41.7,0.0,20867
2021-04-23,Dwarka,4,4,2021,0,0,None,36.6,0.0,21347
2021-04-23,Ambaji,4,4,2021,0,0,None,41.8,0.0,29891
2021-04-23,Pavagadh,4,4,2021,0,0,None,42.4,0.0,17253
2021-04-24,Somnath,5,4,2021,1,0,None,39.2,0.0,30721
2021-04-24,Dwarka,5,4,2021,1,0,None,35.3,0.0,30124
2021-04-24,Ambaji,5,4,2021,1,0,None,34.4,0.0,53100
2021-04-24,Pavagadh,5,4,2021,1,0,None,33.3,0.0,26710
2021-04-25,Somnath,6,4,2021,1,0,None,35.5,1.0,33560
2021-04-25,Dwarka,6,4,2021,1,0,None,37.2,0.0,36048
2021-04-25,Ambaji,6,4,2021,1,0,None,35.5,0.0,49490
2021-04-25,Pavagadh,6,4,2021,1,0,None,34.3,0.0,28176
2021-04-26,Somnath,0,4,2021,0,0,None,36.2,0.0,25838
2021-04-26,Dwarka,0,4,2021,0,0,None,37.6,0.0,21828
2021-04-26,Ambaji,0,4,2021,0,0,None,33.3,0.0,33221
2021-04-26,Pavagadh,0,4,2021,0,0,None,32.7,0.0,19469
2021-04-27,Somnath,1,4,2021,0,0,None,33.0,0.0,25918
2021-04-27,Dwarka,1,4,2021,0,0,None,37.0,0.0,20467
2021-04-27,Ambaji,1,4,2021,0,0,None,37.0,0.0,32818
2021-04-27,Pavagadh,1,4,2021,0,0,None,38.3,1.0,20548
2021-04-28,Somnath,2,4,2021,0,0,None,36.8,0.0,26622
2021-04-28,Dwarka,2,4,2021,0,0,None,38.5,0.0,22064
2021-04-28,Ambaji,2,4,2021,0,0,None,41.1,1.0,32165
2021-04-28,Pavagadh,2,4,2021,0,0,None,38.7,0.0,21291
2021-04-29,Somnath,3,4,2021,0,0,None,32.3,0.0,26419
2021-04-29,Dwarka,3,4,2021,0,0,None,39.7,0.0,19982
2021-04-29,Ambaji,3,4,2021,0,0,None,36.9,0.0,38038
2021-04-29,Pavagadh,3,4,2021,0,0,None,34.5,0.0,21217
2021-04-30,Somnath,4,4,2021,0,0,None,40.3,0.0,22593
2021-04-30,Dwarka,4,4,2021,0,0,None,40.0,0.0,22980
2021-04-30,Ambaji,4,4,2021,0,0,None,40.4,0.0,38456
2021-04-30,Pavagadh,4,4,2021,0,0,None,40.5,0.0,21736
2021-05-01,Somnath,5,5,2021,1,0,None,42.0,0.0,30790
2021-05-01,Dwarka,5,5,2021,1,0,None,34.8,0.0,29551
2021-05-01,Ambaji,5,5,2021,1,0,None,42.1,0.0,40065
2021-05-01,Pavagadh,5,5,2021,1,0,None,41.7,0.0,26459
2021-05-02,Somnath,6,5,2021,1,0,None,37.8,0.0,34067
2021-05-02,Dwarka,6,5,2021,1,0,None,40.7,0.0,27066
2021-05-02,Ambaji,6,5,2021,1,0,None,39.3,0.0,47995
2021-05-02,Pavagadh,6,5,2021,1,0,None,34.3,0.0,29575
2021-05-03,Somnath,0,5,2021,0,0,None,34.5,0.0,27297
2021-05-03,Dwarka,0,5,2021,0,0,None,35.5,0.0,21193
2021-05-03,Ambaji,0,5,2021,0,0,None,33.2,0.0,37912
2021-05-03,Pavagadh,0,5,2021,0,0,None,37.0,0.0,20435
2021-05-04,Somnath,1,5,2021,0,0,None,36.6,0.0,23796
2021-05-04,Dwarka,1,5,2021,0,0,None,36.2,0.0,23601
2021-05-04,Ambaji,1,5,2021,0,0,None,35.8,0.0,32993
2021-05-04,Pavagadh,1,5,2021,0,0,None,34.8,0.0,21049
2021-05-05,Somnath,2,5,2021,0,0,None,37.1,0.0,27051
2021-05-05,Dwarka,2,5,2021,0,0,None,33.5,0.0,22836
2021-05-05,Ambaji,2,5,2021,0,0,None,39.6,1.0,36597
2021-05-05,Pavagadh,2,5,2021,0,0,None,35.3,0.0,19564
2021-05-06,Somnath,3,5,2021,0,0,None,32.3,1.0,22867
2021-05-06,Dwarka,3,5,2021,0,0,None,39.7,0.0,23512
2021-05-06,Ambaji,3,5,2021,0,0,None,38.1,0.0,33619
2021-05-06,Pavagadh,3,5,2021,0,0,None,40.2,0.0,21611
2021-05-07,Somnath,4,5,2021,0,0,None,33.8,0.0,24993
2021-05-07,Dwarka,4,5,2021,0,0,None,40.5,0.0,20727
2021-05-07,Ambaji,4,5,2021,0,0,None,33.6,0.0,34886
2021-05-07,Pavagadh,4,5,2021,0,0,None,37.9,0.0,20652
2021-05-08,Somnath,5,5,2021,1,0,None,36.7,1.0,34666
2021-05-08,Dwarka,5,5,2021,1,0,None,38.7,0.0,29593
2021-05-08,Ambaji,5,5,2021,1,0,None,33.9,0.0,45105
2021-05-08,Pavagadh,5,5,2021,1,0,None,36.9,0.0,24568
2021-05-09,Somnath,6,5,2021,1,0,None,39.1,0.0,34132
2021-05-09,Dwarka,6,5,2021,1,0,None,33.3,0.0,31701
2021-05-09,Ambaji,6,5,2021,1,0,None,36.4,0.0,55195
2021-05-09,Pavagadh,6,5,2021,1,0,None,33.5,0.0,24492
2021-05-10,Somnath,0,5,2021,0,0,None,42.3,0.0,21807
2021-05-10,Dwarka,0,5,2021,0,0,None,34.7,0.0,21209
2021-05-10,Ambaji,0,5,2021,0,0,None,38.8,1.0,35406
2021-05-10,Pavagadh,0,5,2021,0,0,None,37.9,0.0,21360
2021-05-11,Somnath,1,5,2021,0,0,None,32.5,1.0,25193
2021-05-11,Dwarka,1,5,2021,0,0,None,33.9,0.0,24177
2021-05-11,Ambaji,1,5,2021,0,0,None,35.4,0.0,32326
2021-05-11,Pavagadh,1,5,2021,0,0,None,38.6,0.0,21064
2021-05-12,Somnath,2,5,2021,0,0,None,42.1,1.0,21770
2021-05-12,Dwarka,2,5,2021,0,0,None,33.1,0.0,23385
2021-05-12,Ambaji,2,5,2021,0,0,None,37.9,0.0,37111
2021-05-12,Pavagadh,2,5,2021,0,0,None,35.0,0.0,18029
2021-05-13,Somnath,3,5,2021,0,0,None,36.4,0.0,27185
2021-05-13,Dwarka,3,5,2021,0,0,None,36.5,0.0,23020
2021-05-13,Ambaji,3,5,2021,0,0,None,40.5,0.0,33524
2021-05-13,Pavagadh,3,5,2021,0,0,None,39.5,0.0,20389
2021-05-14,Somnath,4,5,2021,0,0,None,32.0,0.0,27153
2021-05-14,Dwarka,4,5,2021,0,0,None,35.2,0.0,20621
2021-05-14,Ambaji,4,5,2021,0,0,None,33.5,0.0,35375
2021-05-14,Pavagadh,4,5,2021,0,0,None,42.1,0.0,17873
2021-05-15,Somnath,5,5,2021,1,0,None,35.9,1.0,34323
2021-05-15,Dwarka,5,5,2021,1,0,None,37.9,0.0,29459
2021-05-15,Ambaji,5,5,2021,1,0,None,33.4,1.0,46234
2021-05-15,Pavagadh,5,5,2021,1,0,None,41.0,0.0,25336
2021-05-16,Somnath,6,5,2021,1,0,None,40.6,0.0,32640
2021-05-16,Dwarka,6,5,2021,1,0,None,40.8,0.0,28264
2021-05-16,Ambaji,6,5,2021,1,0,None,33.7,0.0,52170
2021-05-16,Pavagadh,6,5,2021,1,0,None,38.4,0.0,26392
2021-05-17,Somnath,0,5,2021,0,0,None,33.4,0.0,24155
2021-05-17,Dwarka,0,5,2021,0,0,None,40.3,0.0,24150
2021-05-17,Ambaji,0,5,2021,0,0,None,33.9,0.0,35663
2021-05-17,Pavagadh,0,5,2021,0,0,None,42.5,0.0,17310
2021-05-18,Somnath,1,5,2021,0,0,None,42.0,0.0,23030
2021-05-18,Dwarka,1,5,2021,0,0,None,41.8,0.0,19170
2021-05-18,Ambaji,1,5,2021,0,0,None,38.0,0.0,36418
2021-05-18,Pavagadh,1,5,2021,0,0,None,40.7,1.0,19446
2021-05-19,Somnath,2,5,2021,0,0,None,32.5,0.0,25858
2021-05-19,Dwarka,2,5,2021,0,0,None,34.3,0.0,20766
2021-05-19,Ambaji,2,5,2021,0,0,None,32.1,0.0,36585
2021-05-19,Pavagadh,2,5,2021,0,0,None,35.8,0.0,19753
2021-05-20,Somnath,3,5,2021,0,0,None,33.9,0.0,26052
2021-05-20,Dwarka,3,5,2021,0,0,None,36.2,1.0,22177
2021-05-20,Ambaji,3,5,2021,0,0,None,35.8,0.0,32420
2021-05-20,Pavagadh,3,5,2021,0,0,None,38.5,0.0,21199
2021-05-21,Somnath,4,5,2021,0,0,None,34.2,0.0,22986
2021-05-21,Dwarka,4,5,2021,0,0,None,35.2,0.0,24041
2021-05-21,Ambaji,4,5,2021,0,0,None,39.2,0.0,33778
2021-05-21,Pavagadh,4,5,2021,0,0,None,33.6,0.0,19025
2021-05-22,Somnath,5,5,2021,1,0,None,38.4,0.0,40381
2021-05-22,Dwarka,5,5,2021,1,0,None,35.8,0.0,29568
2021-05-22,Ambaji,5,5,2021,1,0,None,42.1,0.0,43629
2021-05-22,Pavagadh,5,5,2021,1,0,None,37.0,0.0,24194
2021-05-23,Somnath,6,5,2021,1,0,None,36.4,0.0,37809
2021-05-23,Dwarka,6,5,2021,1,0,None,41.4,0.0,32811
2021-05-23,Ambaji,6,5,2021,1,0,None,34.1,0.0,54362
2021-05-23,Pavagadh,6,5,2021,1,0,None,41.7,0.0,25335
2021-05-24,Somnath,0,5,2021,0,0,None,32.3,0.0,27078
2021-05-24,Dwarka,0,5,2021,0,0,None,39.3,1.0,21763
2021-05-24,Ambaji,0,5,2021,0,0,None,42.3,0.0,28340
2021-05-24,Pavagadh,0,5,2021,0,0,None,42.9,0.0,15617
2021-05-25,Somnath,1,5,2021,0,0,None,35.1,0.0,25170
2021-05-25,Dwarka,1,5,2021,0,0,None,39.0,1.0,22056
2021-05-25,Ambaji,1,5,2021,0,0,None,41.2,0.0,30375
2021-05-25,Pavagadh,1,5,2021,0,0,None,40.0,0.0,18766
2021-05-26,Somnath,2,5,2021,0,0,None,36.3,0.0,22972
2021-05-26,Dwarka,2,5,2021,0,0,None,38.4,5.0,22262
2021-05-26,Ambaji,2,5,2021,0,0,None,38.0,0.0,32474
2021-05-26,Pavagadh,2,5,2021,0,0,None,37.6,5.0,21506
2021-05-27,Somnath,3,5,2021,0,0,None,35.7,0.0,25263
2021-05-27,Dwarka,3,5,2021,0,0,None,39.5,0.0,23275
2021-05-27,Ambaji,3,5,2021,0,0,None,32.3,1.0,31990
2021-05-27,Pavagadh,3,5,2021,0,0,None,37.2,1.0,19950
2021-05-28,Somnath,4,5,2021,0,0,None,32.7,0.0,25393
2021-05-28,Dwarka,4,5,2021,0,0,None,33.0,0.0,21248
2021-05-28,Ambaji,4,5,2021,0,0,None,41.0,0.0,36279
2021-05-28,Pavagadh,4,5,2021,0,0,None,36.5,0.0,18822
2021-05-29,Somnath,5,5,2021,1,0,None,38.7,0.0,34982
2021-05-29,Dwarka,5,5,2021,1,0,None,41.5,0.0,25651
2021-05-29,Ambaji,5,5,2021,1,0,None,35.8,1.0,53667
2021-05-29,Pavagadh,5,5,2021,1,0,None,39.4,0.0,27479
2021-05-30,Somnath,6,5,2021,1,0,None,38.1,0.0,37777
2021-05-30,Dwarka,6,5,2021,1,0,None,40.3,0.0,32518
2021-05-30,Ambaji,6,5,2021,1,0,None,41.8,0.0,41714
2021-05-30,Pavagadh,6,5,2021,1,0,None,34.0,0.0,29882
2021-05-31,Somnath,0,5,2021,0,0,None,34.8,0.0,26513
2021-05-31,Dwarka,0,5,2021,0,0,None,33.1,0.0,22976
2021-05-31,Ambaji,0,5,2021,0,0,None,39.9,0.0,32686
2021-05-31,Pavagadh,0,5,2021,0,0,None,35.5,0.0,21593
2021-06-01,Somnath,1,6,2021,0,0,None,35.1,0.0,26798
2021-06-01,Dwarka,1,6,2021,0,0,None,36.1,0.0,21326
2021-06-01,Ambaji,1,6,2021,0,0,None,36.6,0.0,35465
2021-06-01,Pavagadh,1,6,2021,0,0,None,32.9,1.0,21745
2021-06-02,Somnath,2,6,2021,0,0,None,42.3,0.0,21623
2021-06-02,Dwarka,2,6,2021,0,0,None,32.5,0.0,21225
2021-06-02,Ambaji,2,6,2021,0,0,None,37.5,5.0,34548
2021-06-02,Pavagadh,2,6,2021,0,0,None,37.8,0.0,18722
2021-06-03,Somnath,3,6,2021,0,0,None,42.3,0.0,23849
2021-06-03,Dwarka,3,6,2021,0,0,None,38.9,0.0,22352
2021-06-03,Ambaji,3,6,2021,0,0,None,40.2,0.0,37553
2021-06-03,Pavagadh,3,6,2021,0,0,None,42.6,0.0,19686
2021-06-04,Somnath,4,6,2021,0,0,None,36.1,5.0,25902
2021-06-04,Dwarka,4,6,2021,0,0,None,36.7,0.0,22095
2021-06-04,Ambaji,4,6,2021,0,0,None,33.2,0.0,35450
2021-06-04,Pavagadh,4,6,2021,0,0,None,40.8,0.0,20153
2021-06-05,Somnath,5,6,2021,1,0,None,40.4,5.0,39612
2021-06-05,Dwarka,5,6,2021,1,0,None,34.7,0.0,27573
2021-06-05,Ambaji,5,6,2021,1,0,None,33.2,0.0,42909
2021-06-05,Pavagadh,5,6,2021,1,0,None,34.7,0.0,29037
2021-06-06,Somnath,6,6,2021,1,0,None,38.0,0.0,31352
2021-06-06,Dwarka,6,6,2021,1,0,None,36.5,0.0,31915
2021-06-06,Ambaji,6,6,2021,1,0,None,42.8,0.0,39762
2021-06-06,Pavagadh,6,6,2021,1,0,None,35.9,0.0,30608
2021-06-07,Somnath,0,6,2021,0,0,None,32.4,0.0,23497
2021-06-07,Dwarka,0,6,2021,0,0,None,35.5,0.0,23486
2021-06-07,Ambaji,0,6,2021,0,0,None,35.5,0.0,33805
2021-06-07,Pavagadh,0,6,2021,0,0,None,32.1,1.0,18555
2021-06-08,Somnath,1,6,2021,0,0,None,35.2,0.0,24952
2021-06-08,Dwarka,1,6,2021,0,0,None,42.3,0.0,17790
2021-06-08,Ambaji,1,6,2021,0,0,None,40.5,0.0,36397
2021-06-08,Pavagadh,1,6,2021,0,0,None,37.2,1.0,19638
2021-06-09,Somnath,2,6,2021,0,0,None,37.7,0.0,25102
2021-06-09,Dwarka,2,6,2021,0,0,None,34.1,0.0,20206
2021-06-09,Ambaji,2,6,2021,0,0,None,36.8,0.0,32329
2021-06-09,Pavagadh,2,6,2021,0,0,None,38.9,0.0,19350
2021-06-10,Somnath,3,6,2021,0,0,None,34.4,0.0,25959
2021-06-10,Dwarka,3,6,2021,0,0,None,33.2,0.0,22765
2021-06-10,Ambaji,3,6,2021,0,0,None,38.3,0.0,35469
2021-06-10,Pavagadh,3,6,2021,0,0,None,40.8,0.0,20833
2021-06-11,Somnath,4,6,2021,0,0,None,42.9,0.0,22048
2021-06-11,Dwarka,4,6,2021,0,0,None,35.1,1.0,19914
2021-06-11,Ambaji,4,6,2021,0,0,None,34.4,0.0,34312
2021-06-11,Pavagadh,4,6,2021,0,0,None,38.9,0.0,18282
2021-06-12,Somnath,5,6,2021,1,0,None,36.1,0.0,36026
2021-06-12,Dwarka,5,6,2021,1,0,None,38.0,0.0,29328
2021-06-12,Ambaji,5,6,2021,1,0,None,34.2,0.0,47396
2021-06-12,Pavagadh,5,6,2021,1,0,None,35.6,0.0,30093
2021-06-13,Somnath,6,6,2021,1,0,None,35.9,0.0,37960
2021-06-13,Dwarka,6,6,2021,1,0,None,38.2,0.0,32678
2021-06-13,Ambaji,6,6,2021,1,0,None,32.6,0.0,53065
2021-06-13,Pavagadh,6,6,2021,1,0,None,32.1,0.0,27652
2021-06-14,Somnath,0,6,2021,0,0,None,36.6,0.0,25640
2021-06-14,Dwarka,0,6,2021,0,0,None,33.8,0.0,21019
2021-06-14,Ambaji,0,6,2021,0,0,None,38.2,0.0,32068
2021-06-14,Pavagadh,0,6,2021,0,0,None,37.7,0.0,19181
2021-06-15,Somnath,1,6,2021,0,0,None,42.5,0.0,20003
2021-06-15,Dwarka,1,6,2021,0,0,None,38.0,0.0,20647
2021-06-15,Ambaji,1,6,2021,0,0,None,32.3,0.0,35690
2021-06-15,Pavagadh,1,6,2021,0,0,None,33.6,0.0,21807
2021-06-16,Somnath,2,6,2021,0,0,None,42.8,0.0,21915
2021-06-16,Dwarka,2,6,2021,0,0,None,33.7,0.0,22526
2021-06-16,Ambaji,2,6,2021,0,0,None,41.4,0.0,32355
2021-06-16,Pavagadh,2,6,2021,0,0,None,36.9,0.0,18900
2021-06-17,Somnath,3,6,2021,0,0,None,42.9,0.0,21310
2021-06-17,Dwarka,3,6,2021,0,0,None,37.7,0.0,20690
2021-06-17,Ambaji,3,6,2021,0,0,None,35.0,0.0,35491
2021-06-17,Pavagadh,3,6,2021,0,0,None,36.3,0.0,18162
2021-06-18,Somnath,4,6,2021,0,0,None,32.5,0.0,23133
2021-06-18,Dwarka,4,6,2021,0,0,None,32.0,0.0,23425
2021-06-18,Ambaji,4,6,2021,0,0,None,40.8,0.0,36176
2021-06-18,Pavagadh,4,6,2021,0,0,None,37.6,1.0,18225
2021-06-19,Somnath,5,6,2021,1,0,None,40.9,0.0,32335
2021-06-19,Dwarka,5,6,2021,1,0,None,39.7,0.0,32239
2021-06-19,Ambaji,5,6,2021,1,0,None,39.0,0.0,46505
2021-06-19,Pavagadh,5,6,2021,1,0,None,33.7,0.0,29909
2021-06-20,Somnath,6,6,2021,1,0,None,39.8,0.0,34861
2021-06-20,Dwarka,6,6,2021,1,0,None,42.4,0.0,31259
2021-06-20,Ambaji,6,6,2021,1,0,None,36.8,0.0,46799
2021-06-20,Pavagadh,6,6,2021,1,0,None,39.2,1.0,26827
2021-06-21,Somnath,0,6,2021,0,0,None,41.9,0.0,24127
2021-06-21,Dwarka,0,6,2021,0,0,None,41.9,0.0,17275
2021-06-21,Ambaji,0,6,2021,0,0,None,38.5,0.0,32545
2021-06-21,Pavagadh,0,6,2021,0,0,None,40.5,0.0,21371
2021-06-22,Somnath,1,6,2021,0,0,None,33.2,0.0,26664
2021-06-22,Dwarka,1,6,2021,0,0,None,39.9,0.0,24154
2021-06-22,Ambaji,1,6,2021,0,0,None,41.5,0.0,31267
2021-06-22,Pavagadh,1,6,2021,0,0,None,39.0,0.0,21083
2021-06-23,Somnath,2,6,2021,0,0,None,33.0,0.0,22659
2021-06-23,Dwarka,2,6,2021,0,0,None,37.5,0.0,20180
2021-06-23,Ambaji,2,6,2021,0,0,None,37.7,0.0,37763
2021-06-23,Pavagadh,2,6,2021,0,0,None,41.2,1.0,19637
2021-06-24,Somnath,3,6,2021,0,0,None,34.0,0.0,24984
2021-06-24,Dwarka,3,6,2021,0,0,None,38.5,0.0,20798
2021-06-24,Ambaji,3,6,2021,0,0,None,33.4,0.0,32604
2021-06-24,Pavagadh,3,6,2021,0,0,None,39.6,0.0,20964
2021-06-25,Somnath,4,6,2021,0,0,None,32.7,1.0,22500
2021-06-25,Dwarka,4,6,2021,0,0,None,35.6,0.0,19998
2021-06-25,Ambaji,4,6,2021,0,0,None,32.9,0.0,35570
2021-06-25,Pavagadh,4,6,2021,0,0,None,41.9,0.0,17646
2021-06-26,Somnath,5,6,2021,1,0,None,32.2,0.0,34005
2021-06-26,Dwarka,5,6,2021,1,0,None,43.0,0.0,29007
2021-06-26,Ambaji,5,6,2021,1,0,None,40.1,0.0,44793
2021-06-26,Pavagadh,5,6,2021,1,0,None,41.0,0.0,29840
2021-06-27,Somnath,6,6,2021,1,0,None,35.6,0.0,36471
2021-06-27,Dwarka,6,6,2021,1,0,None,36.0,0.0,28376
2021-06-27,Ambaji,6,6,2021,1,0,None,36.7,0.0,44647
2021-06-27,Pavagadh,6,6,2021,1,0,None,35.8,0.0,27415
2021-06-28,Somnath,0,6,2021,0,0,None,38.7,0.0,23585
2021-06-28,Dwarka,0,6,2021,0,0,None,34.9,0.0,20049
2021-06-28,Ambaji,0,6,2021,0,0,None,38.8,0.0,32661
2021-06-28,Pavagadh,0,6,2021,0,0,None,38.8,5.0,18297
2021-06-29,Somnath,1,6,2021,0,0,None,37.4,0.0,22730
2021-06-29,Dwarka,1,6,2021,0,0,None,40.6,1.0,20189
2021-06-29,Ambaji,1,6,2021,0,0,None,41.0,0.0,32508
2021-06-29,Pavagadh,1,6,2021,0,0,None,37.4,0.0,20088
2021-06-30,Somnath,2,6,2021,0,0,None,32.2,0.0,24939
2021-06-30,Dwarka,2,6,2021,0,0,None,37.0,0.0,21389
2021-06-30,Ambaji,2,6,2021,0,0,None,34.0,0.0,32893
2021-06-30,Pavagadh,2,6,2021,0,0,None,38.8,0.0,20627
2021-07-01,Somnath,3,7,2021,0,0,None,29.2,16.8,24578
2021-07-01,Dwarka,3,7,2021,0,0,None,30.9,0.0,22178
2021-07-01,Ambaji,3,7,2021,0,0,None,31.3,0.0,35222
2021-07-01,Pavagadh,3,7,2021,0,0,None,26.4,6.6,20160
2021-07-02,Somnath,4,7,2021,0,0,None,29.9,0.0,25867
2021-07-02,Dwarka,4,7,2021,0,0,None,30.1,3.2,22574
2021-07-02,Ambaji,4,7,2021,0,0,None,28.4,0.0,32374
2021-07-02,Pavagadh,4,7,2021,0,0,None,27.1,10.4,19065
2021-07-03,Somnath,5,7,2021,1,0,None,28.5,0.6,33481
2021-07-03,Dwarka,5,7,2021,1,0,None,31.2,0.5,33972
2021-07-03,Ambaji,5,7,2021,1,0,None,26.8,2.6,47614
2021-07-03,Pavagadh,5,7,2021,1,0,None,31.8,0.0,29546
2021-07-04,Somnath,6,7,2021,1,0,None,31.4,1.9,35086
2021-07-04,Dwarka,6,7,2021,1,0,None,27.9,0.0,30503
2021-07-04,Ambaji,6,7,2021,1,0,None,27.8,0.0,48020
2021-07-04,Pavagadh,6,7,2021,1,0,None,26.1,0.0,26728
2021-07-05,Somnath,0,7,2021,0,0,None,27.3,12.9,25241
2021-07-05,Dwarka,0,7,2021,0,0,None,27.6,0.0,23711
2021-07-05,Ambaji,0,7,2021,0,0,None,26.3,13.5,35605
2021-07-05,Pavagadh,0,7,2021,0,0,None,26.1,1.0,20275
2021-07-06,Somnath,1,7,2021,0,0,None,29.9,6.1,24149
2021-07-06,Dwarka,1,7,2021,0,0,None,30.9,11.9,23244
2021-07-06,Ambaji,1,7,2021,0,0,None,31.0,0.0,33596
2021-07-06,Pavagadh,1,7,2021,0,0,None,30.9,0.0,20817
2021-07-07,Somnath,2,7,2021,0,0,None,26.4,17.8,27223
2021-07-07,Dwarka,2,7,2021,0,0,None,30.6,0.0,22197
2021-07-07,Ambaji,2,7,2021,0,0,None,27.8,0.0,36483
2021-07-07,Pavagadh,2,7,2021,0,0,None,30.1,0.0,19468
2021-07-08,Somnath,3,7,2021,0,0,None,26.2,0.0,23302
2021-07-08,Dwarka,3,7,2021,0,0,None,30.2,0.0,21164
2021-07-08,Ambaji,3,7,2021,0,0,None,31.0,23.7,18421
2021-07-08,Pavagadh,3,7,2021,0,0,None,30.1,17.4,21692
2021-07-09,Somnath,4,7,2021,0,0,None,30.4,0.0,24743
2021-07-09,Dwarka,4,7,2021,0,0,None,29.2,63.6,16151
2021-07-09,Ambaji,4,7,2021,0,0,None,27.8,37.5,21052
2021-07-09,Pavagadh,4,7,2021,0,0,None,28.5,0.0,20087
2021-07-10,Somnath,5,7,2021,1,0,None,27.9,8.3,32377
2021-07-10,Dwarka,5,7,2021,1,0,None,27.1,14.7,31587
2021-07-10,Ambaji,5,7,2021,1,0,None,31.9,9.3,45643
2021-07-10,Pavagadh,5,7,2021,1,0,None,30.4,3.0,29258
2021-07-11,Somnath,6,7,2021,1,0,None,29.7,0.0,34439
2021-07-11,Dwarka,6,7,2021,1,0,None,26.3,11.1,28609
2021-07-11,Ambaji,6,7,2021,1,0,None,26.7,28.5,25424
2021-07-11,Pavagadh,6,7,2021,1,0,None,26.5,0.0,28413
2021-07-12,Somnath,0,7,2021,0,0,None,27.8,10.5,25912
2021-07-12,Dwarka,0,7,2021,0,0,None,29.0,0.0,20239
2021-07-12,Ambaji,0,7,2021,0,0,None,30.8,7.1,36461
2021-07-12,Pavagadh,0,7,2021,0,0,None,31.6,0.0,21103
2021-07-13,Somnath,1,7,2021,0,0,None,30.5,21.2,20849
2021-07-13,Dwarka,1,7,2021,0,0,None,29.2,0.0,23394
2021-07-13,Ambaji,1,7,2021,0,0,None,28.0,0.0,37199
2021-07-13,Pavagadh,1,7,2021,0,0,None,27.4,0.0,18746
2021-07-14,Somnath,2,7,2021,0,0,None,26.6,35.9,20068
2021-07-14,Dwarka,2,7,2021,0,0,None,29.0,0.0,23511
2021-07-14,Ambaji,2,7,2021,0,0,None,31.3,0.0,37400
2021-07-14,Pavagadh,2,7,2021,0,0,None,27.1,4.2,20969
2021-07-15,Somnath,3,7,2021,0,0,None,26.9,31.7,22054
2021-07-15,Dwarka,3,7,2021,0,0,None,26.8,5.0,19842
2021-07-15,Ambaji,3,7,2021,0,0,None,27.7,1.5,35465
2021-07-15,Pavagadh,3,7,2021,0,0,None,28.3,18.3,20917
2021-07-16,Somnath,4,7,2021,0,0,None,31.0,51.9,21251
2021-07-16,Dwarka,4,7,2021,0,0,None,28.7,18.6,22285
2021-07-16,Ambaji,4,7,2021,0,0,None,31.6,74.1,23976
2021-07-16,Pavagadh,4,7,2021,0,0,None,28.0,23.9,11645
2021-07-17,Somnath,5,7,2021,1,0,None,30.6,1.7,38027
2021-07-17,Dwarka,5,7,2021,1,0,None,29.0,0.0,30037
2021-07-17,Ambaji,5,7,2021,1,0,None,31.7,6.2,54191
2021-07-17,Pavagadh,5,7,2021,1,0,None,27.1,2.5,28212
2021-07-18,Somnath,6,7,2021,1,0,None,31.7,12.6,35607
2021-07-18,Dwarka,6,7,2021,1,0,None,30.0,0.0,28036
2021-07-18,Ambaji,6,7,2021,1,0,None,29.0,4.6,52336
2021-07-18,Pavagadh,6,7,2021,1,0,None,31.1,42.1,17728
2021-07-19,Somnath,0,7,2021,0,0,None,28.9,23.4,19111
2021-07-19,Dwarka,0,7,2021,0,0,None,31.4,0.0,22408
2021-07-19,Ambaji,0,7,2021,0,0,None,27.1,0.0,35340
2021-07-19,Pavagadh,0,7,2021,0,0,None,30.9,0.0,18346
2021-07-20,Somnath,1,7,2021,0,0,None,29.6,43.8,18345
2021-07-20,Dwarka,1,7,2021,0,0,None,31.4,17.4,21120
2021-07-20,Ambaji,1,7,2021,0,0,None,29.4,0.0,34421
2021-07-20,Pavagadh,1,7,2021,0,0,None,31.8,7.4,19721
2021-07-21,Somnath,2,7,2021,0,0,None,29.8,1.5,27237
2021-07-21,Dwarka,2,7,2021,0,0,None,28.5,8.9,20753
2021-07-21,Ambaji,2,7,2021,0,0,None,26.6,2.7,32883
2021-07-21,Pavagadh,2,7,2021,0,0,None,28.5,0.0,20515
2021-07-22,Somnath,3,7,2021,0,0,None,26.0,0.0,26614
2021-07-22,Dwarka,3,7,2021,0,0,None,31.8,16.4,20539
2021-07-22,Ambaji,3,7,2021,0,0,None,30.9,5.9,34935
2021-07-22,Pavagadh,3,7,2021,0,0,None,29.6,1.6,19686
2021-07-23,Somnath,4,7,2021,0,0,None,31.5,0.0,25453
2021-07-23,Dwarka,4,7,2021,0,0,None,29.4,3.4,20911
2021-07-23,Ambaji,4,7,2021,0,0,None,28.9,0.0,34725
2021-07-23,Pavagadh,4,7,2021,0,0,None,26.8,2.7,21004
2021-07-24,Somnath,5,7,2021,1,0,None,27.0,17.7,30788
2021-07-24,Dwarka,5,7,2021,1,0,None,29.4,13.3,30825
2021-07-24,Ambaji,5,7,2021,1,0,None,28.9,0.0,53643
2021-07-24,Pavagadh,5,7,2021,1,0,None,26.9,0.0,30740
2021-07-25,Somnath,6,7,2021,1,0,None,26.6,2.1,36620
2021-07-25,Dwarka,6,7,2021,1,0,None,31.5,2.0,30485
2021-07-25,Ambaji,6,7,2021,1,0,None,31.1,36.9,29860
2021-07-25,Pavagadh,6,7,2021,1,0,None,27.6,6.8,28279
2021-07-26,Somnath,0,7,2021,0,0,None,31.7,0.0,26133
2021-07-26,Dwarka,0,7,2021,0,0,None,27.4,24.3,18374
2021-07-26,Ambaji,0,7,2021,0,0,None,30.7,2.3,37065
2021-07-26,Pavagadh,0,7,2021,0,0,None,28.7,0.0,19750
2021-07-27,Somnath,1,7,2021,0,0,None,27.3,20.4,19802
2021-07-27,Dwarka,1,7,2021,0,0,None,29.0,4.1,21463
2021-07-27,Ambaji,1,7,2021,0,0,None,27.8,10.4,32713
2021-07-27,Pavagadh,1,7,2021,0,0,None,28.4,5.1,21993
2021-07-28,Somnath,2,7,2021,0,0,None,26.4,0.0,23372
2021-07-28,Dwarka,2,7,2021,0,0,None,31.0,0.0,21566
2021-07-28,Ambaji,2,7,2021,0,0,None,30.9,2.3,33711
2021-07-28,Pavagadh,2,7,2021,0,0,None,28.1,7.0,19644
2021-07-29,Somnath,3,7,2021,0,0,None,30.3,0.3,24948
2021-07-29,Dwarka,3,7,2021,0,0,None,28.7,2.2,22043
2021-07-29,Ambaji,3,7,2021,0,0,None,27.4,0.0,32713
2021-07-29,Pavagadh,3,7,2021,0,0,None,26.1,64.2,11554
2021-07-30,Somnath,4,7,2021,0,0,None,26.1,3.5,25738
2021-07-30,Dwarka,4,7,2021,0,0,None,29.5,1.1,23122
2021-07-30,Ambaji,4,7,2021,0,0,None,29.5,0.0,33318
2021-07-30,Pavagadh,4,7,2021,0,0,None,29.9,5.2,20626
2021-07-31,Somnath,5,7,2021,1,0,None,31.0,24.1,30288
2021-07-31,Dwarka,5,7,2021,1,0,None,29.1,0.0,30489
2021-07-31,Ambaji,5,7,2021,1,0,None,31.1,0.6,55016
2021-07-31,Pavagadh,5,7,2021,1,0,None,28.2,16.9,25913
2021-08-01,Somnath,6,8,2021,1,0,None,26.5,0.4,36881
2021-08-01,Dwarka,6,8,2021,1,0,None,28.9,1.6,29769
2021-08-01,Ambaji,6,8,2021,1,0,None,29.9,18.6,49928
2021-08-01,Pavagadh,6,8,2021,1,0,None,28.1,0.0,31954
2021-08-02,Somnath,0,8,2021,0,0,None,28.2,0.0,22937
2021-08-02,Dwarka,0,8,2021,0,0,None,28.5,8.7,22550
2021-08-02,Ambaji,0,8,2021,0,0,None,27.0,0.0,35362
2021-08-02,Pavagadh,0,8,2021,0,0,None,31.4,14.9,19649
2021-08-03,Somnath,1,8,2021,0,0,None,29.0,0.0,23635
2021-08-03,Dwarka,1,8,2021,0,0,None,27.2,0.0,22094
2021-08-03,Ambaji,1,8,2021,0,0,None,27.4,9.2,36340
2021-08-03,Pavagadh,1,8,2021,0,0,None,26.0,14.0,20982
2021-08-04,Somnath,2,8,2021,0,0,None,31.3,6.3,23011
2021-08-04,Dwarka,2,8,2021,0,0,None,28.0,24.4,17972
2021-08-04,Ambaji,2,8,2021,0,0,None,27.6,28.6,21073
2021-08-04,Pavagadh,2,8,2021,0,0,None,29.7,3.8,18084
2021-08-05,Somnath,3,8,2021,0,0,None,29.5,0.2,23024
2021-08-05,Dwarka,3,8,2021,0,0,None,27.9,0.0,20691
2021-08-05,Ambaji,3,8,2021,0,0,None,31.3,6.0,33025
2021-08-05,Pavagadh,3,8,2021,0,0,None,27.5,5.2,21438
2021-08-06,Somnath,4,8,2021,0,0,None,30.1,0.0,23024
2021-08-06,Dwarka,4,8,2021,0,0,None,28.7,19.2,24069
2021-08-06,Ambaji,4,8,2021,0,0,None,30.9,5.7,31700
2021-08-06,Pavagadh,4,8,2021,0,0,None,26.2,4.9,19216
2021-08-07,Somnath,5,8,2021,1,0,None,28.4,22.1,26072
2021-08-07,Dwarka,5,8,2021,1,0,None,29.4,28.7,23262
2021-08-07,Ambaji,5,8,2021,1,0,None,27.9,7.4,51143
2021-08-07,Pavagadh,5,8,2021,1,0,None,27.9,0.0,27034
2021-08-08,Somnath,6,8,2021,1,0,None,27.4,0.0,32728
2021-08-08,Dwarka,6,8,2021,1,0,None,26.4,0.0,32550
2021-08-08,Ambaji,6,8,2021,1,0,None,29.0,0.0,47897
2021-08-08,Pavagadh,6,8,2021,1,0,None,28.9,0.0,26604
2021-08-09,Somnath,0,8,2021,0,0,None,29.3,0.0,25884
2021-08-09,Dwarka,0,8,2021,0,0,None,31.3,0.0,21595
2021-08-09,Ambaji,0,8,2021,0,0,None,26.8,0.0,37616
2021-08-09,Pavagadh,0,8,2021,0,0,None,26.4,1.8,18107
2021-08-10,Somnath,1,8,2021,0,0,None,30.1,0.0,25503
2021-08-10,Dwarka,1,8,2021,0,0,None,31.2,1.7,23603
2021-08-10,Ambaji,1,8,2021,0,0,None,29.0,20.1,23037
2021-08-10,Pavagadh,1,8,2021,0,0,None,30.8,5.1,21456
2021-08-11,Somnath,2,8,2021,0,0,None,29.7,11.1,25929
2021-08-11,Dwarka,2,8,2021,0,0,None,27.3,0.0,19985
2021-08-11,Ambaji,2,8,2021,0,0,None,27.8,0.0,32545
2021-08-11,Pavagadh,2,8,2021,0,0,None,27.3,0.0,20697
2021-08-12,Somnath,3,8,2021,0,0,None,29.0,6.3,25371
2021-08-12,Dwarka,3,8,2021,0,0,None,26.9,7.9,21897
2021-08-12,Ambaji,3,8,2021,0,0,None,26.6,49.9,22307
2021-08-12,Pavagadh,3,8,2021,0,0,None,30.7,0.0,18467
2021-08-13,Somnath,4,8,2021,0,0,None,27.8,13.6,25399
2021-08-13,Dwarka,4,8,2021,0,0,None,31.5,0.0,23570
2021-08-13,Ambaji,4,8,2021,0,0,None,31.3,0.0,33830
2021-08-13,Pavagadh,4,8,2021,0,0,None,27.3,17.5,19546
2021-08-14,Somnath,5,8,2021,1,0,None,31.1,0.0,35040
2021-08-14,Dwarka,5,8,2021,1,0,None,31.1,2.1,33820
2021-08-14,Ambaji,5,8,2021,1,0,None,28.5,0.0,49244
2021-08-14,Pavagadh,5,8,2021,1,0,None,29.8,5.0,27785
2021-08-15,Somnath,6,8,2021,1,1,None,27.0,1.5,34016
2021-08-15,Dwarka,6,8,2021,1,1,None,29.7,24.5,26989
2021-08-15,Ambaji,6,8,2021,1,1,None,26.4,68.4,27875
2021-08-15,Pavagadh,6,8,2021,1,1,None,26.1,71.9,15772
2021-08-16,Somnath,0,8,2021,0,0,None,26.9,6.9,26241
2021-08-16,Dwarka,0,8,2021,0,0,None,31.2,0.0,22644
2021-08-16,Ambaji,0,8,2021,0,0,None,30.6,0.0,34830
2021-08-16,Pavagadh,0,8,2021,0,0,None,28.0,17.1,21837
2021-08-17,Somnath,1,8,2021,0,0,None,29.5,0.0,22571
2021-08-17,Dwarka,1,8,2021,0,0,None,30.8,0.0,22576
2021-08-17,Ambaji,1,8,2021,0,0,None,31.6,4.1,33010
2021-08-17,Pavagadh,1,8,2021,0,0,None,29.3,0.0,18289
2021-08-18,Somnath,2,8,2021,0,0,None,29.6,0.0,23077
2021-08-18,Dwarka,2,8,2021,0,0,None,26.7,4.8,20672
2021-08-18,Ambaji,2,8,2021,0,0,None,27.2,14.2,36316
2021-08-18,Pavagadh,2,8,2021,0,0,None,30.2,45.8,13798
2021-08-19,Somnath,3,8,2021,0,0,None,28.3,0.0,26314
2021-08-19,Dwarka,3,8,2021,0,0,None,28.0,17.2,20400
2021-08-19,Ambaji,3,8,2021,0,0,None,27.8,17.1,37983
2021-08-19,Pavagadh,3,8,2021,0,0,None,29.6,0.0,19240
2021-08-20,Somnath,4,8,2021,0,0,None,30.1,29.2,19605
2021-08-20,Dwarka,4,8,2021,0,0,None,28.6,0.0,23996
2021-08-20,Ambaji,4,8,2021,0,0,None,28.0,18.4,37767
2021-08-20,Pavagadh,4,8,2021,0,0,None,29.0,6.9,20201
2021-08-21,Somnath,5,8,2021,1,0,None,28.5,0.6,39478
2021-08-21,Dwarka,5,8,2021,1,0,None,31.5,0.0,30724
2021-08-21,Ambaji,5,8,2021,1,0,None,29.7,18.4,56062
2021-08-21,Pavagadh,5,8,2021,1,0,None,29.2,0.0,28084
2021-08-22,Somnath,6,8,2021,1,0,None,30.8,31.4,26449
2021-08-22,Dwarka,6,8,2021,1,0,None,27.0,12.2,30779
2021-08-22,Ambaji,6,8,2021,1,0,None,31.0,0.0,51006
2021-08-22,Pavagadh,6,8,2021,1,0,None,26.2,4.6,26013
2021-08-23,Somnath,0,8,2021,0,0,None,28.1,0.0,25490
2021-08-23,Dwarka,0,8,2021,0,0,None,31.5,0.9,22152
2021-08-23,Ambaji,0,8,2021,0,0,None,26.0,0.0,35041
2021-08-23,Pavagadh,0,8,2021,0,0,None,28.9,7.0,19724
2021-08-24,Somnath,1,8,2021,0,0,None,26.1,10.5,23250
2021-08-24,Dwarka,1,8,2021,0,0,None,30.7,1.5,20834
2021-08-24,Ambaji,1,8,2021,0,0,None,28.1,2.3,33766
2021-08-24,Pavagadh,1,8,2021,0,0,None,27.9,0.0,21373
2021-08-25,Somnath,2,8,2021,0,0,None,27.2,15.1,26523
2021-08-25,Dwarka,2,8,2021,0,0,None,31.8,8.0,23029
2021-08-25,Ambaji,2,8,2021,0,0,None,31.0,17.1,33522
2021-08-25,Pavagadh,2,8,2021,0,0,None,26.4,2.6,20948
2021-08-26,Somnath,3,8,2021,0,0,None,30.4,0.0,24387
2021-08-26,Dwarka,3,8,2021,0,0,None,26.1,9.5,22853
2021-08-26,Ambaji,3,8,2021,0,0,None,28.3,11.1,32654
2021-08-26,Pavagadh,3,8,2021,0,0,None,29.7,24.7,11133
2021-08-27,Somnath,4,8,2021,0,0,None,28.9,0.0,22935
2021-08-27,Dwarka,4,8,2021,0,0,None,30.8,10.5,23938
2021-08-27,Ambaji,4,8,2021,0,0,None,29.4,0.1,32433
2021-08-27,Pavagadh,4,8,2021,0,0,None,29.5,6.8,21692
2021-08-28,Somnath,5,8,2021,1,0,None,28.0,12.6,34979
2021-08-28,Dwarka,5,8,2021,1,0,None,28.0,0.0,30757
2021-08-28,Ambaji,5,8,2021,1,0,None,29.9,22.8,30981
2021-08-28,Pavagadh,5,8,2021,1,0,None,31.2,25.0,14908
2021-08-29,Somnath,6,8,2021,1,0,None,26.1,5.8,33507
2021-08-29,Dwarka,6,8,2021,1,0,None,27.9,0.0,27170
2021-08-29,Ambaji,6,8,2021,1,0,None,28.4,2.1,50197
2021-08-29,Pavagadh,6,8,2021,1,0,None,30.3,31.5,16945
2021-08-30,Somnath,0,8,2021,0,0,None,26.1,11.2,23099
2021-08-30,Dwarka,0,8,2021,0,0,Janmashtami,27.4,0.0,221373
2021-08-30,Ambaji,0,8,2021,0,0,None,29.2,0.0,31762
2021-08-30,Pavagadh,0,8,2021,0,0,None,29.5,4.6,19998
2021-08-31,Somnath,1,8,2021,0,0,None,31.5,2.8,25846
2021-08-31,Dwarka,1,8,2021,0,0,None,28.2,0.0,24188
2021-08-31,Ambaji,1,8,2021,0,0,None,31.9,10.5,37832
2021-08-31,Pavagadh,1,8,2021,0,0,None,26.6,7.1,19179
2021-09-01,Somnath,2,9,2021,0,0,None,32.0,0.0,24443
2021-09-01,Dwarka,2,9,2021,0,0,None,31.0,30.9,16141
2021-09-01,Ambaji,2,9,2021,0,0,None,27.5,5.2,32529
2021-09-01,Pavagadh,2,9,2021,0,0,None,32.0,0.0,20540
2021-09-02,Somnath,3,9,2021,0,0,None,31.3,0.0,25880
2021-09-02,Dwarka,3,9,2021,0,0,None,29.1,0.0,22298
2021-09-02,Ambaji,3,9,2021,0,0,None,26.8,8.9,38047
2021-09-02,Pavagadh,3,9,2021,0,0,None,30.0,0.0,21030
2021-09-03,Somnath,4,9,2021,0,0,None,27.9,0.0,23476
2021-09-03,Dwarka,4,9,2021,0,0,None,28.4,0.0,22492
2021-09-03,Ambaji,4,9,2021,0,0,None,31.0,20.8,18730
2021-09-03,Pavagadh,4,9,2021,0,0,None,28.6,2.2,19444
2021-09-04,Somnath,5,9,2021,1,0,None,30.0,11.9,38166
2021-09-04,Dwarka,5,9,2021,1,0,None,31.6,6.5,28530
2021-09-04,Ambaji,5,9,2021,1,0,None,27.8,3.8,48813
2021-09-04,Pavagadh,5,9,2021,1,0,None,27.0,0.0,31634
2021-09-05,Somnath,6,9,2021,1,0,None,28.3,1.7,31982
2021-09-05,Dwarka,6,9,2021,1,0,None,31.2,0.0,33673
2021-09-05,Ambaji,6,9,2021,1,0,None,29.5,0.0,53185
2021-09-05,Pavagadh,6,9,2021,1,0,None,26.9,13.2,29576
2021-09-06,Somnath,0,9,2021,0,0,None,29.7,0.0,22529
2021-09-06,Dwarka,0,9,2021,0,0,None,29.0,18.4,21483
2021-09-06,Ambaji,0,9,2021,0,0,None,31.9,0.0,36119
2021-09-06,Pavagadh,0,9,2021,0,0,None,31.5,0.0,18791
2021-09-07,Somnath,1,9,2021,0,0,None,30.9,9.2,23000
2021-09-07,Dwarka,1,9,2021,0,0,None,29.7,14.9,22783
2021-09-07,Ambaji,1,9,2021,0,0,None,29.7,27.2,20354
2021-09-07,Pavagadh,1,9,2021,0,0,None,31.9,11.3,20729
2021-09-08,Somnath,2,9,2021,0,0,None,26.8,24.3,19315
2021-09-08,Dwarka,2,9,2021,0,0,None,29.8,0.0,23004
2021-09-08,Ambaji,2,9,2021,0,0,None,31.2,18.4,36625
2021-09-08,Pavagadh,2,9,2021,0,0,None,27.8,0.0,21460
2021-09-09,Somnath,3,9,2021,0,0,None,27.7,0.0,26089
2021-09-09,Dwarka,3,9,2021,0,0,None,28.6,0.0,22837
2021-09-09,Ambaji,3,9,2021,0,0,None,29.9,7.9,34537
2021-09-09,Pavagadh,3,9,2021,0,0,None,30.4,0.0,18343
2021-09-10,Somnath,4,9,2021,0,0,None,27.8,20.0,26217
2021-09-10,Dwarka,4,9,2021,0,0,None,28.9,5.2,20920
2021-09-10,Ambaji,4,9,2021,0,0,None,30.7,9.4,36195
2021-09-10,Pavagadh,4,9,2021,0,0,None,31.8,0.0,21811
2021-09-11,Somnath,5,9,2021,1,0,None,30.3,0.0,38928
2021-09-11,Dwarka,5,9,2021,1,0,None,31.7,8.1,31604
2021-09-11,Ambaji,5,9,2021,1,0,None,30.7,0.0,47362
2021-09-11,Pavagadh,5,9,2021,1,0,None,31.9,3.8,27012
2021-09-12,Somnath,6,9,2021,1,0,None,28.4,2.8,34503
2021-09-12,Dwarka,6,9,2021,1,0,None,28.8,21.9,22350
2021-09-12,Ambaji,6,9,2021,1,0,None,28.6,11.3,56503
2021-09-12,Pavagadh,6,9,2021,1,0,None,29.7,14.2,27467
2021-09-13,Somnath,0,9,2021,0,0,None,28.3,0.0,27212
2021-09-13,Dwarka,0,9,2021,0,0,None,28.5,13.4,20667
2021-09-13,Ambaji,0,9,2021,0,0,None,31.6,2.7,36839
2021-09-13,Pavagadh,0,9,2021,0,0,None,27.3,12.4,20685
2021-09-14,Somnath,1,9,2021,0,0,None,29.4,0.0,23077
2021-09-14,Dwarka,1,9,2021,0,0,None,28.9,54.4,15939
2021-09-14,Ambaji,1,9,2021,0,0,Bhadarvi Poonam,31.7,0.0,361948
2021-09-14,Pavagadh,1,9,2021,0,0,None,29.4,24.6,9549
2021-09-15,Somnath,2,9,2021,0,0,None,28.9,17.7,26603
2021-09-15,Dwarka,2,9,2021,0,0,None,30.2,31.6,15997
2021-09-15,Ambaji,2,9,2021,0,0,Bhadarvi Poonam,28.9,1.5,365439
2021-09-15,Pavagadh,2,9,2021,0,0,None,31.5,2.3,18712
2021-09-16,Somnath,3,9,2021,0,0,None,28.3,1.3,25868
2021-09-16,Dwarka,3,9,2021,0,0,None,29.5,22.6,18174
2021-09-16,Ambaji,3,9,2021,0,0,Bhadarvi Poonam,26.6,0.0,354711
2021-09-16,Pavagadh,3,9,2021,0,0,None,29.7,15.1,19895
2021-09-17,Somnath,4,9,2021,0,0,None,28.9,0.0,25568
2021-09-17,Dwarka,4,9,2021,0,0,None,26.5,5.5,21693
2021-09-17,Ambaji,4,9,2021,0,0,Bhadarvi Poonam,27.7,0.0,319862
2021-09-17,Pavagadh,4,9,2021,0,0,None,30.6,15.8,21845
2021-09-18,Somnath,5,9,2021,1,0,None,27.2,0.0,36176
2021-09-18,Dwarka,5,9,2021,1,0,None,26.3,0.0,32062
2021-09-18,Ambaji,5,9,2021,1,0,Bhadarvi Poonam,30.9,4.6,324667
2021-09-18,Pavagadh,5,9,2021,1,0,None,26.7,6.1,29330
2021-09-19,Somnath,6,9,2021,1,0,None,32.0,0.0,33804
2021-09-19,Dwarka,6,9,2021,1,0,None,27.5,9.3,29658
2021-09-19,Ambaji,6,9,2021,1,0,Bhadarvi Poonam,26.8,0.0,315943
2021-09-19,Pavagadh,6,9,2021,1,0,None,30.1,15.6,25901
2021-09-20,Somnath,0,9,2021,0,0,None,30.8,0.0,25398
2021-09-20,Dwarka,0,9,2021,0,0,None,29.8,29.1,18523
2021-09-20,Ambaji,0,9,2021,0,0,Bhadarvi Poonam,31.5,17.4,399055
2021-09-20,Pavagadh,0,9,2021,0,0,None,26.1,0.0,18027
2021-09-21,Somnath,1,9,2021,0,0,None,31.2,15.9,24385
2021-09-21,Dwarka,1,9,2021,0,0,None,27.2,0.0,23083
2021-09-21,Ambaji,1,9,2021,0,0,None,28.0,20.0,37355
2021-09-21,Pavagadh,1,9,2021,0,0,None,30.3,0.0,18911
2021-09-22,Somnath,2,9,2021,0,0,None,31.1,0.0,25086
2021-09-22,Dwarka,2,9,2021,0,0,None,29.1,26.4,19424
2021-09-22,Ambaji,2,9,2021,0,0,None,29.0,0.0,37482
2021-09-22,Pavagadh,2,9,2021,0,0,None,27.4,14.5,21660
2021-09-23,Somnath,3,9,2021,0,0,None,26.1,4.0,24133
2021-09-23,Dwarka,3,9,2021,0,0,None,27.7,32.5,16975
2021-09-23,Ambaji,3,9,2021,0,0,None,31.2,0.0,33032
2021-09-23,Pavagadh,3,9,2021,0,0,None,28.2,0.0,20955
2021-09-24,Somnath,4,9,2021,0,0,None,29.5,24.4,20579
2021-09-24,Dwarka,4,9,2021,0,0,None,29.9,3.6,20376
2021-09-24,Ambaji,4,9,2021,0,0,None,27.5,14.4,35691
2021-09-24,Pavagadh,4,9,2021,0,0,None,29.5,0.0,21259
2021-09-25,Somnath,5,9,2021,1,0,None,31.5,13.3,30392
2021-09-25,Dwarka,5,9,2021,1,0,None,29.9,21.3,24973
2021-09-25,Ambaji,5,9,2021,1,0,None,26.5,4.9,51594
2021-09-25,Pavagadh,5,9,2021,1,0,None,29.0,0.0,30494
2021-09-26,Somnath,6,9,2021,1,0,None,28.9,0.0,35764
2021-09-26,Dwarka,6,9,2021,1,0,None,28.3,0.0,32379
2021-09-26,Ambaji,6,9,2021,1,0,None,30.5,2.6,48287
2021-09-26,Pavagadh,6,9,2021,1,0,None,26.1,21.1,14499
2021-09-27,Somnath,0,9,2021,0,0,None,29.7,24.6,19718
2021-09-27,Dwarka,0,9,2021,0,0,None,28.3,27.1,17820
2021-09-27,Ambaji,0,9,2021,0,0,None,31.3,1.0,32631
2021-09-27,Pavagadh,0,9,2021,0,0,None,26.2,0.0,20535
2021-09-28,Somnath,1,9,2021,0,0,None,27.3,2.4,27266
2021-09-28,Dwarka,1,9,2021,0,0,None,30.2,5.8,21705
2021-09-28,Ambaji,1,9,2021,0,0,None,26.5,0.0,36785
2021-09-28,Pavagadh,1,9,2021,0,0,None,29.7,10.5,19029
2021-09-29,Somnath,2,9,2021,0,0,None,27.4,1.1,22872
2021-09-29,Dwarka,2,9,2021,0,0,None,29.4,0.0,23822
2021-09-29,Ambaji,2,9,2021,0,0,None,26.1,13.1,37439
2021-09-29,Pavagadh,2,9,2021,0,0,None,31.7,0.0,20710
2021-09-30,Somnath,3,9,2021,0,0,None,27.2,0.7,25560
2021-09-30,Dwarka,3,9,2021,0,0,None,26.2,0.0,22934
2021-09-30,Ambaji,3,9,2021,0,0,None,26.5,0.0,35153
2021-09-30,Pavagadh,3,9,2021,0,0,None,31.4,0.0,18788
2021-10-01,Somnath,4,10,2021,0,0,None,21.8,0.0,26374
2021-10-01,Dwarka,4,10,2021,0,0,None,23.0,0.0,20716
2021-10-01,Ambaji,4,10,2021,0,0,None,24.9,2.0,36157
2021-10-01,Pavagadh,4,10,2021,0,0,None,18.7,0.0,18719
2021-10-02,Somnath,5,10,2021,1,1,None,18.3,0.0,35784
2021-10-02,Dwarka,5,10,2021,1,1,None,21.7,0.0,25889
2021-10-02,Ambaji,5,10,2021,1,1,None,18.3,0.0,49155
2021-10-02,Pavagadh,5,10,2021,1,1,None,27.9,0.0,24622
2021-10-03,Somnath,6,10,2021,1,0,None,27.0,0.0,33711
2021-10-03,Dwarka,6,10,2021,1,0,None,19.3,0.0,30493
2021-10-03,Ambaji,6,10,2021,1,0,None,24.4,0.0,46307
2021-10-03,Pavagadh,6,10,2021,1,0,None,24.4,0.0,27136
2021-10-04,Somnath,0,10,2021,0,0,None,18.5,0.0,26658
2021-10-04,Dwarka,0,10,2021,0,0,None,20.6,0.0,19879
2021-10-04,Ambaji,0,10,2021,0,0,None,18.8,0.0,32860
2021-10-04,Pavagadh,0,10,2021,0,0,None,24.9,0.0,21401
2021-10-05,Somnath,1,10,2021,0,0,None,19.3,0.0,27235
2021-10-05,Dwarka,1,10,2021,0,0,None,25.7,0.0,22011
2021-10-05,Ambaji,1,10,2021,0,0,None,27.2,0.0,37361
2021-10-05,Pavagadh,1,10,2021,0,0,None,23.0,0.0,18591
2021-10-06,Somnath,2,10,2021,0,0,None,18.5,0.0,26968
2021-10-06,Dwarka,2,10,2021,0,0,None,24.5,0.0,22535
2021-10-06,Ambaji,2,10,2021,0,0,None,21.9,0.0,37979
2021-10-06,Pavagadh,2,10,2021,0,0,None,23.1,0.0,21984
2021-10-07,Somnath,3,10,2021,0,0,None,21.8,0.0,26811
2021-10-07,Dwarka,3,10,2021,0,0,None,20.3,0.0,24092
2021-10-07,Ambaji,3,10,2021,0,0,Navratri,22.3,0.0,184214
2021-10-07,Pavagadh,3,10,2021,0,0,Navratri,25.8,0.0,231982
2021-10-08,Somnath,4,10,2021,0,0,None,18.3,0.0,23629
2021-10-08,Dwarka,4,10,2021,0,0,None,19.9,0.0,21635
2021-10-08,Ambaji,4,10,2021,0,0,Navratri,27.2,0.0,189344
2021-10-08,Pavagadh,4,10,2021,0,0,Navratri,19.8,0.0,171172
2021-10-09,Somnath,5,10,2021,1,0,None,27.4,0.0,31730
2021-10-09,Dwarka,5,10,2021,1,0,None,22.2,0.0,29783
2021-10-09,Ambaji,5,10,2021,1,0,Navratri,25.7,0.0,178749
2021-10-09,Pavagadh,5,10,2021,1,0,Navratri,26.3,0.0,194550
2021-10-10,Somnath,6,10,2021,1,0,None,24.9,0.0,30802
2021-10-10,Dwarka,6,10,2021,1,0,None,19.7,2.0,32812
2021-10-10,Ambaji,6,10,2021,1,0,Navratri,19.7,0.0,150059
2021-10-10,Pavagadh,6,10,2021,1,0,Navratri,27.2,0.0,214820
2021-10-11,Somnath,0,10,2021,0,0,None,20.2,0.0,27391
2021-10-11,Dwarka,0,10,2021,0,0,None,23.3,0.0,22323
2021-10-11,Ambaji,0,10,2021,0,0,Navratri,24.9,0.0,200989
2021-10-11,Pavagadh,0,10,2021,0,0,Navratri,24.1,0.0,156184
2021-10-12,Somnath,1,10,2021,0,0,None,23.9,0.0,23979
2021-10-12,Dwarka,1,10,2021,0,0,None,21.5,0.0,24089
2021-10-12,Ambaji,1,10,2021,0,0,Navratri,25.6,0.0,181394
2021-10-12,Pavagadh,1,10,2021,0,0,Navratri,20.0,0.0,182150
2021-10-13,Somnath,2,10,2021,0,0,None,22.1,0.0,23365
2021-10-13,Dwarka,2,10,2021,0,0,None,26.1,0.0,20963
2021-10-13,Ambaji,2,10,2021,0,0,Navratri,27.3,0.0,138513
2021-10-13,Pavagadh,2,10,2021,0,0,Navratri,20.7,0.0,191195
2021-10-14,Somnath,3,10,2021,0,0,None,26.7,0.0,23537
2021-10-14,Dwarka,3,10,2021,0,0,None,27.7,0.0,23707
2021-10-14,Ambaji,3,10,2021,0,0,Navratri,25.0,0.0,179374
2021-10-14,Pavagadh,3,10,2021,0,0,Navratri,27.3,0.0,162120
2021-10-15,Somnath,4,10,2021,0,0,None,24.4,0.0,22887
2021-10-15,Dwarka,4,10,2021,0,0,None,28.0,0.0,20420
2021-10-15,Ambaji,4,10,2021,0,0,Navratri,25.0,0.0,133672
2021-10-15,Pavagadh,4,10,2021,0,0,Navratri,18.9,0.0,196161
2021-10-16,Somnath,5,10,2021,1,0,None,24.6,0.0,36929
2021-10-16,Dwarka,5,10,2021,1,0,None,27.2,0.0,31484
2021-10-16,Ambaji,5,10,2021,1,0,None,22.4,0.0,46854
2021-10-16,Pavagadh,5,10,2021,1,0,None,25.3,0.0,28071
2021-10-17,Somnath,6,10,2021,1,0,None,20.6,0.0,36402
2021-10-17,Dwarka,6,10,2021,1,0,None,18.3,0.0,31154
2021-10-17,Ambaji,6,10,2021,1,0,None,21.2,0.0,44466
2021-10-17,Pavagadh,6,10,2021,1,0,None,19.8,0.0,28564
2021-10-18,Somnath,0,10,2021,0,0,None,22.1,0.0,24733
2021-10-18,Dwarka,0,10,2021,0,0,None,27.3,0.0,21562
2021-10-18,Ambaji,0,10,2021,0,0,None,22.0,0.0,35589
2021-10-18,Pavagadh,0,10,2021,0,0,None,20.5,0.0,19986
2021-10-19,Somnath,1,10,2021,0,0,None,18.1,0.0,26490
2021-10-19,Dwarka,1,10,2021,0,0,None,20.5,0.0,23351
2021-10-19,Ambaji,1,10,2021,0,0,None,27.8,0.0,38066
2021-10-19,Pavagadh,1,10,2021,0,0,None,21.6,0.0,20595
2021-10-20,Somnath,2,10,2021,0,0,None,26.9,0.0,22639
2021-10-20,Dwarka,2,10,2021,0,0,None,18.7,0.0,20370
2021-10-20,Ambaji,2,10,2021,0,0,None,22.6,0.0,33563
2021-10-20,Pavagadh,2,10,2021,0,0,None,22.9,0.0,20519
2021-10-21,Somnath,3,10,2021,0,0,None,19.9,0.0,26793
2021-10-21,Dwarka,3,10,2021,0,0,None,26.1,0.0,23192
2021-10-21,Ambaji,3,10,2021,0,0,None,22.6,0.0,34210
2021-10-21,Pavagadh,3,10,2021,0,0,None,19.0,0.0,18634
2021-10-22,Somnath,4,10,2021,0,0,None,21.9,0.0,25495
2021-10-22,Dwarka,4,10,2021,0,0,None,21.6,0.0,22053
2021-10-22,Ambaji,4,10,2021,0,0,None,27.2,0.0,36313
2021-10-22,Pavagadh,4,10,2021,0,0,None,24.7,0.0,19486
2021-10-23,Somnath,5,10,2021,1,0,None,21.1,0.0,33839
2021-10-23,Dwarka,5,10,2021,1,0,None,26.4,0.0,27959
2021-10-23,Ambaji,5,10,2021,1,0,None,19.0,0.0,49631
2021-10-23,Pavagadh,5,10,2021,1,0,None,20.5,0.0,26530
2021-10-24,Somnath,6,10,2021,1,0,None,27.2,0.0,30686
2021-10-24,Dwarka,6,10,2021,1,0,None,27.2,0.0,32095
2021-10-24,Ambaji,6,10,2021,1,0,None,26.4,0.0,48067
2021-10-24,Pavagadh,6,10,2021,1,0,None,20.6,0.0,27209
2021-10-25,Somnath,0,10,2021,0,0,None,18.1,0.0,24954
2021-10-25,Dwarka,0,10,2021,0,0,None,25.1,0.0,22719
2021-10-25,Ambaji,0,10,2021,0,0,None,24.3,0.0,33400
2021-10-25,Pavagadh,0,10,2021,0,0,None,21.8,0.0,18262
2021-10-26,Somnath,1,10,2021,0,0,None,21.0,0.0,25167
2021-10-26,Dwarka,1,10,2021,0,0,None,22.9,0.0,21883
2021-10-26,Ambaji,1,10,2021,0,0,None,27.0,0.0,35177
2021-10-26,Pavagadh,1,10,2021,0,0,None,18.0,0.0,21466
2021-10-27,Somnath,2,10,2021,0,0,None,21.3,0.0,25217
2021-10-27,Dwarka,2,10,2021,0,0,None,18.8,0.0,21136
2021-10-27,Ambaji,2,10,2021,0,0,None,21.8,0.0,36133
2021-10-27,Pavagadh,2,10,2021,0,0,None,22.5,0.0,21067
2021-10-28,Somnath,3,10,2021,0,0,None,25.5,0.0,24004
2021-10-28,Dwarka,3,10,2021,0,0,None,21.5,0.0,19853
2021-10-28,Ambaji,3,10,2021,0,0,None,19.7,0.0,35321
2021-10-28,Pavagadh,3,10,2021,0,0,None,21.4,0.0,20959
2021-10-29,Somnath,4,10,2021,0,0,None,21.5,0.0,22821
2021-10-29,Dwarka,4,10,2021,0,0,None,24.0,0.0,21707
2021-10-29,Ambaji,4,10,2021,0,0,None,22.2,0.0,35507
2021-10-29,Pavagadh,4,10,2021,0,0,None,22.2,0.0,20483
2021-10-30,Somnath,5,10,2021,1,0,None,26.8,0.0,34707
2021-10-30,Dwarka,5,10,2021,1,0,None,20.2,0.0,26878
2021-10-30,Ambaji,5,10,2021,1,0,None,22.0,0.0,51637
2021-10-30,Pavagadh,5,10,2021,1,0,None,20.4,0.0,28124
2021-10-31,Somnath,6,10,2021,1,0,None,25.1,0.0,35260
2021-10-31,Dwarka,6,10,2021,1,0,None,20.7,2.0,29070
2021-10-31,Ambaji,6,10,2021,1,0,None,26.6,0.0,45881
2021-10-31,Pavagadh,6,10,2021,1,0,None,25.7,0.0,24944
2021-11-01,Somnath,0,11,2021,0,0,None,26.3,0.0,23740
2021-11-01,Dwarka,0,11,2021,0,0,None,23.8,0.0,23376
2021-11-01,Ambaji,0,11,2021,0,0,None,21.5,0.0,34754
2021-11-01,Pavagadh,0,11,2021,0,0,None,19.0,0.0,20190
2021-11-02,Somnath,1,11,2021,0,0,Diwali Peak,24.0,0.0,68916
2021-11-02,Dwarka,1,11,2021,0,0,Diwali Peak,26.7,0.0,62141
2021-11-02,Ambaji,1,11,2021,0,0,Diwali Peak,21.0,0.0,105142
2021-11-02,Pavagadh,1,11,2021,0,0,Diwali Peak,26.2,0.0,64773
2021-11-03,Somnath,2,11,2021,0,0,Diwali Peak,25.2,0.0,70751
2021-11-03,Dwarka,2,11,2021,0,0,Diwali Peak,22.3,0.0,65107
2021-11-03,Ambaji,2,11,2021,0,0,Diwali Peak,27.7,0.0,88975
2021-11-03,Pavagadh,2,11,2021,0,0,Diwali Peak,25.1,0.0,65860
2021-11-04,Somnath,3,11,2021,0,0,Diwali Peak,18.8,0.0,72021
2021-11-04,Dwarka,3,11,2021,0,0,Diwali Peak,18.6,0.0,60055
2021-11-04,Ambaji,3,11,2021,0,0,Diwali Peak,23.3,0.0,85099
2021-11-04,Pavagadh,3,11,2021,0,0,Diwali Peak,18.7,0.0,62310
2021-11-05,Somnath,4,11,2021,0,0,Diwali Peak,19.3,0.0,69797
2021-11-05,Dwarka,4,11,2021,0,0,Diwali Peak,25.7,0.0,73699
2021-11-05,Ambaji,4,11,2021,0,0,Diwali Peak,27.1,0.0,99343
2021-11-05,Pavagadh,4,11,2021,0,0,Diwali Peak,19.4,0.0,67180
2021-11-06,Somnath,5,11,2021,1,0,Diwali Peak,18.7,0.0,98176
2021-11-06,Dwarka,5,11,2021,1,0,Diwali Peak,20.1,0.0,108088
2021-11-06,Ambaji,5,11,2021,1,0,Diwali Peak,26.2,0.0,159233
2021-11-06,Pavagadh,5,11,2021,1,0,Diwali Peak,22.7,0.0,75968
2021-11-07,Somnath,6,11,2021,1,0,Diwali Peak,27.3,0.0,84133
2021-11-07,Dwarka,6,11,2021,1,0,Diwali Peak,24.9,0.0,88731
2021-11-07,Ambaji,6,11,2021,1,0,Diwali Peak,21.3,0.0,152412
2021-11-07,Pavagadh,6,11,2021,1,0,Diwali Peak,21.6,0.0,71817
2021-11-08,Somnath,0,11,2021,0,0,None,24.0,0.0,27456
2021-11-08,Dwarka,0,11,2021,0,0,None,20.6,0.0,21301
2021-11-08,Ambaji,0,11,2021,0,0,None,25.3,0.0,38320
2021-11-08,Pavagadh,0,11,2021,0,0,None,27.5,0.0,21963
2021-11-09,Somnath,1,11,2021,0,0,None,21.8,0.0,26305
2021-11-09,Dwarka,1,11,2021,0,0,None,19.7,0.0,20743
2021-11-09,Ambaji,1,11,2021,0,0,None,25.8,0.0,33070
2021-11-09,Pavagadh,1,11,2021,0,0,None,25.4,0.0,21287
2021-11-10,Somnath,2,11,2021,0,0,None,25.9,0.0,23251
2021-11-10,Dwarka,2,11,2021,0,0,None,27.1,0.0,21630
2021-11-10,Ambaji,2,11,2021,0,0,None,22.7,0.0,38463
2021-11-10,Pavagadh,2,11,2021,0,0,None,24.0,0.0,19020
2021-11-11,Somnath,3,11,2021,0,0,None,22.0,0.0,24114
2021-11-11,Dwarka,3,11,2021,0,0,None,27.8,0.0,21907
2021-11-11,Ambaji,3,11,2021,0,0,None,25.5,0.0,31620
2021-11-11,Pavagadh,3,11,2021,0,0,None,23.4,0.0,21924
2021-11-12,Somnath,4,11,2021,0,0,None,18.4,0.0,22990
2021-11-12,Dwarka,4,11,2021,0,0,None,19.5,0.0,20818
2021-11-12,Ambaji,4,11,2021,0,0,None,25.5,0.0,33027
2021-11-12,Pavagadh,4,11,2021,0,0,None,22.9,0.0,21450
2021-11-13,Somnath,5,11,2021,1,0,None,18.1,0.0,38924
2021-11-13,Dwarka,5,11,2021,1,0,None,26.6,0.0,30208
2021-11-13,Ambaji,5,11,2021,1,0,None,26.2,0.0,44794
2021-11-13,Pavagadh,5,11,2021,1,0,None,19.5,0.0,24836
2021-11-14,Somnath,6,11,2021,1,0,None,20.3,0.0,32726
2021-11-14,Dwarka,6,11,2021,1,0,None,27.3,0.0,33483
2021-11-14,Ambaji,6,11,2021,1,0,None,21.1,0.0,47121
2021-11-14,Pavagadh,6,11,2021,1,0,None,23.5,0.0,30707
2021-11-15,Somnath,0,11,2021,0,0,None,20.8,0.0,23724
2021-11-15,Dwarka,0,11,2021,0,0,None,24.8,0.0,22845
2021-11-15,Ambaji,0,11,2021,0,0,None,20.4,0.0,32707
2021-11-15,Pavagadh,0,11,2021,0,0,None,25.3,0.0,18661
2021-11-16,Somnath,1,11,2021,0,0,None,19.8,0.0,26225
2021-11-16,Dwarka,1,11,2021,0,0,None,27.8,0.0,23586
2021-11-16,Ambaji,1,11,2021,0,0,None,18.1,0.0,35413
2021-11-16,Pavagadh,1,11,2021,0,0,None,27.8,0.0,19496
2021-11-17,Somnath,2,11,2021,0,0,None,19.5,0.0,24313
2021-11-17,Dwarka,2,11,2021,0,0,None,25.1,0.0,23549
2021-11-17,Ambaji,2,11,2021,0,0,None,27.4,0.0,37891
2021-11-17,Pavagadh,2,11,2021,0,0,None,18.2,0.0,19465
2021-11-18,Somnath,3,11,2021,0,0,None,26.7,0.0,24732
2021-11-18,Dwarka,3,11,2021,0,0,None,18.4,0.0,23950
2021-11-18,Ambaji,3,11,2021,0,0,None,26.1,0.0,35178
2021-11-18,Pavagadh,3,11,2021,0,0,None,25.5,0.0,21047
2021-11-19,Somnath,4,11,2021,0,0,None,22.9,0.0,27324
2021-11-19,Dwarka,4,11,2021,0,0,None,22.7,0.0,23785
2021-11-19,Ambaji,4,11,2021,0,0,None,27.0,2.0,35356
2021-11-19,Pavagadh,4,11,2021,0,0,None,21.4,0.0,18136
2021-11-20,Somnath,5,11,2021,1,0,None,25.3,0.0,38493
2021-11-20,Dwarka,5,11,2021,1,0,None,27.5,0.0,32019
2021-11-20,Ambaji,5,11,2021,1,0,None,23.4,0.0,50882
2021-11-20,Pavagadh,5,11,2021,1,0,None,21.6,0.0,27851
2021-11-21,Somnath,6,11,2021,1,0,None,25.7,0.0,37065
2021-11-21,Dwarka,6,11,2021,1,0,None,24.2,0.0,27613
2021-11-21,Ambaji,6,11,2021,1,0,None,21.2,0.0,50142
2021-11-21,Pavagadh,6,11,2021,1,0,None,22.2,0.0,26284
2021-11-22,Somnath,0,11,2021,0,0,None,23.5,2.0,25325
2021-11-22,Dwarka,0,11,2021,0,0,None,18.0,0.0,20833
2021-11-22,Ambaji,0,11,2021,0,0,None,24.9,0.0,33778
2021-11-22,Pavagadh,0,11,2021,0,0,None,20.8,0.0,21647
2021-11-23,Somnath,1,11,2021,0,0,None,23.1,0.0,23011
2021-11-23,Dwarka,1,11,2021,0,0,None,19.6,0.0,21154
2021-11-23,Ambaji,1,11,2021,0,0,None,18.4,0.0,36723
2021-11-23,Pavagadh,1,11,2021,0,0,None,26.9,0.0,20893
2021-11-24,Somnath,2,11,2021,0,0,None,21.6,0.0,26148
2021-11-24,Dwarka,2,11,2021,0,0,None,25.3,0.0,22192
2021-11-24,Ambaji,2,11,2021,0,0,None,27.2,0.0,35998
2021-11-24,Pavagadh,2,11,2021,0,0,None,25.8,0.0,20091
2021-11-25,Somnath,3,11,2021,0,0,None,27.6,0.0,23974
2021-11-25,Dwarka,3,11,2021,0,0,None,24.0,0.0,22246
2021-11-25,Ambaji,3,11,2021,0,0,None,19.6,0.0,35716
2021-11-25,Pavagadh,3,11,2021,0,0,None,22.2,0.0,18981
2021-11-26,Somnath,4,11,2021,0,0,None,21.3,0.0,23738
2021-11-26,Dwarka,4,11,2021,0,0,None,25.8,0.0,20984
2021-11-26,Ambaji,4,11,2021,0,0,None,19.0,0.0,35677
2021-11-26,Pavagadh,4,11,2021,0,0,None,20.1,0.0,19436
2021-11-27,Somnath,5,11,2021,1,0,None,27.6,0.0,34174
2021-11-27,Dwarka,5,11,2021,1,0,None,18.7,0.0,31494
2021-11-27,Ambaji,5,11,2021,1,0,None,22.6,0.0,48689
2021-11-27,Pavagadh,5,11,2021,1,0,None,23.4,2.0,28061
2021-11-28,Somnath,6,11,2021,1,0,None,23.0,0.0,31604
2021-11-28,Dwarka,6,11,2021,1,0,None,25.5,0.0,33560
2021-11-28,Ambaji,6,11,2021,1,0,None,23.6,0.0,52496
2021-11-28,Pavagadh,6,11,2021,1,0,None,24.4,0.0,28724
2021-11-29,Somnath,0,11,2021,0,0,None,19.5,2.0,26231
2021-11-29,Dwarka,0,11,2021,0,0,None,22.1,0.0,20200
2021-11-29,Ambaji,0,11,2021,0,0,None,18.9,0.0,32745
2021-11-29,Pavagadh,0,11,2021,0,0,None,27.2,0.0,19225
2021-11-30,Somnath,1,11,2021,0,0,None,26.9,0.0,25243
2021-11-30,Dwarka,1,11,2021,0,0,None,27.4,0.0,21366
2021-11-30,Ambaji,1,11,2021,0,0,None,19.8,0.0,35101
2021-11-30,Pavagadh,1,11,2021,0,0,None,24.0,0.0,19654
2021-12-01,Somnath,2,12,2021,0,0,None,26.3,0.0,23345
2021-12-01,Dwarka,2,12,2021,0,0,None,27.5,0.0,23313
2021-12-01,Ambaji,2,12,2021,0,0,None,19.9,0.0,34932
2021-12-01,Pavagadh,2,12,2021,0,0,None,23.0,0.0,18899
2021-12-02,Somnath,3,12,2021,0,0,None,23.2,0.0,23543
2021-12-02,Dwarka,3,12,2021,0,0,None,27.9,0.0,23705
2021-12-02,Ambaji,3,12,2021,0,0,None,24.9,0.0,35476
2021-12-02,Pavagadh,3,12,2021,0,0,None,26.2,0.0,19983
2021-12-03,Somnath,4,12,2021,0,0,None,22.0,0.0,24391
2021-12-03,Dwarka,4,12,2021,0,0,None,27.8,0.0,21117
2021-12-03,Ambaji,4,12,2021,0,0,None,24.1,0.0,35775
2021-12-03,Pavagadh,4,12,2021,0,0,None,27.0,0.0,20933
2021-12-04,Somnath,5,12,2021,1,0,None,22.5,0.0,38223
2021-12-04,Dwarka,5,12,2021,1,0,None,24.6,0.0,33992
2021-12-04,Ambaji,5,12,2021,1,0,None,26.5,0.0,49149
2021-12-04,Pavagadh,5,12,2021,1,0,None,22.6,0.0,24589
2021-12-05,Somnath,6,12,2021,1,0,None,26.8,0.0,32634
2021-12-05,Dwarka,6,12,2021,1,0,None,25.5,0.0,31015
2021-12-05,Ambaji,6,12,2021,1,0,None,26.7,0.0,47203
2021-12-05,Pavagadh,6,12,2021,1,0,None,18.7,0.0,25558
2021-12-06,Somnath,0,12,2021,0,0,None,26.6,0.0,27409
2021-12-06,Dwarka,0,12,2021,0,0,None,27.0,0.0,22022
2021-12-06,Ambaji,0,12,2021,0,0,None,24.0,0.0,37699
2021-12-06,Pavagadh,0,12,2021,0,0,None,24.2,0.0,19925
2021-12-07,Somnath,1,12,2021,0,0,None,26.8,0.0,26850
2021-12-07,Dwarka,1,12,2021,0,0,None,24.7,0.0,24059
2021-12-07,Ambaji,1,12,2021,0,0,None,27.2,0.0,32288
2021-12-07,Pavagadh,1,12,2021,0,0,None,23.4,0.0,19528
2021-12-08,Somnath,2,12,2021,0,0,None,19.4,0.0,24187
2021-12-08,Dwarka,2,12,2021,0,0,None,21.5,0.0,23696
2021-12-08,Ambaji,2,12,2021,0,0,None,23.6,0.0,36119
2021-12-08,Pavagadh,2,12,2021,0,0,None,23.5,0.0,19511
2021-12-09,Somnath,3,12,2021,0,0,None,21.2,0.0,26633
2021-12-09,Dwarka,3,12,2021,0,0,None,23.8,0.0,23700
2021-12-09,Ambaji,3,12,2021,0,0,None,27.3,0.0,36522
2021-12-09,Pavagadh,3,12,2021,0,0,None,24.1,0.0,19053
2021-12-10,Somnath,4,12,2021,0,0,None,24.9,0.0,26670
2021-12-10,Dwarka,4,12,2021,0,0,None,26.0,0.0,20608
2021-12-10,Ambaji,4,12,2021,0,0,None,25.2,0.0,35400
2021-12-10,Pavagadh,4,12,2021,0,0,None,25.5,0.0,18955
2021-12-11,Somnath,5,12,2021,1,0,None,23.6,0.0,35296
2021-12-11,Dwarka,5,12,2021,1,0,None,19.0,0.0,32514
2021-12-11,Ambaji,5,12,2021,1,0,None,22.2,0.0,47404
2021-12-11,Pavagadh,5,12,2021,1,0,None,23.9,0.0,25658
2021-12-12,Somnath,6,12,2021,1,0,None,26.1,0.0,34118
2021-12-12,Dwarka,6,12,2021,1,0,None,19.7,0.0,31642
2021-12-12,Ambaji,6,12,2021,1,0,None,24.6,0.0,44202
2021-12-12,Pavagadh,6,12,2021,1,0,None,27.3,0.0,31454
2021-12-13,Somnath,0,12,2021,0,0,None,19.2,0.0,23619
2021-12-13,Dwarka,0,12,2021,0,0,None,20.2,0.0,22658
2021-12-13,Ambaji,0,12,2021,0,0,None,25.5,0.0,37972
2021-12-13,Pavagadh,0,12,2021,0,0,None,19.5,0.0,19378
2021-12-14,Somnath,1,12,2021,0,0,None,20.3,0.0,24933
2021-12-14,Dwarka,1,12,2021,0,0,None,26.3,0.0,20369
2021-12-14,Ambaji,1,12,2021,0,0,None,26.2,0.0,34222
2021-12-14,Pavagadh,1,12,2021,0,0,None,19.1,2.0,20622
2021-12-15,Somnath,2,12,2021,0,0,None,27.8,0.0,24475
2021-12-15,Dwarka,2,12,2021,0,0,None,20.5,2.0,20914
2021-12-15,Ambaji,2,12,2021,0,0,None,18.2,0.0,34139
2021-12-15,Pavagadh,2,12,2021,0,0,None,20.6,0.0,19457
2021-12-16,Somnath,3,12,2021,0,0,None,22.0,0.0,25445
2021-12-16,Dwarka,3,12,2021,0,0,None,19.2,0.0,22955
2021-12-16,Ambaji,3,12,2021,0,0,None,21.1,0.0,35541
2021-12-16,Pavagadh,3,12,2021,0,0,None,20.1,0.0,20485
2021-12-17,Somnath,4,12,2021,0,0,None,25.4,0.0,24911
2021-12-17,Dwarka,4,12,2021,0,0,None,22.5,0.0,20649
2021-12-17,Ambaji,4,12,2021,0,0,None,19.5,0.0,34366
2021-12-17,Pavagadh,4,12,2021,0,0,None,25.1,0.0,19299
2021-12-18,Somnath,5,12,2021,1,0,None,27.0,0.0,32665
2021-12-18,Dwarka,5,12,2021,1,0,None,19.8,0.0,33446
2021-12-18,Ambaji,5,12,2021,1,0,None,26.7,0.0,52498
2021-12-18,Pavagadh,5,12,2021,1,0,None,21.7,0.0,26855
2021-12-19,Somnath,6,12,2021,1,0,None,22.2,0.0,30686
2021-12-19,Dwarka,6,12,2021,1,0,None,20.2,0.0,29726
2021-12-19,Ambaji,6,12,2021,1,0,None,21.0,0.0,51998
2021-12-19,Pavagadh,6,12,2021,1,0,None,22.9,0.0,28747
2021-12-20,Somnath,0,12,2021,0,0,None,20.4,0.0,25904
2021-12-20,Dwarka,0,12,2021,0,0,None,22.6,0.0,19879
2021-12-20,Ambaji,0,12,2021,0,0,None,21.3,0.0,37843
2021-12-20,Pavagadh,0,12,2021,0,0,None,19.8,0.0,20848
2021-12-21,Somnath,1,12,2021,0,0,None,26.2,0.0,23405
2021-12-21,Dwarka,1,12,2021,0,0,None,20.7,0.0,21404
2021-12-21,Ambaji,1,12,2021,0,0,None,21.5,0.0,37893
2021-12-21,Pavagadh,1,12,2021,0,0,None,18.3,0.0,21921
2021-12-22,Somnath,2,12,2021,0,0,None,24.6,0.0,23230
2021-12-22,Dwarka,2,12,2021,0,0,None,27.6,0.0,22798
2021-12-22,Ambaji,2,12,2021,0,0,None,26.8,0.0,36576
2021-12-22,Pavagadh,2,12,2021,0,0,None,28.0,0.0,19658
2021-12-23,Somnath,3,12,2021,0,0,None,26.7,0.0,26247
2021-12-23,Dwarka,3,12,2021,0,0,None,23.9,0.0,20737
2021-12-23,Ambaji,3,12,2021,0,0,None,18.8,0.0,31607
2021-12-23,Pavagadh,3,12,2021,0,0,None,22.2,0.0,21422
2021-12-24,Somnath,4,12,2021,0,0,None,25.5,0.0,24945
2021-12-24,Dwarka,4,12,2021,0,0,None,20.6,0.0,22621
2021-12-24,Ambaji,4,12,2021,0,0,None,25.8,0.0,36459
2021-12-24,Pavagadh,4,12,2021,0,0,None,25.4,0.0,18857
2021-12-25,Somnath,5,12,2021,1,1,None,23.4,0.0,34603
2021-12-25,Dwarka,5,12,2021,1,1,None,19.1,0.0,27533
2021-12-25,Ambaji,5,12,2021,1,1,None,20.6,0.0,49188
2021-12-25,Pavagadh,5,12,2021,1,1,None,26.2,0.0,29093
2021-12-26,Somnath,6,12,2021,1,0,None,24.2,0.0,34947
2021-12-26,Dwarka,6,12,2021,1,0,None,23.9,2.0,32503
2021-12-26,Ambaji,6,12,2021,1,0,None,21.2,0.0,51478
2021-12-26,Pavagadh,6,12,2021,1,0,None,18.6,0.0,28880
2021-12-27,Somnath,0,12,2021,0,0,None,19.1,0.0,25898
2021-12-27,Dwarka,0,12,2021,0,0,None,27.0,0.0,22265
2021-12-27,Ambaji,0,12,2021,0,0,None,20.3,0.0,33857
2021-12-27,Pavagadh,0,12,2021,0,0,None,24.6,2.0,21253
2021-12-28,Somnath,1,12,2021,0,0,None,19.9,0.0,22832
2021-12-28,Dwarka,1,12,2021,0,0,None,20.5,0.0,21276
2021-12-28,Ambaji,1,12,2021,0,0,None,24.8,0.0,38030
2021-12-28,Pavagadh,1,12,2021,0,0,None,20.1,0.0,19319
2021-12-29,Somnath,2,12,2021,0,0,None,20.4,2.0,24436
2021-12-29,Dwarka,2,12,2021,0,0,None,27.4,0.0,20698
2021-12-29,Ambaji,2,12,2021,0,0,None,19.2,0.0,31724
2021-12-29,Pavagadh,2,12,2021,0,0,None,27.6,0.0,18989
2021-12-30,Somnath,3,12,2021,0,0,None,24.2,0.0,22860
2021-12-30,Dwarka,3,12,2021,0,0,None,26.3,0.0,22080
2021-12-30,Ambaji,3,12,2021,0,0,None,19.8,0.0,34074
2021-12-30,Pavagadh,3,12,2021,0,0,None,23.1,0.0,20004
2021-12-31,Somnath,4,12,2021,0,0,None,25.8,0.0,22819
2021-12-31,Dwarka,4,12,2021,0,0,None,19.6,0.0,23141
2021-12-31,Ambaji,4,12,2021,0,0,None,19.4,0.0,36296
2021-12-31,Pavagadh,4,12,2021,0,0,None,26.6,0.0,18811
2022-01-01,Somnath,5,1,2022,1,0,None,23.8,0.0,33966
2022-01-01,Dwarka,5,1,2022,1,0,None,21.1,0.0,35578
2022-01-01,Ambaji,5,1,2022,1,0,None,22.5,0.0,48123
2022-01-01,Pavagadh,5,1,2022,1,0,None,19.7,0.0,25855
2022-01-02,Somnath,6,1,2022,1,0,None,23.7,0.0,40069
2022-01-02,Dwarka,6,1,2022,1,0,None,25.3,0.0,31172
2022-01-02,Ambaji,6,1,2022,1,0,None,27.3,0.0,46959
2022-01-02,Pavagadh,6,1,2022,1,0,None,21.6,0.0,28368
2022-01-03,Somnath,0,1,2022,0,0,None,22.9,0.0,24880
2022-01-03,Dwarka,0,1,2022,0,0,None,26.6,0.0,23993
2022-01-03,Ambaji,0,1,2022,0,0,None,19.9,0.0,32729
2022-01-03,Pavagadh,0,1,2022,0,0,None,22.4,0.0,19732
2022-01-04,Somnath,1,1,2022,0,0,None,20.5,0.0,24028
2022-01-04,Dwarka,1,1,2022,0,0,None,24.5,0.0,23427
2022-01-04,Ambaji,1,1,2022,0,0,None,23.4,0.0,34463
2022-01-04,Pavagadh,1,1,2022,0,0,None,20.0,0.0,20947
2022-01-05,Somnath,2,1,2022,0,0,None,24.6,0.0,22867
2022-01-05,Dwarka,2,1,2022,0,0,None,23.8,0.0,20274
2022-01-05,Ambaji,2,1,2022,0,0,None,18.9,0.0,33706
2022-01-05,Pavagadh,2,1,2022,0,0,None,24.6,0.0,21944
2022-01-06,Somnath,3,1,2022,0,0,None,26.9,0.0,23808
2022-01-06,Dwarka,3,1,2022,0,0,None,20.6,0.0,22375
2022-01-06,Ambaji,3,1,2022,0,0,None,25.9,0.0,32221
2022-01-06,Pavagadh,3,1,2022,0,0,None,21.3,0.0,21127
2022-01-07,Somnath,4,1,2022,0,0,None,25.0,0.0,25606
2022-01-07,Dwarka,4,1,2022,0,0,None,26.7,0.0,22048
2022-01-07,Ambaji,4,1,2022,0,0,None,21.1,0.0,34459
2022-01-07,Pavagadh,4,1,2022,0,0,None,26.6,0.0,21264
2022-01-08,Somnath,5,1,2022,1,0,None,27.9,0.0,30745
2022-01-08,Dwarka,5,1,2022,1,0,None,18.4,0.0,28879
2022-01-08,Ambaji,5,1,2022,1,0,None,18.3,0.0,54366
2022-01-08,Pavagadh,5,1,2022,1,0,None,27.4,0.0,27103
2022-01-09,Somnath,6,1,2022,1,0,None,22.9,0.0,30937
2022-01-09,Dwarka,6,1,2022,1,0,None,25.0,0.0,29679
2022-01-09,Ambaji,6,1,2022,1,0,None,22.1,0.0,56019
2022-01-09,Pavagadh,6,1,2022,1,0,None,18.7,0.0,26808
2022-01-10,Somnath,0,1,2022,0,0,None,27.3,0.0,23866
2022-01-10,Dwarka,0,1,2022,0,0,None,18.1,0.0,21665
2022-01-10,Ambaji,0,1,2022,0,0,None,24.4,0.0,32500
2022-01-10,Pavagadh,0,1,2022,0,0,None,24.8,0.0,18940
2022-01-11,Somnath,1,1,2022,0,0,None,19.4,0.0,26127
2022-01-11,Dwarka,1,1,2022,0,0,None,20.8,0.0,20605
2022-01-11,Ambaji,1,1,2022,0,0,None,21.4,0.0,36121
2022-01-11,Pavagadh,1,1,2022,0,0,None,20.7,0.0,18169
2022-01-12,Somnath,2,1,2022,0,0,None,26.4,0.0,23074
2022-01-12,Dwarka,2,1,2022,0,0,None,20.4,0.0,23275
2022-01-12,Ambaji,2,1,2022,0,0,None,20.5,0.0,32132
2022-01-12,Pavagadh,2,1,2022,0,0,None,22.6,0.0,18844
2022-01-13,Somnath,3,1,2022,0,0,None,21.7,0.0,26219
2022-01-13,Dwarka,3,1,2022,0,0,None,22.1,0.0,21035
2022-01-13,Ambaji,3,1,2022,0,0,None,23.1,0.0,38277
2022-01-13,Pavagadh,3,1,2022,0,0,None,24.4,0.0,20773
2022-01-14,Somnath,4,1,2022,0,0,None,21.4,0.0,23718
2022-01-14,Dwarka,4,1,2022,0,0,None,20.7,0.0,21648
2022-01-14,Ambaji,4,1,2022,0,0,None,24.2,0.0,37172
2022-01-14,Pavagadh,4,1,2022,0,0,None,27.9,0.0,19972
2022-01-15,Somnath,5,1,2022,1,0,None,23.2,0.0,30918
2022-01-15,Dwarka,5,1,2022,1,0,None,21.1,2.0,31875
2022-01-15,Ambaji,5,1,2022,1,0,None,26.8,0.0,49863
2022-01-15,Pavagadh,5,1,2022,1,0,None,20.2,0.0,30130
2022-01-16,Somnath,6,1,2022,1,0,None,27.9,0.0,32986
2022-01-16,Dwarka,6,1,2022,1,0,None,26.8,0.0,28001
2022-01-16,Ambaji,6,1,2022,1,0,None,25.8,0.0,45381
2022-01-16,Pavagadh,6,1,2022,1,0,None,21.9,0.0,28638
2022-01-17,Somnath,0,1,2022,0,0,None,18.7,0.0,23725
2022-01-17,Dwarka,0,1,2022,0,0,None,27.5,0.0,23390
2022-01-17,Ambaji,0,1,2022,0,0,None,26.9,0.0,33557
2022-01-17,Pavagadh,0,1,2022,0,0,None,24.8,0.0,21119
2022-01-18,Somnath,1,1,2022,0,0,None,26.3,0.0,25934
2022-01-18,Dwarka,1,1,2022,0,0,None,19.3,0.0,22496
2022-01-18,Ambaji,1,1,2022,0,0,None,19.6,0.0,32863
2022-01-18,Pavagadh,1,1,2022,0,0,None,22.2,0.0,20127
2022-01-19,Somnath,2,1,2022,0,0,None,25.5,0.0,23029
2022-01-19,Dwarka,2,1,2022,0,0,None,20.4,0.0,22211
2022-01-19,Ambaji,2,1,2022,0,0,None,26.8,0.0,35131
2022-01-19,Pavagadh,2,1,2022,0,0,None,18.0,0.0,18335
2022-01-20,Somnath,3,1,2022,0,0,None,25.0,0.0,23464
2022-01-20,Dwarka,3,1,2022,0,0,None,23.9,0.0,20190
2022-01-20,Ambaji,3,1,2022,0,0,None,24.4,0.0,33505
2022-01-20,Pavagadh,3,1,2022,0,0,None,24.9,0.0,21026
2022-01-21,Somnath,4,1,2022,0,0,None,27.1,0.0,23723
2022-01-21,Dwarka,4,1,2022,0,0,None,22.0,0.0,19805
2022-01-21,Ambaji,4,1,2022,0,0,None,24.5,0.0,32972
2022-01-21,Pavagadh,4,1,2022,0,0,None,25.2,0.0,18293
2022-01-22,Somnath,5,1,2022,1,0,None,24.6,0.0,32318
2022-01-22,Dwarka,5,1,2022,1,0,None,25.3,0.0,27602
2022-01-22,Ambaji,5,1,2022,1,0,None,25.8,0.0,55586
2022-01-22,Pavagadh,5,1,2022,1,0,None,24.0,0.0,31113
2022-01-23,Somnath,6,1,2022,1,0,None,19.6,0.0,30319
2022-01-23,Dwarka,6,1,2022,1,0,None,23.2,0.0,31557
2022-01-23,Ambaji,6,1,2022,1,0,None,24.7,0.0,51359
2022-01-23,Pavagadh,6,1,2022,1,0,None,20.5,0.0,28656
2022-01-24,Somnath,0,1,2022,0,0,None,22.7,0.0,23341
2022-01-24,Dwarka,0,1,2022,0,0,None,22.4,0.0,23606
2022-01-24,Ambaji,0,1,2022,0,0,None,18.5,0.0,32200
2022-01-24,Pavagadh,0,1,2022,0,0,None,25.7,0.0,18452
2022-01-25,Somnath,1,1,2022,0,0,None,23.3,0.0,27043
2022-01-25,Dwarka,1,1,2022,0,0,None,20.5,0.0,19933
2022-01-25,Ambaji,1,1,2022,0,0,None,19.3,0.0,33101
2022-01-25,Pavagadh,1,1,2022,0,0,None,26.0,0.0,18017
2022-01-26,Somnath,2,1,2022,0,1,None,20.3,0.0,42485
2022-01-26,Dwarka,2,1,2022,0,1,None,26.9,0.0,34340
2022-01-26,Ambaji,2,1,2022,0,1,None,20.0,0.0,49745
2022-01-26,Pavagadh,2,1,2022,0,1,None,18.9,0.0,33015
2022-01-27,Somnath,3,1,2022,0,0,None,25.9,0.0,23756
2022-01-27,Dwarka,3,1,2022,0,0,None,26.9,0.0,20504
2022-01-27,Ambaji,3,1,2022,0,0,None,26.3,0.0,35960
2022-01-27,Pavagadh,3,1,2022,0,0,None,20.8,0.0,19370
2022-01-28,Somnath,4,1,2022,0,0,None,24.8,0.0,27147
2022-01-28,Dwarka,4,1,2022,0,0,None,24.2,0.0,22990
2022-01-28,Ambaji,4,1,2022,0,0,None,21.0,0.0,34242
2022-01-28,Pavagadh,4,1,2022,0,0,None,18.1,0.0,20129
2022-01-29,Somnath,5,1,2022,1,0,None,25.7,0.0,36719
2022-01-29,Dwarka,5,1,2022,1,0,None,22.2,0.0,31742
2022-01-29,Ambaji,5,1,2022,1,0,None,18.2,0.0,54399
2022-01-29,Pavagadh,5,1,2022,1,0,None,23.4,0.0,28316
2022-01-30,Somnath,6,1,2022,1,0,None,21.8,0.0,33314
2022-01-30,Dwarka,6,1,2022,1,0,None,27.7,0.0,26408
2022-01-30,Ambaji,6,1,2022,1,0,None,21.2,0.0,46615
2022-01-30,Pavagadh,6,1,2022,1,0,None,23.8,0.0,30617
2022-01-31,Somnath,0,1,2022,0,0,None,19.1,0.0,26387
2022-01-31,Dwarka,0,1,2022,0,0,None,24.5,0.0,20914
2022-01-31,Ambaji,0,1,2022,0,0,None,25.5,0.0,35595
2022-01-31,Pavagadh,0,1,2022,0,0,None,20.1,0.0,21082
2022-02-01,Somnath,1,2,2022,0,0,None,26.9,0.0,25381
2022-02-01,Dwarka,1,2,2022,0,0,None,24.7,0.0,20798
2022-02-01,Ambaji,1,2,2022,0,0,None,26.8,0.0,35660
2022-02-01,Pavagadh,1,2,2022,0,0,None,27.9,2.0,20345
2022-02-02,Somnath,2,2,2022,0,0,None,18.3,0.0,27186
2022-02-02,Dwarka,2,2,2022,0,0,None,20.9,2.0,20170
2022-02-02,Ambaji,2,2,2022,0,0,None,23.7,0.0,33287
2022-02-02,Pavagadh,2,2,2022,0,0,None,27.5,0.0,18920
2022-02-03,Somnath,3,2,2022,0,0,None,21.8,0.0,23988
2022-02-03,Dwarka,3,2,2022,0,0,None,26.8,0.0,20963
2022-02-03,Ambaji,3,2,2022,0,0,None,19.4,0.0,33602
2022-02-03,Pavagadh,3,2,2022,0,0,None,28.0,0.0,18852
2022-02-04,Somnath,4,2,2022,0,0,None,20.7,0.0,26226
2022-02-04,Dwarka,4,2,2022,0,0,None,25.5,0.0,22668
2022-02-04,Ambaji,4,2,2022,0,0,None,24.3,0.0,34154
2022-02-04,Pavagadh,4,2,2022,0,0,None,26.0,0.0,18920
2022-02-05,Somnath,5,2,2022,1,0,None,21.1,0.0,34292
2022-02-05,Dwarka,5,2,2022,1,0,None,26.8,0.0,32380
2022-02-05,Ambaji,5,2,2022,1,0,None,25.5,0.0,52015
2022-02-05,Pavagadh,5,2,2022,1,0,None,20.5,0.0,29000
2022-02-06,Somnath,6,2,2022,1,0,None,18.9,0.0,37448
2022-02-06,Dwarka,6,2,2022,1,0,None,21.6,0.0,32450
2022-02-06,Ambaji,6,2,2022,1,0,None,26.5,0.0,55428
2022-02-06,Pavagadh,6,2,2022,1,0,None,27.4,0.0,27761
2022-02-07,Somnath,0,2,2022,0,0,None,21.2,0.0,23045
2022-02-07,Dwarka,0,2,2022,0,0,None,25.3,0.0,20031
2022-02-07,Ambaji,0,2,2022,0,0,None,25.8,0.0,36848
2022-02-07,Pavagadh,0,2,2022,0,0,None,26.3,0.0,21550
2022-02-08,Somnath,1,2,2022,0,0,None,23.0,2.0,23017
2022-02-08,Dwarka,1,2,2022,0,0,None,26.1,0.0,22354
2022-02-08,Ambaji,1,2,2022,0,0,None,25.3,0.0,37540
2022-02-08,Pavagadh,1,2,2022,0,0,None,19.8,0.0,18064
2022-02-09,Somnath,2,2,2022,0,0,None,19.3,0.0,26105
2022-02-09,Dwarka,2,2,2022,0,0,None,22.8,0.0,21940
2022-02-09,Ambaji,2,2,2022,0,0,None,23.6,0.0,36935
2022-02-09,Pavagadh,2,2,2022,0,0,None,25.6,0.0,19314
2022-02-10,Somnath,3,2,2022,0,0,None,20.2,0.0,26235
2022-02-10,Dwarka,3,2,2022,0,0,None,24.1,0.0,20556
2022-02-10,Ambaji,3,2,2022,0,0,None,18.5,0.0,32809
2022-02-10,Pavagadh,3,2,2022,0,0,None,19.0,0.0,19432
2022-02-11,Somnath,4,2,2022,0,0,None,22.4,0.0,25795
2022-02-11,Dwarka,4,2,2022,0,0,None,24.5,0.0,23362
2022-02-11,Ambaji,4,2,2022,0,0,None,27.2,0.0,31619
2022-02-11,Pavagadh,4,2,2022,0,0,None,27.0,0.0,18203
2022-02-12,Somnath,5,2,2022,1,0,None,18.0,0.0,36827
2022-02-12,Dwarka,5,2,2022,1,0,None,20.2,0.0,27518
2022-02-12,Ambaji,5,2,2022,1,0,None,27.7,0.0,49746
2022-02-12,Pavagadh,5,2,2022,1,0,None,19.2,0.0,28032
2022-02-13,Somnath,6,2,2022,1,0,None,25.1,0.0,34454
2022-02-13,Dwarka,6,2,2022,1,0,None,21.6,0.0,34362
2022-02-13,Ambaji,6,2,2022,1,0,None,27.6,0.0,50505
2022-02-13,Pavagadh,6,2,2022,1,0,None,19.6,0.0,29680
2022-02-14,Somnath,0,2,2022,0,0,None,23.7,0.0,26274
2022-02-14,Dwarka,0,2,2022,0,0,None,19.5,0.0,21865
2022-02-14,Ambaji,0,2,2022,0,0,None,27.0,0.0,38100
2022-02-14,Pavagadh,0,2,2022,0,0,None,21.5,0.0,21500
2022-02-15,Somnath,1,2,2022,0,0,None,23.8,0.0,24379
2022-02-15,Dwarka,1,2,2022,0,0,None,25.7,0.0,21566
2022-02-15,Ambaji,1,2,2022,0,0,None,24.4,0.0,31660
2022-02-15,Pavagadh,1,2,2022,0,0,None,18.9,0.0,18927
2022-02-16,Somnath,2,2,2022,0,0,None,22.3,0.0,24255
2022-02-16,Dwarka,2,2,2022,0,0,None,18.2,0.0,24185
2022-02-16,Ambaji,2,2,2022,0,0,None,21.5,0.0,32209
2022-02-16,Pavagadh,2,2,2022,0,0,None,19.7,0.0,20004
2022-02-17,Somnath,3,2,2022,0,0,None,25.7,0.0,23755
2022-02-17,Dwarka,3,2,2022,0,0,None,24.8,0.0,23590
2022-02-17,Ambaji,3,2,2022,0,0,None,22.3,0.0,35519
2022-02-17,Pavagadh,3,2,2022,0,0,None,27.6,0.0,18961
2022-02-18,Somnath,4,2,2022,0,0,None,21.2,0.0,24116
2022-02-18,Dwarka,4,2,2022,0,0,None,20.4,0.0,20004
2022-02-18,Ambaji,4,2,2022,0,0,None,19.7,0.0,33989
2022-02-18,Pavagadh,4,2,2022,0,0,None,21.5,0.0,19443
2022-02-19,Somnath,5,2,2022,1,0,None,26.0,0.0,33046
2022-02-19,Dwarka,5,2,2022,1,0,None,18.7,0.0,29158
2022-02-19,Ambaji,5,2,2022,1,0,None,26.8,0.0,52642
2022-02-19,Pavagadh,5,2,2022,1,0,None,19.1,0.0,28073
2022-02-20,Somnath,6,2,2022,1,0,None,26.0,0.0,33516
2022-02-20,Dwarka,6,2,2022,1,0,None,23.4,0.0,29371
2022-02-20,Ambaji,6,2,2022,1,0,None,22.5,0.0,48182
2022-02-20,Pavagadh,6,2,2022,1,0,None,26.9,0.0,29448
2022-02-21,Somnath,0,2,2022,0,0,None,26.6,0.0,25043
2022-02-21,Dwarka,0,2,2022,0,0,None,21.1,0.0,23323
2022-02-21,Ambaji,0,2,2022,0,0,None,21.8,0.0,36956
2022-02-21,Pavagadh,0,2,2022,0,0,None,27.9,0.0,21663
2022-02-22,Somnath,1,2,2022,0,0,None,19.3,0.0,26226
2022-02-22,Dwarka,1,2,2022,0,0,None,21.5,0.0,22631
2022-02-22,Ambaji,1,2,2022,0,0,None,23.9,0.0,36863
2022-02-22,Pavagadh,1,2,2022,0,0,None,23.4,0.0,20370
2022-02-23,Somnath,2,2,2022,0,0,None,26.5,0.0,27095
2022-02-23,Dwarka,2,2,2022,0,0,None,18.7,0.0,21860
2022-02-23,Ambaji,2,2,2022,0,0,None,22.9,0.0,37362
2022-02-23,Pavagadh,2,2,2022,0,0,None,21.2,0.0,18802
2022-02-24,Somnath,3,2,2022,0,0,None,20.5,0.0,23084
2022-02-24,Dwarka,3,2,2022,0,0,None,19.9,0.0,19992
2022-02-24,Ambaji,3,2,2022,0,0,None,19.3,0.0,37423
2022-02-24,Pavagadh,3,2,2022,0,0,None,21.5,0.0,21746
2022-02-25,Somnath,4,2,2022,0,0,None,18.3,0.0,25486
2022-02-25,Dwarka,4,2,2022,0,0,None,25.9,0.0,21365
2022-02-25,Ambaji,4,2,2022,0,0,None,22.4,0.0,38270
2022-02-25,Pavagadh,4,2,2022,0,0,None,26.9,0.0,21426
2022-02-26,Somnath,5,2,2022,1,0,None,18.9,0.0,30464
2022-02-26,Dwarka,5,2,2022,1,0,None,24.3,0.0,32414
2022-02-26,Ambaji,5,2,2022,1,0,None,19.0,0.0,50154
2022-02-26,Pavagadh,5,2,2022,1,0,None,21.3,0.0,28021
2022-02-27,Somnath,6,2,2022,1,0,None,19.5,0.0,35996
2022-02-27,Dwarka,6,2,2022,1,0,None,25.1,0.0,30217
2022-02-27,Ambaji,6,2,2022,1,0,None,25.8,0.0,49172
2022-02-27,Pavagadh,6,2,2022,1,0,None,19.3,0.0,30603
2022-02-28,Somnath,0,2,2022,0,0,None,25.9,0.0,26832
2022-02-28,Dwarka,0,2,2022,0,0,None,25.2,0.0,22917
2022-02-28,Ambaji,0,2,2022,0,0,None,23.8,0.0,36476
2022-02-28,Pavagadh,0,2,2022,0,0,None,24.9,0.0,20943
2022-03-01,Somnath,1,3,2022,0,0,Maha Shivratri,38.1,0.0,321679
2022-03-01,Dwarka,1,3,2022,0,0,None,34.4,0.0,20994
2022-03-01,Ambaji,1,3,2022,0,0,None,32.0,5.0,32974
2022-03-01,Pavagadh,1,3,2022,0,0,None,39.2,1.0,20398
2022-03-02,Somnath,2,3,2022,0,0,None,40.8,1.0,26801
2022-03-02,Dwarka,2,3,2022,0,0,None,38.1,0.0,21922
2022-03-02,Ambaji,2,3,2022,0,0,None,41.3,0.0,33346
2022-03-02,Pavagadh,2,3,2022,0,0,None,37.2,0.0,18013
2022-03-03,Somnath,3,3,2022,0,0,None,40.4,0.0,24148
2022-03-03,Dwarka,3,3,2022,0,0,None,41.3,0.0,18672
2022-03-03,Ambaji,3,3,2022,0,0,None,42.3,0.0,31156
2022-03-03,Pavagadh,3,3,2022,0,0,None,41.9,0.0,20145
2022-03-04,Somnath,4,3,2022,0,0,None,34.6,0.0,23976
2022-03-04,Dwarka,4,3,2022,0,0,None,36.7,0.0,21762
2022-03-04,Ambaji,4,3,2022,0,0,None,32.1,0.0,34617
2022-03-04,Pavagadh,4,3,2022,0,0,None,39.0,0.0,20335
2022-03-05,Somnath,5,3,2022,1,0,None,35.2,1.0,32508
2022-03-05,Dwarka,5,3,2022,1,0,None,38.1,0.0,27372
2022-03-05,Ambaji,5,3,2022,1,0,None,41.1,0.0,41863
2022-03-05,Pavagadh,5,3,2022,1,0,None,38.8,0.0,24778
2022-03-06,Somnath,6,3,2022,1,0,None,38.9,0.0,38701
2022-03-06,Dwarka,6,3,2022,1,0,None,40.7,0.0,29004
2022-03-06,Ambaji,6,3,2022,1,0,None,36.3,1.0,51491
2022-03-06,Pavagadh,6,3,2022,1,0,None,33.6,1.0,29239
2022-03-07,Somnath,0,3,2022,0,0,None,36.0,0.0,27009
2022-03-07,Dwarka,0,3,2022,0,0,None,34.0,0.0,19880
2022-03-07,Ambaji,0,3,2022,0,0,None,42.1,0.0,27506
2022-03-07,Pavagadh,0,3,2022,0,0,None,38.2,0.0,20525
2022-03-08,Somnath,1,3,2022,0,0,None,35.1,0.0,25025
2022-03-08,Dwarka,1,3,2022,0,0,None,38.2,0.0,21815
2022-03-08,Ambaji,1,3,2022,0,0,None,38.5,0.0,32427
2022-03-08,Pavagadh,1,3,2022,0,0,None,34.2,0.0,20773
2022-03-09,Somnath,2,3,2022,0,0,None,37.8,0.0,26491
2022-03-09,Dwarka,2,3,2022,0,0,None,35.6,0.0,20127
2022-03-09,Ambaji,2,3,2022,0,0,None,40.2,0.0,37116
2022-03-09,Pavagadh,2,3,2022,0,0,None,41.7,0.0,18112
2022-03-10,Somnath,3,3,2022,0,0,None,35.8,1.0,27072
2022-03-10,Dwarka,3,3,2022,0,0,None,38.0,0.0,23610
2022-03-10,Ambaji,3,3,2022,0,0,None,35.6,0.0,35976
2022-03-10,Pavagadh,3,3,2022,0,0,None,32.5,0.0,21230
2022-03-11,Somnath,4,3,2022,0,0,None,35.2,1.0,27279
2022-03-11,Dwarka,4,3,2022,0,0,None,41.0,5.0,22135
2022-03-11,Ambaji,4,3,2022,0,0,None,38.3,0.0,34949
2022-03-11,Pavagadh,4,3,2022,0,0,None,36.5,0.0,20630
2022-03-12,Somnath,5,3,2022,1,0,None,40.3,0.0,37493
2022-03-12,Dwarka,5,3,2022,1,0,None,37.3,0.0,29047
2022-03-12,Ambaji,5,3,2022,1,0,None,42.9,0.0,48587
2022-03-12,Pavagadh,5,3,2022,1,0,None,32.6,0.0,26401
2022-03-13,Somnath,6,3,2022,1,0,None,37.1,0.0,34837
2022-03-13,Dwarka,6,3,2022,1,0,None,35.3,0.0,28273
2022-03-13,Ambaji,6,3,2022,1,0,None,40.3,0.0,44426
2022-03-13,Pavagadh,6,3,2022,1,0,None,39.0,0.0,31317
2022-03-14,Somnath,0,3,2022,0,0,None,36.7,0.0,23148
2022-03-14,Dwarka,0,3,2022,0,0,None,38.9,0.0,22781
2022-03-14,Ambaji,0,3,2022,0,0,None,34.6,0.0,33544
2022-03-14,Pavagadh,0,3,2022,0,0,None,40.8,0.0,20433
2022-03-15,Somnath,1,3,2022,0,0,None,32.6,0.0,22819
2022-03-15,Dwarka,1,3,2022,0,0,None,33.9,0.0,21325
2022-03-15,Ambaji,1,3,2022,0,0,None,35.8,0.0,33079
2022-03-15,Pavagadh,1,3,2022,0,0,None,33.0,0.0,20749
2022-03-16,Somnath,2,3,2022,0,0,None,35.2,0.0,26380
2022-03-16,Dwarka,2,3,2022,0,0,None,35.8,0.0,20445
2022-03-16,Ambaji,2,3,2022,0,0,None,32.3,5.0,33598
2022-03-16,Pavagadh,2,3,2022,0,0,None,35.1,1.0,20912
2022-03-17,Somnath,3,3,2022,0,0,None,38.4,0.0,26049
2022-03-17,Dwarka,3,3,2022,0,0,None,40.4,0.0,21616
2022-03-17,Ambaji,3,3,2022,0,0,None,35.2,0.0,34388
2022-03-17,Pavagadh,3,3,2022,0,0,None,38.8,0.0,19220
2022-03-18,Somnath,4,3,2022,0,0,None,39.0,0.0,26843
2022-03-18,Dwarka,4,3,2022,0,0,None,40.7,1.0,22427
2022-03-18,Ambaji,4,3,2022,0,0,None,39.7,0.0,37379
2022-03-18,Pavagadh,4,3,2022,0,0,None,39.9,0.0,19092
2022-03-19,Somnath,5,3,2022,1,0,None,41.6,0.0,30528
2022-03-19,Dwarka,5,3,2022,1,0,None,36.7,0.0,31129
2022-03-19,Ambaji,5,3,2022,1,0,None,39.6,0.0,48238
2022-03-19,Pavagadh,5,3,2022,1,0,None,40.4,0.0,27500
2022-03-20,Somnath,6,3,2022,1,0,None,39.1,0.0,40240
2022-03-20,Dwarka,6,3,2022,1,0,None,35.3,0.0,29701
2022-03-20,Ambaji,6,3,2022,1,0,None,39.5,0.0,52558
2022-03-20,Pavagadh,6,3,2022,1,0,None,42.9,0.0,25248
2022-03-21,Somnath,0,3,2022,0,0,None,35.7,0.0,25092
2022-03-21,Dwarka,0,3,2022,0,0,None,36.4,1.0,20210
2022-03-21,Ambaji,0,3,2022,0,0,None,37.2,0.0,35759
2022-03-21,Pavagadh,0,3,2022,0,0,None,34.9,0.0,20834
2022-03-22,Somnath,1,3,2022,0,0,None,38.4,0.0,23780
2022-03-22,Dwarka,1,3,2022,0,0,None,41.2,0.0,18881
2022-03-22,Ambaji,1,3,2022,0,0,None,36.2,0.0,35389
2022-03-22,Pavagadh,1,3,2022,0,0,None,34.7,0.0,21527
2022-03-23,Somnath,2,3,2022,0,0,None,34.3,0.0,26876
2022-03-23,Dwarka,2,3,2022,0,0,None,36.0,0.0,20772
2022-03-23,Ambaji,2,3,2022,0,0,None,36.7,0.0,36161
2022-03-23,Pavagadh,2,3,2022,0,0,None,37.5,0.0,19250
2022-03-24,Somnath,3,3,2022,0,0,None,37.6,0.0,27172
2022-03-24,Dwarka,3,3,2022,0,0,None,37.7,0.0,21000
2022-03-24,Ambaji,3,3,2022,0,0,None,32.9,0.0,35181
2022-03-24,Pavagadh,3,3,2022,0,0,None,35.7,1.0,18685
2022-03-25,Somnath,4,3,2022,0,0,None,40.7,0.0,23617
2022-03-25,Dwarka,4,3,2022,0,0,None,42.7,0.0,20879
2022-03-25,Ambaji,4,3,2022,0,0,None,42.9,0.0,27486
2022-03-25,Pavagadh,4,3,2022,0,0,None,39.3,0.0,20992
2022-03-26,Somnath,5,3,2022,1,0,None,33.2,1.0,36310
2022-03-26,Dwarka,5,3,2022,1,0,None,32.4,1.0,31469
2022-03-26,Ambaji,5,3,2022,1,0,None,42.4,1.0,46465
2022-03-26,Pavagadh,5,3,2022,1,0,None,32.2,0.0,28109
2022-03-27,Somnath,6,3,2022,1,0,None,39.7,0.0,39219
2022-03-27,Dwarka,6,3,2022,1,0,None,39.0,1.0,30385
2022-03-27,Ambaji,6,3,2022,1,0,None,40.8,1.0,50911
2022-03-27,Pavagadh,6,3,2022,1,0,None,32.3,0.0,30785
2022-03-28,Somnath,0,3,2022,0,0,None,40.1,0.0,25754
2022-03-28,Dwarka,0,3,2022,0,0,None,39.7,0.0,22421
2022-03-28,Ambaji,0,3,2022,0,0,None,41.3,0.0,28476
2022-03-28,Pavagadh,0,3,2022,0,0,None,39.6,0.0,19924
2022-03-29,Somnath,1,3,2022,0,0,None,34.3,0.0,24916
2022-03-29,Dwarka,1,3,2022,0,0,None,36.7,0.0,20718
2022-03-29,Ambaji,1,3,2022,0,0,None,42.4,0.0,34427
2022-03-29,Pavagadh,1,3,2022,0,0,None,33.9,0.0,21955
2022-03-30,Somnath,2,3,2022,0,0,None,39.1,0.0,24788
2022-03-30,Dwarka,2,3,2022,0,0,None,37.2,0.0,23831
2022-03-30,Ambaji,2,3,2022,0,0,None,32.9,0.0,33589
2022-03-30,Pavagadh,2,3,2022,0,0,None,43.0,0.0,18482
2022-03-31,Somnath,3,3,2022,0,0,None,39.9,0.0,27058
2022-03-31,Dwarka,3,3,2022,0,0,None,37.0,0.0,20925
2022-03-31,Ambaji,3,3,2022,0,0,None,39.6,0.0,31720
2022-03-31,Pavagadh,3,3,2022,0,0,None,36.5,0.0,18607
2022-04-01,Somnath,4,4,2022,0,0,None,34.0,0.0,24213
2022-04-01,Dwarka,4,4,2022,0,0,None,36.8,0.0,20416
2022-04-01,Ambaji,4,4,2022,0,0,None,34.0,0.0,32639
2022-04-01,Pavagadh,4,4,2022,0,0,None,39.3,0.0,21872
2022-04-02,Somnath,5,4,2022,1,0,None,32.7,0.0,31498
2022-04-02,Dwarka,5,4,2022,1,0,None,34.9,0.0,29157
2022-04-02,Ambaji,5,4,2022,1,0,None,42.1,0.0,47489
2022-04-02,Pavagadh,5,4,2022,1,0,None,32.9,0.0,25884
2022-04-03,Somnath,6,4,2022,1,0,None,34.9,0.0,32623
2022-04-03,Dwarka,6,4,2022,1,0,None,36.2,0.0,32492
2022-04-03,Ambaji,6,4,2022,1,0,None,39.5,0.0,55340
2022-04-03,Pavagadh,6,4,2022,1,0,None,33.7,0.0,27217
2022-04-04,Somnath,0,4,2022,0,0,None,33.4,0.0,27377
2022-04-04,Dwarka,0,4,2022,0,0,None,35.8,0.0,19828
2022-04-04,Ambaji,0,4,2022,0,0,None,39.9,0.0,32221
2022-04-04,Pavagadh,0,4,2022,0,0,None,42.7,0.0,20142
2022-04-05,Somnath,1,4,2022,0,0,None,36.5,0.0,23531
2022-04-05,Dwarka,1,4,2022,0,0,None,39.7,0.0,20355
2022-04-05,Ambaji,1,4,2022,0,0,None,36.7,0.0,34733
2022-04-05,Pavagadh,1,4,2022,0,0,None,37.8,0.0,18401
2022-04-06,Somnath,2,4,2022,0,0,None,34.0,0.0,25790
2022-04-06,Dwarka,2,4,2022,0,0,None,32.3,0.0,23253
2022-04-06,Ambaji,2,4,2022,0,0,None,32.8,0.0,33785
2022-04-06,Pavagadh,2,4,2022,0,0,None,42.1,0.0,19042
2022-04-07,Somnath,3,4,2022,0,0,None,35.6,0.0,22665
2022-04-07,Dwarka,3,4,2022,0,0,None,42.8,0.0,18330
2022-04-07,Ambaji,3,4,2022,0,0,None,32.8,0.0,33495
2022-04-07,Pavagadh,3,4,2022,0,0,None,38.9,0.0,21354
2022-04-08,Somnath,4,4,2022,0,0,None,35.1,0.0,26386
2022-04-08,Dwarka,4,4,2022,0,0,None,37.4,0.0,20377
2022-04-08,Ambaji,4,4,2022,0,0,None,40.1,1.0,33823
2022-04-08,Pavagadh,4,4,2022,0,0,None,36.0,0.0,20565
2022-04-09,Somnath,5,4,2022,1,0,None,38.1,0.0,38649
2022-04-09,Dwarka,5,4,2022,1,0,None,42.0,0.0,28101
2022-04-09,Ambaji,5,4,2022,1,0,None,39.2,0.0,44130
2022-04-09,Pavagadh,5,4,2022,1,0,None,32.2,0.0,29726
2022-04-10,Somnath,6,4,2022,1,0,None,36.6,0.0,32986
2022-04-10,Dwarka,6,4,2022,1,0,None,33.0,0.0,27079
2022-04-10,Ambaji,6,4,2022,1,0,None,34.4,0.0,43472
2022-04-10,Pavagadh,6,4,2022,1,0,None,42.4,0.0,22971
2022-04-11,Somnath,0,4,2022,0,0,None,37.9,0.0,23621
2022-04-11,Dwarka,0,4,2022,0,0,None,42.2,0.0,18685
2022-04-11,Ambaji,0,4,2022,0,0,None,33.5,0.0,37956
2022-04-11,Pavagadh,0,4,2022,0,0,None,32.5,5.0,18831
2022-04-12,Somnath,1,4,2022,0,0,None,36.5,0.0,25423
2022-04-12,Dwarka,1,4,2022,0,0,None,37.3,0.0,22187
2022-04-12,Ambaji,1,4,2022,0,0,None,36.4,0.0,31675
2022-04-12,Pavagadh,1,4,2022,0,0,None,38.0,0.0,19744
2022-04-13,Somnath,2,4,2022,0,0,None,40.7,0.0,27179
2022-04-13,Dwarka,2,4,2022,0,0,None,41.8,0.0,19797
2022-04-13,Ambaji,2,4,2022,0,0,None,41.7,0.0,35686
2022-04-13,Pavagadh,2,4,2022,0,0,None,37.2,0.0,19779
2022-04-14,Somnath,3,4,2022,0,0,None,38.2,0.0,23297
2022-04-14,Dwarka,3,4,2022,0,0,None,40.2,0.0,22350
2022-04-14,Ambaji,3,4,2022,0,0,None,41.5,0.0,31456
2022-04-14,Pavagadh,3,4,2022,0,0,None,34.7,0.0,19466
2022-04-15,Somnath,4,4,2022,0,0,None,38.4,0.0,22706
2022-04-15,Dwarka,4,4,2022,0,0,None,33.9,0.0,21861
2022-04-15,Ambaji,4,4,2022,0,0,None,38.5,0.0,32133
2022-04-15,Pavagadh,4,4,2022,0,0,None,37.3,0.0,20512
2022-04-16,Somnath,5,4,2022,1,0,None,33.2,0.0,35788
2022-04-16,Dwarka,5,4,2022,1,0,None,38.8,0.0,32802
2022-04-16,Ambaji,5,4,2022,1,0,None,42.6,0.0,46997
2022-04-16,Pavagadh,5,4,2022,1,0,None,40.1,0.0,29594
2022-04-17,Somnath,6,4,2022,1,0,None,37.0,0.0,35361
2022-04-17,Dwarka,6,4,2022,1,0,None,36.5,0.0,31536
2022-04-17,Ambaji,6,4,2022,1,0,None,32.3,0.0,46311
2022-04-17,Pavagadh,6,4,2022,1,0,None,36.5,0.0,28118
2022-04-18,Somnath,0,4,2022,0,0,None,40.4,0.0,25838
2022-04-18,Dwarka,0,4,2022,0,0,None,38.7,0.0,21887
2022-04-18,Ambaji,0,4,2022,0,0,None,35.0,0.0,34099
2022-04-18,Pavagadh,0,4,2022,0,0,None,34.4,0.0,21053
2022-04-19,Somnath,1,4,2022,0,0,None,37.2,0.0,26659
2022-04-19,Dwarka,1,4,2022,0,0,None,41.7,0.0,19964
2022-04-19,Ambaji,1,4,2022,0,0,None,32.6,0.0,36976
2022-04-19,Pavagadh,1,4,2022,0,0,None,36.4,0.0,18115
2022-04-20,Somnath,2,4,2022,0,0,None,39.0,0.0,24819
2022-04-20,Dwarka,2,4,2022,0,0,None,36.2,0.0,22036
2022-04-20,Ambaji,2,4,2022,0,0,None,37.1,0.0,33263
2022-04-20,Pavagadh,2,4,2022,0,0,None,34.4,0.0,20808
2022-04-21,Somnath,3,4,2022,0,0,None,40.5,0.0,23620
2022-04-21,Dwarka,3,4,2022,0,0,None,38.3,0.0,23725
2022-04-21,Ambaji,3,4,2022,0,0,None,41.2,0.0,35226
2022-04-21,Pavagadh,3,4,2022,0,0,None,32.6,0.0,20146
2022-04-22,Somnath,4,4,2022,0,0,None,34.6,0.0,26929
2022-04-22,Dwarka,4,4,2022,0,0,None,41.5,1.0,19411
2022-04-22,Ambaji,4,4,2022,0,0,None,39.3,0.0,31793
2022-04-22,Pavagadh,4,4,2022,0,0,None,39.9,0.0,18196
2022-04-23,Somnath,5,4,2022,1,0,None,32.2,1.0,33408
2022-04-23,Dwarka,5,4,2022,1,0,None,42.5,0.0,24043
2022-04-23,Ambaji,5,4,2022,1,0,None,33.0,0.0,49224
2022-04-23,Pavagadh,5,4,2022,1,0,None,37.6,0.0,25651
2022-04-24,Somnath,6,4,2022,1,0,None,35.8,0.0,34719
2022-04-24,Dwarka,6,4,2022,1,0,None,32.6,0.0,31301
2022-04-24,Ambaji,6,4,2022,1,0,None,41.6,0.0,49886
2022-04-24,Pavagadh,6,4,2022,1,0,None,38.7,0.0,29911
2022-04-25,Somnath,0,4,2022,0,0,None,41.5,0.0,22498
2022-04-25,Dwarka,0,4,2022,0,0,None,33.6,0.0,24100
2022-04-25,Ambaji,0,4,2022,0,0,None,40.7,0.0,36003
2022-04-25,Pavagadh,0,4,2022,0,0,None,35.8,0.0,18898
2022-04-26,Somnath,1,4,2022,0,0,None,32.1,0.0,26559
2022-04-26,Dwarka,1,4,2022,0,0,None,35.0,0.0,21277
2022-04-26,Ambaji,1,4,2022,0,0,None,35.2,0.0,33348
2022-04-26,Pavagadh,1,4,2022,0,0,None,35.7,1.0,19339
2022-04-27,Somnath,2,4,2022,0,0,None,40.6,0.0,24187
2022-04-27,Dwarka,2,4,2022,0,0,None,41.0,0.0,19837
2022-04-27,Ambaji,2,4,2022,0,0,None,32.8,0.0,34625
2022-04-27,Pavagadh,2,4,2022,0,0,None,36.5,0.0,18629
2022-04-28,Somnath,3,4,2022,0,0,None,40.8,0.0,25300
2022-04-28,Dwarka,3,4,2022,0,0,None,35.2,1.0,22545
2022-04-28,Ambaji,3,4,2022,0,0,None,40.8,0.0,34652
2022-04-28,Pavagadh,3,4,2022,0,0,None,41.6,0.0,19035
2022-04-29,Somnath,4,4,2022,0,0,None,33.7,0.0,23062
2022-04-29,Dwarka,4,4,2022,0,0,None,40.0,5.0,24015
2022-04-29,Ambaji,4,4,2022,0,0,None,40.8,0.0,36223
2022-04-29,Pavagadh,4,4,2022,0,0,None,40.0,0.0,18409
2022-04-30,Somnath,5,4,2022,1,0,None,38.6,0.0,36967
2022-04-30,Dwarka,5,4,2022,1,0,None,34.8,0.0,35106
2022-04-30,Ambaji,5,4,2022,1,0,None,33.3,0.0,50394
2022-04-30,Pavagadh,5,4,2022,1,0,None,40.6,0.0,27108
2022-05-01,Somnath,6,5,2022,1,0,None,33.0,0.0,33944
2022-05-01,Dwarka,6,5,2022,1,0,None,33.2,0.0,33707
2022-05-01,Ambaji,6,5,2022,1,0,None,38.9,5.0,47583
2022-05-01,Pavagadh,6,5,2022,1,0,None,32.3,0.0,28156
2022-05-02,Somnath,0,5,2022,0,0,None,35.4,0.0,26117
2022-05-02,Dwarka,0,5,2022,0,0,None,42.0,0.0,19234
2022-05-02,Ambaji,0,5,2022,0,0,None,40.1,1.0,32531
2022-05-02,Pavagadh,0,5,2022,0,0,None,36.8,0.0,19553
2022-05-03,Somnath,1,5,2022,0,0,None,40.3,0.0,27343
2022-05-03,Dwarka,1,5,2022,0,0,None,34.0,0.0,21776
2022-05-03,Ambaji,1,5,2022,0,0,None,42.1,0.0,33077
2022-05-03,Pavagadh,1,5,2022,0,0,None,38.9,0.0,21410
2022-05-04,Somnath,2,5,2022,0,0,None,38.2,0.0,25744
2022-05-04,Dwarka,2,5,2022,0,0,None,36.0,0.0,23353
2022-05-04,Ambaji,2,5,2022,0,0,None,35.2,0.0,35760
2022-05-04,Pavagadh,2,5,2022,0,0,None,35.9,0.0,20581
2022-05-05,Somnath,3,5,2022,0,0,None,39.8,0.0,23298
2022-05-05,Dwarka,3,5,2022,0,0,None,42.4,0.0,19441
2022-05-05,Ambaji,3,5,2022,0,0,None,32.3,0.0,33772
2022-05-05,Pavagadh,3,5,2022,0,0,None,42.8,0.0,15539
2022-05-06,Somnath,4,5,2022,0,0,None,34.4,0.0,25027
2022-05-06,Dwarka,4,5,2022,0,0,None,35.9,0.0,20828
2022-05-06,Ambaji,4,5,2022,0,0,None,34.0,0.0,36959
2022-05-06,Pavagadh,4,5,2022,0,0,None,40.5,1.0,21536
2022-05-07,Somnath,5,5,2022,1,0,None,37.5,0.0,37903
2022-05-07,Dwarka,5,5,2022,1,0,None,35.2,0.0,35269
2022-05-07,Ambaji,5,5,2022,1,0,None,35.1,1.0,49554
2022-05-07,Pavagadh,5,5,2022,1,0,None,41.9,0.0,23052
2022-05-08,Somnath,6,5,2022,1,0,None,39.4,1.0,34394
2022-05-08,Dwarka,6,5,2022,1,0,None,42.1,1.0,24937
2022-05-08,Ambaji,6,5,2022,1,0,None,35.7,0.0,53239
2022-05-08,Pavagadh,6,5,2022,1,0,None,32.4,0.0,27254
2022-05-09,Somnath,0,5,2022,0,0,None,32.9,0.0,25706
2022-05-09,Dwarka,0,5,2022,0,0,None,35.9,0.0,23690
2022-05-09,Ambaji,0,5,2022,0,0,None,42.9,0.0,30176
2022-05-09,Pavagadh,0,5,2022,0,0,None,41.2,0.0,18574
2022-05-10,Somnath,1,5,2022,0,0,None,38.0,0.0,24852
2022-05-10,Dwarka,1,5,2022,0,0,None,41.3,0.0,18914
2022-05-10,Ambaji,1,5,2022,0,0,None,37.5,0.0,37158
2022-05-10,Pavagadh,1,5,2022,0,0,None,38.2,0.0,20056
2022-05-11,Somnath,2,5,2022,0,0,None,34.5,0.0,26841
2022-05-11,Dwarka,2,5,2022,0,0,None,32.6,0.0,20080
2022-05-11,Ambaji,2,5,2022,0,0,None,36.7,0.0,31639
2022-05-11,Pavagadh,2,5,2022,0,0,None,37.7,0.0,21094
2022-05-12,Somnath,3,5,2022,0,0,None,41.1,0.0,21160
2022-05-12,Dwarka,3,5,2022,0,0,None,41.3,0.0,21104
2022-05-12,Ambaji,3,5,2022,0,0,None,42.7,0.0,35696
2022-05-12,Pavagadh,3,5,2022,0,0,None,39.7,0.0,21811
2022-05-13,Somnath,4,5,2022,0,0,None,41.6,0.0,20540
2022-05-13,Dwarka,4,5,2022,0,0,None,42.5,0.0,18440
2022-05-13,Ambaji,4,5,2022,0,0,None,42.8,0.0,31221
2022-05-13,Pavagadh,4,5,2022,0,0,None,33.1,0.0,20370
2022-05-14,Somnath,5,5,2022,1,0,None,37.6,0.0,32311
2022-05-14,Dwarka,5,5,2022,1,0,None,42.4,0.0,23040
2022-05-14,Ambaji,5,5,2022,1,0,None,34.0,0.0,48359
2022-05-14,Pavagadh,5,5,2022,1,0,None,36.8,1.0,28785
2022-05-15,Somnath,6,5,2022,1,0,None,33.7,0.0,32931
2022-05-15,Dwarka,6,5,2022,1,0,None,41.9,0.0,25963
2022-05-15,Ambaji,6,5,2022,1,0,None,40.1,0.0,53867
2022-05-15,Pavagadh,6,5,2022,1,0,None,35.6,0.0,25428
2022-05-16,Somnath,0,5,2022,0,0,None,32.0,1.0,24704
2022-05-16,Dwarka,0,5,2022,0,0,None,32.1,0.0,21068
2022-05-16,Ambaji,0,5,2022,0,0,None,32.2,0.0,31940
2022-05-16,Pavagadh,0,5,2022,0,0,None,32.4,0.0,21627
2022-05-17,Somnath,1,5,2022,0,0,None,36.5,0.0,22646
2022-05-17,Dwarka,1,5,2022,0,0,None,40.6,0.0,23489
2022-05-17,Ambaji,1,5,2022,0,0,None,41.7,0.0,33023
2022-05-17,Pavagadh,1,5,2022,0,0,None,34.9,0.0,19758
2022-05-18,Somnath,2,5,2022,0,0,None,32.1,0.0,25755
2022-05-18,Dwarka,2,5,2022,0,0,None,32.2,0.0,22671
2022-05-18,Ambaji,2,5,2022,0,0,None,33.7,0.0,38250
2022-05-18,Pavagadh,2,5,2022,0,0,None,41.7,0.0,16368
2022-05-19,Somnath,3,5,2022,0,0,None,32.4,0.0,27201
2022-05-19,Dwarka,3,5,2022,0,0,None,42.5,0.0,18083
2022-05-19,Ambaji,3,5,2022,0,0,None,38.6,0.0,34472
2022-05-19,Pavagadh,3,5,2022,0,0,None,39.6,0.0,21132
2022-05-20,Somnath,4,5,2022,0,0,None,37.5,0.0,22627
2022-05-20,Dwarka,4,5,2022,0,0,None,39.5,0.0,20990
2022-05-20,Ambaji,4,5,2022,0,0,None,33.0,0.0,38444
2022-05-20,Pavagadh,4,5,2022,0,0,None,36.6,1.0,18651
2022-05-21,Somnath,5,5,2022,1,0,None,34.2,0.0,35233
2022-05-21,Dwarka,5,5,2022,1,0,None,36.6,0.0,30940
2022-05-21,Ambaji,5,5,2022,1,0,None,35.5,0.0,49051
2022-05-21,Pavagadh,5,5,2022,1,0,None,35.0,0.0,27585
2022-05-22,Somnath,6,5,2022,1,0,None,40.8,0.0,38371
2022-05-22,Dwarka,6,5,2022,1,0,None,38.7,0.0,29319
2022-05-22,Ambaji,6,5,2022,1,0,None,39.6,1.0,48288
2022-05-22,Pavagadh,6,5,2022,1,0,None,35.5,0.0,26554
2022-05-23,Somnath,0,5,2022,0,0,None,34.5,0.0,26151
2022-05-23,Dwarka,0,5,2022,0,0,None,41.2,1.0,20771
2022-05-23,Ambaji,0,5,2022,0,0,None,39.3,1.0,33404
2022-05-23,Pavagadh,0,5,2022,0,0,None,35.0,0.0,21713
2022-05-24,Somnath,1,5,2022,0,0,None,41.1,0.0,23185
2022-05-24,Dwarka,1,5,2022,0,0,None,40.8,0.0,22777
2022-05-24,Ambaji,1,5,2022,0,0,None,32.5,0.0,34848
2022-05-24,Pavagadh,1,5,2022,0,0,None,42.6,0.0,20016
2022-05-25,Somnath,2,5,2022,0,0,None,33.0,0.0,25780
2022-05-25,Dwarka,2,5,2022,0,0,None,35.5,0.0,23727
2022-05-25,Ambaji,2,5,2022,0,0,None,38.4,0.0,33676
2022-05-25,Pavagadh,2,5,2022,0,0,None,32.8,0.0,18693
2022-05-26,Somnath,3,5,2022,0,0,None,41.4,0.0,20546
2022-05-26,Dwarka,3,5,2022,0,0,None,38.8,0.0,22057
2022-05-26,Ambaji,3,5,2022,0,0,None,42.0,0.0,32903
2022-05-26,Pavagadh,3,5,2022,0,0,None,35.5,0.0,18723
2022-05-27,Somnath,4,5,2022,0,0,None,42.4,1.0,22045
2022-05-27,Dwarka,4,5,2022,0,0,None,33.5,0.0,20615
2022-05-27,Ambaji,4,5,2022,0,0,None,32.5,0.0,33777
2022-05-27,Pavagadh,4,5,2022,0,0,None,33.2,0.0,21049
2022-05-28,Somnath,5,5,2022,1,0,None,39.5,1.0,32346
2022-05-28,Dwarka,5,5,2022,1,0,None,32.7,0.0,29187
2022-05-28,Ambaji,5,5,2022,1,0,None,32.2,0.0,45517
2022-05-28,Pavagadh,5,5,2022,1,0,None,39.4,0.0,30051
2022-05-29,Somnath,6,5,2022,1,0,None,39.9,0.0,36247
2022-05-29,Dwarka,6,5,2022,1,0,None,32.3,0.0,30603
2022-05-29,Ambaji,6,5,2022,1,0,None,32.6,0.0,50276
2022-05-29,Pavagadh,6,5,2022,1,0,None,34.2,0.0,28629
2022-05-30,Somnath,0,5,2022,0,0,None,38.3,0.0,24835
2022-05-30,Dwarka,0,5,2022,0,0,None,40.6,0.0,21544
2022-05-30,Ambaji,0,5,2022,0,0,None,42.5,0.0,28879
2022-05-30,Pavagadh,0,5,2022,0,0,None,32.2,0.0,18185
2022-05-31,Somnath,1,5,2022,0,0,None,33.7,0.0,22603
2022-05-31,Dwarka,1,5,2022,0,0,None,40.3,0.0,21610
2022-05-31,Ambaji,1,5,2022,0,0,None,42.8,0.0,30362
2022-05-31,Pavagadh,1,5,2022,0,0,None,41.2,1.0,18124
2022-06-01,Somnath,2,6,2022,0,0,None,40.2,0.0,24875
2022-06-01,Dwarka,2,6,2022,0,0,None,33.1,0.0,20070
2022-06-01,Ambaji,2,6,2022,0,0,None,38.2,0.0,37912
2022-06-01,Pavagadh,2,6,2022,0,0,None,38.0,0.0,18237
2022-06-02,Somnath,3,6,2022,0,0,None,41.7,0.0,20851
2022-06-02,Dwarka,3,6,2022,0,0,None,37.4,0.0,19933
2022-06-02,Ambaji,3,6,2022,0,0,None,40.5,0.0,33832
2022-06-02,Pavagadh,3,6,2022,0,0,None,40.9,0.0,18013
2022-06-03,Somnath,4,6,2022,0,0,None,42.4,0.0,24802
2022-06-03,Dwarka,4,6,2022,0,0,None,33.8,0.0,19976
2022-06-03,Ambaji,4,6,2022,0,0,None,35.9,0.0,33159
2022-06-03,Pavagadh,4,6,2022,0,0,None,33.3,0.0,20147
2022-06-04,Somnath,5,6,2022,1,0,None,39.4,0.0,38464
2022-06-04,Dwarka,5,6,2022,1,0,None,34.5,0.0,32974
2022-06-04,Ambaji,5,6,2022,1,0,None,36.8,1.0,53106
2022-06-04,Pavagadh,5,6,2022,1,0,None,37.4,0.0,26946
2022-06-05,Somnath,6,6,2022,1,0,None,41.9,0.0,29814
2022-06-05,Dwarka,6,6,2022,1,0,None,39.5,0.0,34248
2022-06-05,Ambaji,6,6,2022,1,0,None,33.6,0.0,51031
2022-06-05,Pavagadh,6,6,2022,1,0,None,37.7,0.0,28387
2022-06-06,Somnath,0,6,2022,0,0,None,32.2,0.0,25133
2022-06-06,Dwarka,0,6,2022,0,0,None,42.3,5.0,19805
2022-06-06,Ambaji,0,6,2022,0,0,None,37.2,0.0,32194
2022-06-06,Pavagadh,0,6,2022,0,0,None,38.4,0.0,19047
2022-06-07,Somnath,1,6,2022,0,0,None,36.6,0.0,27039
2022-06-07,Dwarka,1,6,2022,0,0,None,33.5,0.0,23841
2022-06-07,Ambaji,1,6,2022,0,0,None,32.4,0.0,35976
2022-06-07,Pavagadh,1,6,2022,0,0,None,36.2,0.0,21419
2022-06-08,Somnath,2,6,2022,0,0,None,33.8,0.0,25061
2022-06-08,Dwarka,2,6,2022,0,0,None,36.5,0.0,23851
2022-06-08,Ambaji,2,6,2022,0,0,None,42.1,0.0,28725
2022-06-08,Pavagadh,2,6,2022,0,0,None,42.2,0.0,18982
2022-06-09,Somnath,3,6,2022,0,0,None,37.6,0.0,24689
2022-06-09,Dwarka,3,6,2022,0,0,None,38.9,0.0,22639
2022-06-09,Ambaji,3,6,2022,0,0,None,33.3,0.0,36634
2022-06-09,Pavagadh,3,6,2022,0,0,None,41.7,0.0,17574
2022-06-10,Somnath,4,6,2022,0,0,None,38.0,0.0,25241
2022-06-10,Dwarka,4,6,2022,0,0,None,42.7,0.0,20977
2022-06-10,Ambaji,4,6,2022,0,0,None,34.3,0.0,35194
2022-06-10,Pavagadh,4,6,2022,0,0,None,37.5,1.0,19170
2022-06-11,Somnath,5,6,2022,1,0,None,32.6,1.0,32772
2022-06-11,Dwarka,5,6,2022,1,0,None,37.8,1.0,30631
2022-06-11,Ambaji,5,6,2022,1,0,None,38.4,1.0,47834
2022-06-11,Pavagadh,5,6,2022,1,0,None,40.8,0.0,29667
2022-06-12,Somnath,6,6,2022,1,0,None,36.8,0.0,33458
2022-06-12,Dwarka,6,6,2022,1,0,None,34.8,0.0,33464
2022-06-12,Ambaji,6,6,2022,1,0,None,37.0,0.0,54696
2022-06-12,Pavagadh,6,6,2022,1,0,None,32.8,0.0,27140
2022-06-13,Somnath,0,6,2022,0,0,None,35.6,0.0,26471
2022-06-13,Dwarka,0,6,2022,0,0,None,37.4,0.0,21695
2022-06-13,Ambaji,0,6,2022,0,0,None,34.5,1.0,33724
2022-06-13,Pavagadh,0,6,2022,0,0,None,38.2,0.0,19736
2022-06-14,Somnath,1,6,2022,0,0,None,41.9,5.0,20621
2022-06-14,Dwarka,1,6,2022,0,0,None,35.5,0.0,22635
2022-06-14,Ambaji,1,6,2022,0,0,None,37.5,0.0,36409
2022-06-14,Pavagadh,1,6,2022,0,0,None,34.8,0.0,21389
2022-06-15,Somnath,2,6,2022,0,0,None,38.6,1.0,26414
2022-06-15,Dwarka,2,6,2022,0,0,None,38.5,1.0,22441
2022-06-15,Ambaji,2,6,2022,0,0,None,37.7,0.0,37680
2022-06-15,Pavagadh,2,6,2022,0,0,None,33.3,0.0,20149
2022-06-16,Somnath,3,6,2022,0,0,None,38.1,0.0,25028
2022-06-16,Dwarka,3,6,2022,0,0,None,34.8,0.0,22693
2022-06-16,Ambaji,3,6,2022,0,0,None,41.4,0.0,33349
2022-06-16,Pavagadh,3,6,2022,0,0,None,36.2,0.0,18010
2022-06-17,Somnath,4,6,2022,0,0,None,38.5,0.0,25169
2022-06-17,Dwarka,4,6,2022,0,0,None,38.9,0.0,22813
2022-06-17,Ambaji,4,6,2022,0,0,None,35.7,0.0,33831
2022-06-17,Pavagadh,4,6,2022,0,0,None,37.2,0.0,21353
2022-06-18,Somnath,5,6,2022,1,0,None,37.3,0.0,36259
2022-06-18,Dwarka,5,6,2022,1,0,None,35.8,0.0,29796
2022-06-18,Ambaji,5,6,2022,1,0,None,34.3,0.0,43635
2022-06-18,Pavagadh,5,6,2022,1,0,None,38.4,0.0,26239
2022-06-19,Somnath,6,6,2022,1,0,None,38.9,0.0,35969
2022-06-19,Dwarka,6,6,2022,1,0,None,39.4,0.0,26779
2022-06-19,Ambaji,6,6,2022,1,0,None,33.1,0.0,45430
2022-06-19,Pavagadh,6,6,2022,1,0,None,42.3,0.0,27324
2022-06-20,Somnath,0,6,2022,0,0,None,40.8,1.0,25139
2022-06-20,Dwarka,0,6,2022,0,0,None,40.7,0.0,20133
2022-06-20,Ambaji,0,6,2022,0,0,None,33.3,1.0,31928
2022-06-20,Pavagadh,0,6,2022,0,0,None,33.1,1.0,18429
2022-06-21,Somnath,1,6,2022,0,0,None,41.6,0.0,19308
2022-06-21,Dwarka,1,6,2022,0,0,None,37.9,5.0,23666
2022-06-21,Ambaji,1,6,2022,0,0,None,35.4,0.0,34215
2022-06-21,Pavagadh,1,6,2022,0,0,None,40.1,0.0,18591
2022-06-22,Somnath,2,6,2022,0,0,None,40.2,0.0,22883
2022-06-22,Dwarka,2,6,2022,0,0,None,40.7,0.0,21953
2022-06-22,Ambaji,2,6,2022,0,0,None,39.4,0.0,36038
2022-06-22,Pavagadh,2,6,2022,0,0,None,41.5,0.0,18736
2022-06-23,Somnath,3,6,2022,0,0,None,37.8,0.0,24178
2022-06-23,Dwarka,3,6,2022,0,0,None,39.6,0.0,21586
2022-06-23,Ambaji,3,6,2022,0,0,None,40.4,0.0,36252
2022-06-23,Pavagadh,3,6,2022,0,0,None,37.4,0.0,19362
2022-06-24,Somnath,4,6,2022,0,0,None,33.9,0.0,24457
2022-06-24,Dwarka,4,6,2022,0,0,None,36.8,0.0,21795
2022-06-24,Ambaji,4,6,2022,0,0,None,40.8,0.0,32827
2022-06-24,Pavagadh,4,6,2022,0,0,None,35.0,0.0,21782
2022-06-25,Somnath,5,6,2022,1,0,None,41.8,0.0,35115
2022-06-25,Dwarka,5,6,2022,1,0,None,37.4,0.0,31237
2022-06-25,Ambaji,5,6,2022,1,0,None,40.6,0.0,50368
2022-06-25,Pavagadh,5,6,2022,1,0,None,41.3,0.0,22675
2022-06-26,Somnath,6,6,2022,1,0,None,35.1,0.0,39727
2022-06-26,Dwarka,6,6,2022,1,0,None,33.3,0.0,30501
2022-06-26,Ambaji,6,6,2022,1,0,None,41.6,0.0,46144
2022-06-26,Pavagadh,6,6,2022,1,0,None,35.2,0.0,30798
2022-06-27,Somnath,0,6,2022,0,0,None,38.6,0.0,22534
2022-06-27,Dwarka,0,6,2022,0,0,None,41.4,0.0,20559
2022-06-27,Ambaji,0,6,2022,0,0,None,42.4,0.0,29698
2022-06-27,Pavagadh,0,6,2022,0,0,None,40.4,1.0,21994
2022-06-28,Somnath,1,6,2022,0,0,None,37.6,0.0,22733
2022-06-28,Dwarka,1,6,2022,0,0,None,35.1,0.0,24092
2022-06-28,Ambaji,1,6,2022,0,0,None,32.0,0.0,38012
2022-06-28,Pavagadh,1,6,2022,0,0,None,35.4,0.0,20920
2022-06-29,Somnath,2,6,2022,0,0,None,40.2,0.0,27234
2022-06-29,Dwarka,2,6,2022,0,0,None,34.2,1.0,23124
2022-06-29,Ambaji,2,6,2022,0,0,None,36.1,0.0,32432
2022-06-29,Pavagadh,2,6,2022,0,0,None,33.4,1.0,18379
2022-06-30,Somnath,3,6,2022,0,0,None,32.0,0.0,23019
2022-06-30,Dwarka,3,6,2022,0,0,None,41.5,1.0,19466
2022-06-30,Ambaji,3,6,2022,0,0,None,37.9,0.0,33585
2022-06-30,Pavagadh,3,6,2022,0,0,None,33.1,0.0,20446
2022-07-01,Somnath,4,7,2022,0,0,None,31.6,0.0,26115
2022-07-01,Dwarka,4,7,2022,0,0,None,27.8,0.0,23966
2022-07-01,Ambaji,4,7,2022,0,0,None,31.6,13.9,36002
2022-07-01,Pavagadh,4,7,2022,0,0,None,27.8,0.0,19164
2022-07-02,Somnath,5,7,2022,1,0,None,27.3,5.9,36675
2022-07-02,Dwarka,5,7,2022,1,0,None,28.5,0.0,30443
2022-07-02,Ambaji,5,7,2022,1,0,None,30.6,46.8,32487
2022-07-02,Pavagadh,5,7,2022,1,0,None,30.0,0.4,31601
2022-07-03,Somnath,6,7,2022,1,0,None,28.8,11.0,32532
2022-07-03,Dwarka,6,7,2022,1,0,None,31.3,0.0,28641
2022-07-03,Ambaji,6,7,2022,1,0,None,30.0,10.6,46977
2022-07-03,Pavagadh,6,7,2022,1,0,None,27.9,0.0,32110
2022-07-04,Somnath,0,7,2022,0,0,None,27.5,8.8,22917
2022-07-04,Dwarka,0,7,2022,0,0,None,27.1,13.5,19990
2022-07-04,Ambaji,0,7,2022,0,0,None,28.7,4.7,37604
2022-07-04,Pavagadh,0,7,2022,0,0,None,27.0,2.6,18466
2022-07-05,Somnath,1,7,2022,0,0,None,31.3,19.2,24639
2022-07-05,Dwarka,1,7,2022,0,0,None,29.8,0.0,23516
2022-07-05,Ambaji,1,7,2022,0,0,None,26.4,0.0,34662
2022-07-05,Pavagadh,1,7,2022,0,0,None,28.1,0.0,21800
2022-07-06,Somnath,2,7,2022,0,0,None,26.6,0.0,23517
2022-07-06,Dwarka,2,7,2022,0,0,None,28.3,0.0,22201
2022-07-06,Ambaji,2,7,2022,0,0,None,26.4,23.4,18925
2022-07-06,Pavagadh,2,7,2022,0,0,None,28.7,0.0,20632
2022-07-07,Somnath,3,7,2022,0,0,None,30.4,0.0,22953
2022-07-07,Dwarka,3,7,2022,0,0,None,29.5,2.2,20691
2022-07-07,Ambaji,3,7,2022,0,0,None,30.7,5.6,33494
2022-07-07,Pavagadh,3,7,2022,0,0,None,26.3,21.8,9286
2022-07-08,Somnath,4,7,2022,0,0,None,30.3,18.8,23650
2022-07-08,Dwarka,4,7,2022,0,0,None,30.8,14.1,20205
2022-07-08,Ambaji,4,7,2022,0,0,None,27.2,0.0,33067
2022-07-08,Pavagadh,4,7,2022,0,0,None,26.6,11.9,20431
2022-07-09,Somnath,5,7,2022,1,0,None,29.7,10.2,37372
2022-07-09,Dwarka,5,7,2022,1,0,None,29.7,30.7,22592
2022-07-09,Ambaji,5,7,2022,1,0,None,29.6,19.0,44783
2022-07-09,Pavagadh,5,7,2022,1,0,None,31.0,0.8,30653
2022-07-10,Somnath,6,7,2022,1,0,None,26.4,13.6,33144
2022-07-10,Dwarka,6,7,2022,1,0,None,31.0,19.1,33315
2022-07-10,Ambaji,6,7,2022,1,0,None,31.8,13.2,48881
2022-07-10,Pavagadh,6,7,2022,1,0,None,27.4,0.0,24966
2022-07-11,Somnath,0,7,2022,0,0,None,31.0,2.8,22650
2022-07-11,Dwarka,0,7,2022,0,0,None,27.7,0.0,23907
2022-07-11,Ambaji,0,7,2022,0,0,None,27.9,0.0,34592
2022-07-11,Pavagadh,0,7,2022,0,0,None,29.9,10.9,19175
2022-07-12,Somnath,1,7,2022,0,0,None,26.4,5.2,27381
2022-07-12,Dwarka,1,7,2022,0,0,None,31.8,0.0,20823
2022-07-12,Ambaji,1,7,2022,0,0,None,28.6,7.3,31814
2022-07-12,Pavagadh,1,7,2022,0,0,None,29.2,24.3,11718
2022-07-13,Somnath,2,7,2022,0,0,None,29.9,4.6,24070
2022-07-13,Dwarka,2,7,2022,0,0,None,30.8,12.4,20682
2022-07-13,Ambaji,2,7,2022,0,0,None,27.7,15.5,35187
2022-07-13,Pavagadh,2,7,2022,0,0,None,30.3,0.1,20722
2022-07-14,Somnath,3,7,2022,0,0,None,26.7,5.5,26234
2022-07-14,Dwarka,3,7,2022,0,0,None,29.8,13.7,22915
2022-07-14,Ambaji,3,7,2022,0,0,None,28.3,17.0,35776
2022-07-14,Pavagadh,3,7,2022,0,0,None,26.5,0.0,19954
2022-07-15,Somnath,4,7,2022,0,0,None,30.5,4.5,25216
2022-07-15,Dwarka,4,7,2022,0,0,None,28.9,20.6,18488
2022-07-15,Ambaji,4,7,2022,0,0,None,26.9,0.0,34730
2022-07-15,Pavagadh,4,7,2022,0,0,None,26.2,0.4,19827
2022-07-16,Somnath,5,7,2022,1,0,None,28.0,0.0,39242
2022-07-16,Dwarka,5,7,2022,1,0,None,29.0,0.0,30135
2022-07-16,Ambaji,5,7,2022,1,0,None,28.4,1.1,45431
2022-07-16,Pavagadh,5,7,2022,1,0,None,30.3,0.0,26493
2022-07-17,Somnath,6,7,2022,1,0,None,30.4,38.0,25434
2022-07-17,Dwarka,6,7,2022,1,0,None,31.9,0.0,27720
2022-07-17,Ambaji,6,7,2022,1,0,None,29.7,41.4,29191
2022-07-17,Pavagadh,6,7,2022,1,0,None,30.2,0.6,27970
2022-07-18,Somnath,0,7,2022,0,0,None,30.6,0.0,24272
2022-07-18,Dwarka,0,7,2022,0,0,None,28.7,5.9,23070
2022-07-18,Ambaji,0,7,2022,0,0,None,29.1,0.0,36052
2022-07-18,Pavagadh,0,7,2022,0,0,None,27.3,7.0,19387
2022-07-19,Somnath,1,7,2022,0,0,None,28.4,57.4,19697
2022-07-19,Dwarka,1,7,2022,0,0,None,26.1,5.5,21480
2022-07-19,Ambaji,1,7,2022,0,0,None,29.0,0.0,35584
2022-07-19,Pavagadh,1,7,2022,0,0,None,29.8,0.0,21546
2022-07-20,Somnath,2,7,2022,0,0,None,30.4,48.8,22012
2022-07-20,Dwarka,2,7,2022,0,0,None,29.1,21.2,19040
2022-07-20,Ambaji,2,7,2022,0,0,None,29.8,6.6,36561
2022-07-20,Pavagadh,2,7,2022,0,0,None,26.1,0.0,21066
2022-07-21,Somnath,3,7,2022,0,0,None,28.0,25.6,18610
2022-07-21,Dwarka,3,7,2022,0,0,None,30.2,0.0,23594
2022-07-21,Ambaji,3,7,2022,0,0,None,29.2,28.3,20777
2022-07-21,Pavagadh,3,7,2022,0,0,None,28.6,9.8,19459
2022-07-22,Somnath,4,7,2022,0,0,None,28.1,0.0,24181
2022-07-22,Dwarka,4,7,2022,0,0,None,27.5,13.4,23808
2022-07-22,Ambaji,4,7,2022,0,0,None,30.7,0.0,37513
2022-07-22,Pavagadh,4,7,2022,0,0,None,31.5,9.2,19540
2022-07-23,Somnath,5,7,2022,1,0,None,28.3,0.0,35311
2022-07-23,Dwarka,5,7,2022,1,0,None,28.3,6.5,32786
2022-07-23,Ambaji,5,7,2022,1,0,None,31.8,0.0,46380
2022-07-23,Pavagadh,5,7,2022,1,0,None,30.0,0.0,26352
2022-07-24,Somnath,6,7,2022,1,0,None,29.3,42.2,26194
2022-07-24,Dwarka,6,7,2022,1,0,None,30.3,0.0,31941
2022-07-24,Ambaji,6,7,2022,1,0,None,29.6,41.6,23831
2022-07-24,Pavagadh,6,7,2022,1,0,None,26.8,14.1,28022
2022-07-25,Somnath,0,7,2022,0,0,None,29.7,5.6,24828
2022-07-25,Dwarka,0,7,2022,0,0,None,27.5,0.4,21374
2022-07-25,Ambaji,0,7,2022,0,0,None,26.7,29.4,18951
2022-07-25,Pavagadh,0,7,2022,0,0,None,27.1,20.5,9390
2022-07-26,Somnath,1,7,2022,0,0,None,29.5,8.6,23944
2022-07-26,Dwarka,1,7,2022,0,0,None,27.9,50.0,17893
2022-07-26,Ambaji,1,7,2022,0,0,None,30.0,0.0,35755
2022-07-26,Pavagadh,1,7,2022,0,0,None,30.6,7.0,21292
2022-07-27,Somnath,2,7,2022,0,0,None,31.2,11.7,25918
2022-07-27,Dwarka,2,7,2022,0,0,None,26.5,0.0,22088
2022-07-27,Ambaji,2,7,2022,0,0,None,29.9,4.6,32347
2022-07-27,Pavagadh,2,7,2022,0,0,None,27.6,26.9,11008
2022-07-28,Somnath,3,7,2022,0,0,None,26.3,0.0,24600
2022-07-28,Dwarka,3,7,2022,0,0,None,31.9,0.0,23356
2022-07-28,Ambaji,3,7,2022,0,0,None,26.1,0.0,32862
2022-07-28,Pavagadh,3,7,2022,0,0,None,29.5,12.7,18533
2022-07-29,Somnath,4,7,2022,0,0,None,28.7,0.6,25788
2022-07-29,Dwarka,4,7,2022,0,0,None,31.7,0.0,21864
2022-07-29,Ambaji,4,7,2022,0,0,None,26.3,2.6,38330
2022-07-29,Pavagadh,4,7,2022,0,0,None,28.4,0.0,20820
2022-07-30,Somnath,5,7,2022,1,0,None,29.6,0.0,33348
2022-07-30,Dwarka,5,7,2022,1,0,None,31.2,4.2,31012
2022-07-30,Ambaji,5,7,2022,1,0,None,26.1,0.0,46824
2022-07-30,Pavagadh,5,7,2022,1,0,None,29.6,9.6,30346
2022-07-31,Somnath,6,7,2022,1,0,None,30.7,0.8,30339
2022-07-31,Dwarka,6,7,2022,1,0,None,30.0,20.9,24962
2022-07-31,Ambaji,6,7,2022,1,0,None,31.6,0.0,53156
2022-07-31,Pavagadh,6,7,2022,1,0,None,31.5,0.0,26981
2022-08-01,Somnath,0,8,2022,0,0,None,31.5,1.8,23574
2022-08-01,Dwarka,0,8,2022,0,0,None,31.1,61.0,16465
2022-08-01,Ambaji,0,8,2022,0,0,None,28.0,15.1,36131
2022-08-01,Pavagadh,0,8,2022,0,0,None,26.0,0.5,21458
2022-08-02,Somnath,1,8,2022,0,0,None,27.9,9.0,26746
2022-08-02,Dwarka,1,8,2022,0,0,None,26.1,17.3,24041
2022-08-02,Ambaji,1,8,2022,0,0,None,29.9,11.0,38324
2022-08-02,Pavagadh,1,8,2022,0,0,None,29.2,7.3,21868
2022-08-03,Somnath,2,8,2022,0,0,None,30.3,0.0,23660
2022-08-03,Dwarka,2,8,2022,0,0,None,29.4,4.1,23740
2022-08-03,Ambaji,2,8,2022,0,0,None,28.3,40.3,19446
2022-08-03,Pavagadh,2,8,2022,0,0,None,29.9,0.0,21328
2022-08-04,Somnath,3,8,2022,0,0,None,30.2,10.3,27222
2022-08-04,Dwarka,3,8,2022,0,0,None,26.1,0.0,20907
2022-08-04,Ambaji,3,8,2022,0,0,None,27.1,0.9,38443
2022-08-04,Pavagadh,3,8,2022,0,0,None,31.2,18.8,20226
2022-08-05,Somnath,4,8,2022,0,0,None,30.9,0.0,23663
2022-08-05,Dwarka,4,8,2022,0,0,None,28.8,0.0,24105
2022-08-05,Ambaji,4,8,2022,0,0,None,30.1,0.0,37422
2022-08-05,Pavagadh,4,8,2022,0,0,None,29.5,0.0,19509
2022-08-06,Somnath,5,8,2022,1,0,None,28.3,0.0,31884
2022-08-06,Dwarka,5,8,2022,1,0,None,29.7,42.4,26467
2022-08-06,Ambaji,5,8,2022,1,0,None,30.3,3.2,53141
2022-08-06,Pavagadh,5,8,2022,1,0,None,27.5,0.0,26953
2022-08-07,Somnath,6,8,2022,1,0,None,29.9,4.6,39895
2022-08-07,Dwarka,6,8,2022,1,0,None,27.5,0.0,27381
2022-08-07,Ambaji,6,8,2022,1,0,None,26.3,7.3,49311
2022-08-07,Pavagadh,6,8,2022,1,0,None,28.2,0.0,28211
2022-08-08,Somnath,0,8,2022,0,0,None,28.6,19.9,22635
2022-08-08,Dwarka,0,8,2022,0,0,None,27.8,9.2,22791
2022-08-08,Ambaji,0,8,2022,0,0,None,28.8,13.6,34112
2022-08-08,Pavagadh,0,8,2022,0,0,None,31.6,0.0,20327
2022-08-09,Somnath,1,8,2022,0,0,None,26.4,3.1,24916
2022-08-09,Dwarka,1,8,2022,0,0,None,27.1,0.0,20153
2022-08-09,Ambaji,1,8,2022,0,0,None,31.7,16.2,37918
2022-08-09,Pavagadh,1,8,2022,0,0,None,27.5,0.0,19554
2022-08-10,Somnath,2,8,2022,0,0,None,31.8,0.0,23440
2022-08-10,Dwarka,2,8,2022,0,0,None,31.0,3.9,20170
2022-08-10,Ambaji,2,8,2022,0,0,None,26.9,0.0,34644
2022-08-10,Pavagadh,2,8,2022,0,0,None,30.7,51.9,9262
2022-08-11,Somnath,3,8,2022,0,0,None,30.2,0.0,26477
2022-08-11,Dwarka,3,8,2022,0,0,None,28.9,0.2,22041
2022-08-11,Ambaji,3,8,2022,0,0,None,28.9,12.9,36601
2022-08-11,Pavagadh,3,8,2022,0,0,None,30.2,13.2,18595
2022-08-12,Somnath,4,8,2022,0,0,None,26.7,0.0,25968
2022-08-12,Dwarka,4,8,2022,0,0,None,30.6,36.9,18035
2022-08-12,Ambaji,4,8,2022,0,0,None,28.1,5.1,32770
2022-08-12,Pavagadh,4,8,2022,0,0,None,28.9,0.0,19311
2022-08-13,Somnath,5,8,2022,1,0,None,29.7,0.0,34667
2022-08-13,Dwarka,5,8,2022,1,0,None,31.9,11.1,28899
2022-08-13,Ambaji,5,8,2022,1,0,None,30.2,2.8,51846
2022-08-13,Pavagadh,5,8,2022,1,0,None,31.4,1.9,27963
2022-08-14,Somnath,6,8,2022,1,0,None,31.2,0.0,36973
2022-08-14,Dwarka,6,8,2022,1,0,None,26.9,13.6,33115
2022-08-14,Ambaji,6,8,2022,1,0,None,27.9,8.3,55375
2022-08-14,Pavagadh,6,8,2022,1,0,None,26.2,0.0,27132
2022-08-15,Somnath,0,8,2022,0,1,None,28.1,11.3,40512
2022-08-15,Dwarka,0,8,2022,0,1,None,26.9,27.6,26185
2022-08-15,Ambaji,0,8,2022,0,1,None,26.0,0.8,57543
2022-08-15,Pavagadh,0,8,2022,0,1,None,27.7,0.0,29812
2022-08-16,Somnath,1,8,2022,0,0,None,29.9,16.0,23213
2022-08-16,Dwarka,1,8,2022,0,0,None,28.4,0.8,20474
2022-08-16,Ambaji,1,8,2022,0,0,None,27.9,29.3,17919
2022-08-16,Pavagadh,1,8,2022,0,0,None,28.9,14.7,19026
2022-08-17,Somnath,2,8,2022,0,0,None,30.6,1.4,25634
2022-08-17,Dwarka,2,8,2022,0,0,None,29.4,0.2,20683
2022-08-17,Ambaji,2,8,2022,0,0,None,28.4,12.9,36486
2022-08-17,Pavagadh,2,8,2022,0,0,None,31.1,0.0,20756
2022-08-18,Somnath,3,8,2022,0,0,None,29.7,0.0,23805
2022-08-18,Dwarka,3,8,2022,0,0,None,27.6,10.0,20223
2022-08-18,Ambaji,3,8,2022,0,0,None,27.6,47.4,23659
2022-08-18,Pavagadh,3,8,2022,0,0,None,28.3,0.0,21501
2022-08-19,Somnath,4,8,2022,0,0,None,31.5,0.0,23508
2022-08-19,Dwarka,4,8,2022,0,0,Janmashtami,26.5,0.0,213683
2022-08-19,Ambaji,4,8,2022,0,0,None,28.9,35.6,17215
2022-08-19,Pavagadh,4,8,2022,0,0,None,32.0,31.4,11731
2022-08-20,Somnath,5,8,2022,1,0,None,27.4,4.5,33983
2022-08-20,Dwarka,5,8,2022,1,0,None,27.6,0.0,31326
2022-08-20,Ambaji,5,8,2022,1,0,None,29.9,0.3,49685
2022-08-20,Pavagadh,5,8,2022,1,0,None,28.3,0.0,28201
2022-08-21,Somnath,6,8,2022,1,0,None,28.7,0.0,31885
2022-08-21,Dwarka,6,8,2022,1,0,None,31.0,8.0,32962
2022-08-21,Ambaji,6,8,2022,1,0,None,28.7,21.7,27802
2022-08-21,Pavagadh,6,8,2022,1,0,None,30.8,3.1,26071
2022-08-22,Somnath,0,8,2022,0,0,None,26.8,30.3,20811
2022-08-22,Dwarka,0,8,2022,0,0,None,26.0,0.0,23568
2022-08-22,Ambaji,0,8,2022,0,0,None,31.6,18.0,32251
2022-08-22,Pavagadh,0,8,2022,0,0,None,28.1,0.0,19383
2022-08-23,Somnath,1,8,2022,0,0,None,27.9,1.0,23076
2022-08-23,Dwarka,1,8,2022,0,0,None,31.3,17.7,23181
2022-08-23,Ambaji,1,8,2022,0,0,None,29.4,0.0,36065
2022-08-23,Pavagadh,1,8,2022,0,0,None,28.7,42.5,13306
2022-08-24,Somnath,2,8,2022,0,0,None,27.2,10.3,26289
2022-08-24,Dwarka,2,8,2022,0,0,None,30.0,17.1,19905
2022-08-24,Ambaji,2,8,2022,0,0,None,30.7,16.0,32297
2022-08-24,Pavagadh,2,8,2022,0,0,None,26.7,36.2,11487
2022-08-25,Somnath,3,8,2022,0,0,None,30.7,0.0,25600
2022-08-25,Dwarka,3,8,2022,0,0,None,28.9,4.5,20279
2022-08-25,Ambaji,3,8,2022,0,0,None,30.0,9.0,33974
2022-08-25,Pavagadh,3,8,2022,0,0,None,26.9,0.0,21733
2022-08-26,Somnath,4,8,2022,0,0,None,26.5,0.0,24941
2022-08-26,Dwarka,4,8,2022,0,0,None,30.6,2.1,23719
2022-08-26,Ambaji,4,8,2022,0,0,None,31.4,30.6,19680
2022-08-26,Pavagadh,4,8,2022,0,0,None,28.0,22.3,13075
2022-08-27,Somnath,5,8,2022,1,0,None,29.9,0.0,32518
2022-08-27,Dwarka,5,8,2022,1,0,None,28.5,28.5,24879
2022-08-27,Ambaji,5,8,2022,1,0,None,26.5,2.3,51913
2022-08-27,Pavagadh,5,8,2022,1,0,None,27.4,0.0,25648
2022-08-28,Somnath,6,8,2022,1,0,None,28.8,0.0,31711
2022-08-28,Dwarka,6,8,2022,1,0,None,29.9,1.1,31990
2022-08-28,Ambaji,6,8,2022,1,0,None,31.8,12.6,47905
2022-08-28,Pavagadh,6,8,2022,1,0,None,26.0,22.5,15667
2022-08-29,Somnath,0,8,2022,0,0,None,31.9,12.3,25295
2022-08-29,Dwarka,0,8,2022,0,0,None,28.7,0.0,23117
2022-08-29,Ambaji,0,8,2022,0,0,None,30.6,8.5,34911
2022-08-29,Pavagadh,0,8,2022,0,0,None,27.8,2.0,18722
2022-08-30,Somnath,1,8,2022,0,0,None,27.2,4.4,24778
2022-08-30,Dwarka,1,8,2022,0,0,None,29.1,35.7,18735
2022-08-30,Ambaji,1,8,2022,0,0,None,31.5,8.4,34532
2022-08-30,Pavagadh,1,8,2022,0,0,None,28.1,25.4,11358
2022-08-31,Somnath,2,8,2022,0,0,None,30.6,2.5,25076
2022-08-31,Dwarka,2,8,2022,0,0,None,27.6,26.5,17166
2022-08-31,Ambaji,2,8,2022,0,0,None,31.1,13.5,35547
2022-08-31,Pavagadh,2,8,2022,0,0,None,28.6,0.0,21771
2022-09-01,Somnath,3,9,2022,0,0,None,28.8,10.5,26115
2022-09-01,Dwarka,3,9,2022,0,0,None,30.0,1.0,23976
2022-09-01,Ambaji,3,9,2022,0,0,None,27.6,0.0,37299
2022-09-01,Pavagadh,3,9,2022,0,0,None,27.8,0.0,18431
2022-09-02,Somnath,4,9,2022,0,0,None,31.8,8.6,25184
2022-09-02,Dwarka,4,9,2022,0,0,None,30.7,8.7,21118
2022-09-02,Ambaji,4,9,2022,0,0,None,27.9,0.0,31538
2022-09-02,Pavagadh,4,9,2022,0,0,None,30.5,0.0,21605
2022-09-03,Somnath,5,9,2022,1,0,None,29.8,8.4,40196
2022-09-03,Dwarka,5,9,2022,1,0,None,28.8,0.0,34805
2022-09-03,Ambaji,5,9,2022,1,0,None,30.1,0.0,47520
2022-09-03,Pavagadh,5,9,2022,1,0,None,31.8,8.7,30129
2022-09-04,Somnath,6,9,2022,1,0,None,31.4,7.0,32414
2022-09-04,Dwarka,6,9,2022,1,0,None,30.3,9.3,31178
2022-09-04,Ambaji,6,9,2022,1,0,Bhadarvi Poonam,26.4,0.0,306029
2022-09-04,Pavagadh,6,9,2022,1,0,None,28.9,19.8,29941
2022-09-05,Somnath,0,9,2022,0,0,None,30.6,6.8,23715
2022-09-05,Dwarka,0,9,2022,0,0,None,31.4,0.0,21373
2022-09-05,Ambaji,0,9,2022,0,0,Bhadarvi Poonam,26.7,16.7,321253
2022-09-05,Pavagadh,0,9,2022,0,0,None,31.5,0.0,18037
2022-09-06,Somnath,1,9,2022,0,0,None,31.7,0.0,22920
2022-09-06,Dwarka,1,9,2022,0,0,None,28.5,0.0,24009
2022-09-06,Ambaji,1,9,2022,0,0,Bhadarvi Poonam,27.0,9.6,454708
2022-09-06,Pavagadh,1,9,2022,0,0,None,27.4,35.8,13357
2022-09-07,Somnath,2,9,2022,0,0,None,31.4,21.4,20071
2022-09-07,Dwarka,2,9,2022,0,0,None,29.6,0.0,24024
2022-09-07,Ambaji,2,9,2022,0,0,Bhadarvi Poonam,26.3,9.9,428481
2022-09-07,Pavagadh,2,9,2022,0,0,None,31.8,0.0,19026
2022-09-08,Somnath,3,9,2022,0,0,None,26.2,16.9,27131
2022-09-08,Dwarka,3,9,2022,0,0,None,27.9,0.0,21537
2022-09-08,Ambaji,3,9,2022,0,0,Bhadarvi Poonam,27.8,8.8,405342
2022-09-08,Pavagadh,3,9,2022,0,0,None,27.7,0.0,21994
2022-09-09,Somnath,4,9,2022,0,0,None,29.9,4.1,22788
2022-09-09,Dwarka,4,9,2022,0,0,None,26.5,0.0,20224
2022-09-09,Ambaji,4,9,2022,0,0,Bhadarvi Poonam,28.9,0.0,372813
2022-09-09,Pavagadh,4,9,2022,0,0,None,28.6,4.4,19215
2022-09-10,Somnath,5,9,2022,1,0,None,29.5,7.9,36557
2022-09-10,Dwarka,5,9,2022,1,0,None,29.5,0.0,31287
2022-09-10,Ambaji,5,9,2022,1,0,Bhadarvi Poonam,28.5,21.5,240479
2022-09-10,Pavagadh,5,9,2022,1,0,None,27.9,2.0,29307
2022-09-11,Somnath,6,9,2022,1,0,None,31.7,11.1,30552
2022-09-11,Dwarka,6,9,2022,1,0,None,31.1,0.0,32313
2022-09-11,Ambaji,6,9,2022,1,0,None,29.8,0.0,47589
2022-09-11,Pavagadh,6,9,2022,1,0,None,28.5,4.7,28689
2022-09-12,Somnath,0,9,2022,0,0,None,26.5,0.0,26032
2022-09-12,Dwarka,0,9,2022,0,0,None,31.3,1.0,21830
2022-09-12,Ambaji,0,9,2022,0,0,None,26.8,0.0,31829
2022-09-12,Pavagadh,0,9,2022,0,0,None,28.2,0.1,21842
2022-09-13,Somnath,1,9,2022,0,0,None,32.0,4.1,27055
2022-09-13,Dwarka,1,9,2022,0,0,None,31.5,0.0,22195
2022-09-13,Ambaji,1,9,2022,0,0,None,26.4,34.0,21808
2022-09-13,Pavagadh,1,9,2022,0,0,None,28.0,0.0,21227
2022-09-14,Somnath,2,9,2022,0,0,None,30.4,0.0,23657
2022-09-14,Dwarka,2,9,2022,0,0,None,27.6,0.0,23331
2022-09-14,Ambaji,2,9,2022,0,0,None,26.7,17.1,34222
2022-09-14,Pavagadh,2,9,2022,0,0,None,29.4,0.0,21104
2022-09-15,Somnath,3,9,2022,0,0,None,30.8,11.7,23117
2022-09-15,Dwarka,3,9,2022,0,0,None,31.1,0.0,21117
2022-09-15,Ambaji,3,9,2022,0,0,None,27.0,12.8,32139
2022-09-15,Pavagadh,3,9,2022,0,0,None,30.1,0.0,20455
2022-09-16,Somnath,4,9,2022,0,0,None,31.3,34.9,17383
2022-09-16,Dwarka,4,9,2022,0,0,None,28.5,0.5,22296
2022-09-16,Ambaji,4,9,2022,0,0,None,27.8,0.0,35232
2022-09-16,Pavagadh,4,9,2022,0,0,None,29.5,0.0,21056
2022-09-17,Somnath,5,9,2022,1,0,None,28.6,15.7,30744
2022-09-17,Dwarka,5,9,2022,1,0,None,27.9,0.0,27536
2022-09-17,Ambaji,5,9,2022,1,0,None,27.3,0.0,51673
2022-09-17,Pavagadh,5,9,2022,1,0,None,27.9,0.0,27883
2022-09-18,Somnath,6,9,2022,1,0,None,31.7,0.0,38993
2022-09-18,Dwarka,6,9,2022,1,0,None,29.2,5.7,31711
2022-09-18,Ambaji,6,9,2022,1,0,None,28.6,0.0,46289
2022-09-18,Pavagadh,6,9,2022,1,0,None,26.0,0.0,29974
2022-09-19,Somnath,0,9,2022,0,0,None,31.0,0.0,27159
2022-09-19,Dwarka,0,9,2022,0,0,None,28.3,1.6,24047
2022-09-19,Ambaji,0,9,2022,0,0,None,31.9,0.0,34678
2022-09-19,Pavagadh,0,9,2022,0,0,None,29.0,5.2,20111
2022-09-20,Somnath,1,9,2022,0,0,None,26.3,0.0,24620
2022-09-20,Dwarka,1,9,2022,0,0,None,31.6,0.0,21075
2022-09-20,Ambaji,1,9,2022,0,0,None,27.3,0.0,36904
2022-09-20,Pavagadh,1,9,2022,0,0,None,27.5,17.9,19212
2022-09-21,Somnath,2,9,2022,0,0,None,27.3,0.0,25896
2022-09-21,Dwarka,2,9,2022,0,0,None,28.9,0.0,22790
2022-09-21,Ambaji,2,9,2022,0,0,None,31.4,5.3,32231
2022-09-21,Pavagadh,2,9,2022,0,0,None,27.8,0.0,21851
2022-09-22,Somnath,3,9,2022,0,0,None,30.6,22.8,18134
2022-09-22,Dwarka,3,9,2022,0,0,None,29.0,4.6,20694
2022-09-22,Ambaji,3,9,2022,0,0,None,27.6,0.0,32522
2022-09-22,Pavagadh,3,9,2022,0,0,None,30.3,6.5,21228
2022-09-23,Somnath,4,9,2022,0,0,None,29.0,31.6,21082
2022-09-23,Dwarka,4,9,2022,0,0,None,29.0,14.2,21055
2022-09-23,Ambaji,4,9,2022,0,0,None,26.9,4.2,36655
2022-09-23,Pavagadh,4,9,2022,0,0,None,31.0,0.0,19080
2022-09-24,Somnath,5,9,2022,1,0,None,30.0,14.6,33544
2022-09-24,Dwarka,5,9,2022,1,0,None,31.9,0.0,33174
2022-09-24,Ambaji,5,9,2022,1,0,None,30.6,0.0,49380
2022-09-24,Pavagadh,5,9,2022,1,0,None,29.7,52.6,18294
2022-09-25,Somnath,6,9,2022,1,0,None,31.5,13.0,36804
2022-09-25,Dwarka,6,9,2022,1,0,None,28.3,0.0,28010
2022-09-25,Ambaji,6,9,2022,1,0,None,26.6,0.5,50923
2022-09-25,Pavagadh,6,9,2022,1,0,None,26.8,0.0,26387
2022-09-26,Somnath,0,9,2022,0,0,None,28.4,0.0,22583
2022-09-26,Dwarka,0,9,2022,0,0,None,26.9,0.0,23027
2022-09-26,Ambaji,0,9,2022,0,0,Navratri,28.8,0.0,221916
2022-09-26,Pavagadh,0,9,2022,0,0,Navratri,27.9,15.2,158746
2022-09-27,Somnath,1,9,2022,0,0,None,28.6,35.6,17290
2022-09-27,Dwarka,1,9,2022,0,0,None,30.1,21.7,16263
2022-09-27,Ambaji,1,9,2022,0,0,Navratri,27.4,0.0,156843
2022-09-27,Pavagadh,1,9,2022,0,0,Navratri,30.9,0.0,195008
2022-09-28,Somnath,2,9,2022,0,0,None,29.4,0.0,26874
2022-09-28,Dwarka,2,9,2022,0,0,None,31.3,0.0,23367
2022-09-28,Ambaji,2,9,2022,0,0,Navratri,26.9,0.0,220672
2022-09-28,Pavagadh,2,9,2022,0,0,Navratri,31.5,16.0,142813
2022-09-29,Somnath,3,9,2022,0,0,None,28.8,0.0,27008
2022-09-29,Dwarka,3,9,2022,0,0,None,30.8,7.7,22862
2022-09-29,Ambaji,3,9,2022,0,0,Navratri,26.2,32.8,77580
2022-09-29,Pavagadh,3,9,2022,0,0,Navratri,31.7,0.0,229034
2022-09-30,Somnath,4,9,2022,0,0,None,28.6,0.0,24633
2022-09-30,Dwarka,4,9,2022,0,0,None,28.1,25.2,17991
2022-09-30,Ambaji,4,9,2022,0,0,Navratri,28.8,0.0,151925
2022-09-30,Pavagadh,4,9,2022,0,0,Navratri,28.7,8.9,182399
2022-10-01,Somnath,5,10,2022,1,0,None,27.3,0.0,38364
2022-10-01,Dwarka,5,10,2022,1,0,None,21.3,0.0,28528
2022-10-01,Ambaji,5,10,2022,1,0,Navratri,22.0,2.0,158403
2022-10-01,Pavagadh,5,10,2022,1,0,Navratri,20.1,0.0,146714
2022-10-02,Somnath,6,10,2022,1,1,None,24.1,0.0,29676
2022-10-02,Dwarka,6,10,2022,1,1,None,20.7,0.0,30698
2022-10-02,Ambaji,6,10,2022,1,1,Navratri,21.2,0.0,141304
2022-10-02,Pavagadh,6,10,2022,1,1,Navratri,27.7,0.0,153246
2022-10-03,Somnath,0,10,2022,0,0,None,22.8,0.0,25146
2022-10-03,Dwarka,0,10,2022,0,0,None,20.3,0.0,22310
2022-10-03,Ambaji,0,10,2022,0,0,Navratri,27.3,0.0,193945
2022-10-03,Pavagadh,0,10,2022,0,0,Navratri,20.9,0.0,179460
2022-10-04,Somnath,1,10,2022,0,0,None,22.4,0.0,25474
2022-10-04,Dwarka,1,10,2022,0,0,None,22.2,0.0,22421
2022-10-04,Ambaji,1,10,2022,0,0,Navratri,18.1,0.0,183772
2022-10-04,Pavagadh,1,10,2022,0,0,Navratri,24.5,0.0,151147
2022-10-05,Somnath,2,10,2022,0,0,None,23.8,0.0,25601
2022-10-05,Dwarka,2,10,2022,0,0,None,22.0,0.0,20191
2022-10-05,Ambaji,2,10,2022,0,0,None,25.4,0.0,37432
2022-10-05,Pavagadh,2,10,2022,0,0,None,25.4,0.0,18804
2022-10-06,Somnath,3,10,2022,0,0,None,20.9,0.0,26549
2022-10-06,Dwarka,3,10,2022,0,0,None,18.6,0.0,21455
2022-10-06,Ambaji,3,10,2022,0,0,None,19.8,0.0,34846
2022-10-06,Pavagadh,3,10,2022,0,0,None,21.2,0.0,19423
2022-10-07,Somnath,4,10,2022,0,0,None,21.4,0.0,25202
2022-10-07,Dwarka,4,10,2022,0,0,None,22.4,0.0,19857
2022-10-07,Ambaji,4,10,2022,0,0,None,19.5,0.0,34521
2022-10-07,Pavagadh,4,10,2022,0,0,None,20.3,0.0,19317
2022-10-08,Somnath,5,10,2022,1,0,None,23.4,0.0,31839
2022-10-08,Dwarka,5,10,2022,1,0,None,18.2,0.0,27696
2022-10-08,Ambaji,5,10,2022,1,0,None,21.3,0.0,50268
2022-10-08,Pavagadh,5,10,2022,1,0,None,26.6,0.0,26980
2022-10-09,Somnath,6,10,2022,1,0,None,19.5,0.0,31917
2022-10-09,Dwarka,6,10,2022,1,0,None,26.3,0.0,30718
2022-10-09,Ambaji,6,10,2022,1,0,None,19.0,0.0,50872
2022-10-09,Pavagadh,6,10,2022,1,0,None,23.1,0.0,28790
2022-10-10,Somnath,0,10,2022,0,0,None,21.2,0.0,27273
2022-10-10,Dwarka,0,10,2022,0,0,None,23.1,0.0,20315
2022-10-10,Ambaji,0,10,2022,0,0,None,21.9,0.0,32445
2022-10-10,Pavagadh,0,10,2022,0,0,None,27.2,0.0,19683
2022-10-11,Somnath,1,10,2022,0,0,None,23.5,0.0,23587
2022-10-11,Dwarka,1,10,2022,0,0,None,20.9,0.0,23828
2022-10-11,Ambaji,1,10,2022,0,0,None,21.7,0.0,32634
2022-10-11,Pavagadh,1,10,2022,0,0,None,25.4,0.0,19759
2022-10-12,Somnath,2,10,2022,0,0,None,27.5,0.0,25797
2022-10-12,Dwarka,2,10,2022,0,0,None,27.2,0.0,23438
2022-10-12,Ambaji,2,10,2022,0,0,None,22.1,0.0,38459
2022-10-12,Pavagadh,2,10,2022,0,0,None,19.7,0.0,18652
2022-10-13,Somnath,3,10,2022,0,0,None,21.4,0.0,25505
2022-10-13,Dwarka,3,10,2022,0,0,None,28.0,0.0,23225
2022-10-13,Ambaji,3,10,2022,0,0,None,19.3,0.0,35970
2022-10-13,Pavagadh,3,10,2022,0,0,None,26.7,0.0,19366
2022-10-14,Somnath,4,10,2022,0,0,None,19.7,0.0,23851
2022-10-14,Dwarka,4,10,2022,0,0,None,22.4,0.0,22232
2022-10-14,Ambaji,4,10,2022,0,0,None,27.3,0.0,34731
2022-10-14,Pavagadh,4,10,2022,0,0,None,23.8,0.0,21962
2022-10-15,Somnath,5,10,2022,1,0,None,20.8,0.0,32791
2022-10-15,Dwarka,5,10,2022,1,0,None,19.0,0.0,27590
2022-10-15,Ambaji,5,10,2022,1,0,None,20.3,0.0,47909
2022-10-15,Pavagadh,5,10,2022,1,0,None,18.8,0.0,29583
2022-10-16,Somnath,6,10,2022,1,0,None,27.7,0.0,36647
2022-10-16,Dwarka,6,10,2022,1,0,None,23.2,0.0,28977
2022-10-16,Ambaji,6,10,2022,1,0,None,24.3,0.0,51850
2022-10-16,Pavagadh,6,10,2022,1,0,None,21.6,0.0,24607
2022-10-17,Somnath,0,10,2022,0,0,None,18.9,0.0,22595
2022-10-17,Dwarka,0,10,2022,0,0,None,20.7,0.0,24178
2022-10-17,Ambaji,0,10,2022,0,0,None,27.9,0.0,32991
2022-10-17,Pavagadh,0,10,2022,0,0,None,22.9,0.0,20016
2022-10-18,Somnath,1,10,2022,0,0,None,22.0,0.0,26613
2022-10-18,Dwarka,1,10,2022,0,0,None,26.3,2.0,20781
2022-10-18,Ambaji,1,10,2022,0,0,None,26.9,0.0,35640
2022-10-18,Pavagadh,1,10,2022,0,0,None,27.0,0.0,20907
2022-10-19,Somnath,2,10,2022,0,0,None,21.5,0.0,25575
2022-10-19,Dwarka,2,10,2022,0,0,None,26.3,0.0,21407
2022-10-19,Ambaji,2,10,2022,0,0,None,22.2,0.0,37969
2022-10-19,Pavagadh,2,10,2022,0,0,None,18.9,0.0,21486
2022-10-20,Somnath,3,10,2022,0,0,None,22.2,0.0,26519
2022-10-20,Dwarka,3,10,2022,0,0,None,18.6,0.0,22840
2022-10-20,Ambaji,3,10,2022,0,0,None,22.2,0.0,35661
2022-10-20,Pavagadh,3,10,2022,0,0,None,19.5,0.0,18113
2022-10-21,Somnath,4,10,2022,0,0,None,19.5,0.0,25367
2022-10-21,Dwarka,4,10,2022,0,0,None,19.5,0.0,21441
2022-10-21,Ambaji,4,10,2022,0,0,None,27.2,0.0,32548
2022-10-21,Pavagadh,4,10,2022,0,0,None,25.6,0.0,19546
2022-10-22,Somnath,5,10,2022,1,0,Diwali Peak,21.6,0.0,86555
2022-10-22,Dwarka,5,10,2022,1,0,Diwali Peak,27.0,0.0,96202
2022-10-22,Ambaji,5,10,2022,1,0,Diwali Peak,19.9,0.0,122591
2022-10-22,Pavagadh,5,10,2022,1,0,Diwali Peak,22.9,0.0,85654
2022-10-23,Somnath,6,10,2022,1,0,Diwali Peak,18.0,0.0,108164
2022-10-23,Dwarka,6,10,2022,1,0,Diwali Peak,18.6,0.0,86303
2022-10-23,Ambaji,6,10,2022,1,0,Diwali Peak,21.0,0.0,139477
2022-10-23,Pavagadh,6,10,2022,1,0,Diwali Peak,26.2,0.0,86304
2022-10-24,Somnath,0,10,2022,0,0,Diwali Peak,23.9,0.0,77907
2022-10-24,Dwarka,0,10,2022,0,0,Diwali Peak,20.9,0.0,73078
2022-10-24,Ambaji,0,10,2022,0,0,Diwali Peak,25.6,0.0,87527
2022-10-24,Pavagadh,0,10,2022,0,0,Diwali Peak,23.1,0.0,58150
2022-10-25,Somnath,1,10,2022,0,0,Diwali Peak,25.5,0.0,83707
2022-10-25,Dwarka,1,10,2022,0,0,Diwali Peak,18.0,0.0,57927
2022-10-25,Ambaji,1,10,2022,0,0,Diwali Peak,20.5,0.0,111789
2022-10-25,Pavagadh,1,10,2022,0,0,Diwali Peak,20.1,0.0,67717
2022-10-26,Somnath,2,10,2022,0,0,Diwali Peak,27.0,0.0,83966
2022-10-26,Dwarka,2,10,2022,0,0,Diwali Peak,19.6,0.0,65965
2022-10-26,Ambaji,2,10,2022,0,0,Diwali Peak,27.9,0.0,91862
2022-10-26,Pavagadh,2,10,2022,0,0,Diwali Peak,21.9,0.0,63259
2022-10-27,Somnath,3,10,2022,0,0,Diwali Peak,24.6,0.0,71459
2022-10-27,Dwarka,3,10,2022,0,0,Diwali Peak,20.7,0.0,72944
2022-10-27,Ambaji,3,10,2022,0,0,Diwali Peak,27.8,0.0,117935
2022-10-27,Pavagadh,3,10,2022,0,0,Diwali Peak,19.7,0.0,47286
2022-10-28,Somnath,4,10,2022,0,0,None,18.0,0.0,24873
2022-10-28,Dwarka,4,10,2022,0,0,None,21.9,0.0,23456
2022-10-28,Ambaji,4,10,2022,0,0,None,24.7,0.0,34617
2022-10-28,Pavagadh,4,10,2022,0,0,None,20.7,0.0,20688
2022-10-29,Somnath,5,10,2022,1,0,None,26.4,0.0,37087
2022-10-29,Dwarka,5,10,2022,1,0,None,19.4,0.0,27973
2022-10-29,Ambaji,5,10,2022,1,0,None,22.0,0.0,47235
2022-10-29,Pavagadh,5,10,2022,1,0,None,27.3,0.0,26225
2022-10-30,Somnath,6,10,2022,1,0,None,26.9,0.0,39331
2022-10-30,Dwarka,6,10,2022,1,0,None,25.8,0.0,33661
2022-10-30,Ambaji,6,10,2022,1,0,None,20.3,0.0,47830
2022-10-30,Pavagadh,6,10,2022,1,0,None,20.1,0.0,27013
2022-10-31,Somnath,0,10,2022,0,0,None,22.5,0.0,25881
2022-10-31,Dwarka,0,10,2022,0,0,None,28.0,0.0,22528
2022-10-31,Ambaji,0,10,2022,0,0,None,27.9,0.0,32021
2022-10-31,Pavagadh,0,10,2022,0,0,None,23.6,0.0,18386
2022-11-01,Somnath,1,11,2022,0,0,None,21.1,0.0,26903
2022-11-01,Dwarka,1,11,2022,0,0,None,18.9,0.0,21102
2022-11-01,Ambaji,1,11,2022,0,0,None,24.7,0.0,37986
2022-11-01,Pavagadh,1,11,2022,0,0,None,18.4,0.0,18771
2022-11-02,Somnath,2,11,2022,0,0,None,23.4,0.0,27056
2022-11-02,Dwarka,2,11,2022,0,0,None,22.0,0.0,21034
2022-11-02,Ambaji,2,11,2022,0,0,None,18.1,0.0,32335
2022-11-02,Pavagadh,2,11,2022,0,0,None,18.2,0.0,19517
2022-11-03,Somnath,3,11,2022,0,0,None,18.8,0.0,24527
2022-11-03,Dwarka,3,11,2022,0,0,None,22.9,0.0,22050
2022-11-03,Ambaji,3,11,2022,0,0,None,25.7,0.0,38293
2022-11-03,Pavagadh,3,11,2022,0,0,None,22.3,2.0,19179
2022-11-04,Somnath,4,11,2022,0,0,None,18.1,0.0,23392
2022-11-04,Dwarka,4,11,2022,0,0,None,18.5,0.0,23283
2022-11-04,Ambaji,4,11,2022,0,0,None,19.0,0.0,37407
2022-11-04,Pavagadh,4,11,2022,0,0,None,27.1,0.0,20813
2022-11-05,Somnath,5,11,2022,1,0,None,25.6,0.0,36074
2022-11-05,Dwarka,5,11,2022,1,0,None,22.8,2.0,27607
2022-11-05,Ambaji,5,11,2022,1,0,None,25.7,0.0,45249
2022-11-05,Pavagadh,5,11,2022,1,0,None,24.2,0.0,27241
2022-11-06,Somnath,6,11,2022,1,0,None,27.7,0.0,34670
2022-11-06,Dwarka,6,11,2022,1,0,None,27.9,0.0,30791
2022-11-06,Ambaji,6,11,2022,1,0,None,18.8,0.0,52145
2022-11-06,Pavagadh,6,11,2022,1,0,None,20.4,0.0,28908
2022-11-07,Somnath,0,11,2022,0,0,None,23.7,0.0,26733
2022-11-07,Dwarka,0,11,2022,0,0,None,22.4,0.0,23250
2022-11-07,Ambaji,0,11,2022,0,0,None,18.2,0.0,38391
2022-11-07,Pavagadh,0,11,2022,0,0,None,27.5,0.0,18424
2022-11-08,Somnath,1,11,2022,0,0,None,27.9,0.0,23614
2022-11-08,Dwarka,1,11,2022,0,0,None,24.7,0.0,20294
2022-11-08,Ambaji,1,11,2022,0,0,None,27.2,0.0,31594
2022-11-08,Pavagadh,1,11,2022,0,0,None,27.0,0.0,18150
2022-11-09,Somnath,2,11,2022,0,0,None,20.9,0.0,24244
2022-11-09,Dwarka,2,11,2022,0,0,None,25.6,0.0,24008
2022-11-09,Ambaji,2,11,2022,0,0,None,27.9,0.0,35061
2022-11-09,Pavagadh,2,11,2022,0,0,None,23.6,0.0,19496
2022-11-10,Somnath,3,11,2022,0,0,None,19.7,0.0,23031
2022-11-10,Dwarka,3,11,2022,0,0,None,27.0,0.0,20138
2022-11-10,Ambaji,3,11,2022,0,0,None,24.2,0.0,31990
2022-11-10,Pavagadh,3,11,2022,0,0,None,24.2,0.0,18165
2022-11-11,Somnath,4,11,2022,0,0,None,22.6,0.0,25233
2022-11-11,Dwarka,4,11,2022,0,0,None,25.4,0.0,21704
2022-11-11,Ambaji,4,11,2022,0,0,None,25.9,0.0,37739
2022-11-11,Pavagadh,4,11,2022,0,0,None,22.8,0.0,20116
2022-11-12,Somnath,5,11,2022,1,0,None,26.7,0.0,31761
2022-11-12,Dwarka,5,11,2022,1,0,None,21.8,0.0,31248
2022-11-12,Ambaji,5,11,2022,1,0,None,19.8,0.0,43894
2022-11-12,Pavagadh,5,11,2022,1,0,None,22.4,0.0,27290
2022-11-13,Somnath,6,11,2022,1,0,None,20.0,0.0,36951
2022-11-13,Dwarka,6,11,2022,1,0,None,22.2,0.0,28853
2022-11-13,Ambaji,6,11,2022,1,0,None,19.6,0.0,49165
2022-11-13,Pavagadh,6,11,2022,1,0,None,19.0,0.0,29196
2022-11-14,Somnath,0,11,2022,0,0,None,23.1,0.0,26970
2022-11-14,Dwarka,0,11,2022,0,0,None,18.1,0.0,22670
2022-11-14,Ambaji,0,11,2022,0,0,None,21.8,0.0,33177
2022-11-14,Pavagadh,0,11,2022,0,0,None,26.0,0.0,20255
2022-11-15,Somnath,1,11,2022,0,0,None,21.1,0.0,25028
2022-11-15,Dwarka,1,11,2022,0,0,None,27.0,0.0,23269
2022-11-15,Ambaji,1,11,2022,0,0,None,24.0,0.0,34526
2022-11-15,Pavagadh,1,11,2022,0,0,None,27.3,0.0,20207
2022-11-16,Somnath,2,11,2022,0,0,None,23.2,0.0,23656
2022-11-16,Dwarka,2,11,2022,0,0,None,18.7,0.0,21072
2022-11-16,Ambaji,2,11,2022,0,0,None,21.9,0.0,35465
2022-11-16,Pavagadh,2,11,2022,0,0,None,19.0,0.0,19024
2022-11-17,Somnath,3,11,2022,0,0,None,23.5,0.0,23690
2022-11-17,Dwarka,3,11,2022,0,0,None,19.2,0.0,20228
2022-11-17,Ambaji,3,11,2022,0,0,None,20.8,2.0,34314
2022-11-17,Pavagadh,3,11,2022,0,0,None,26.6,0.0,20666
2022-11-18,Somnath,4,11,2022,0,0,None,19.6,0.0,25052
2022-11-18,Dwarka,4,11,2022,0,0,None,26.8,0.0,22030
2022-11-18,Ambaji,4,11,2022,0,0,None,18.5,0.0,35902
2022-11-18,Pavagadh,4,11,2022,0,0,None,25.4,0.0,18666
2022-11-19,Somnath,5,11,2022,1,0,None,22.7,2.0,33783
2022-11-19,Dwarka,5,11,2022,1,0,None,22.3,0.0,30425
2022-11-19,Ambaji,5,11,2022,1,0,None,25.0,0.0,45341
2022-11-19,Pavagadh,5,11,2022,1,0,None,26.9,0.0,30389
2022-11-20,Somnath,6,11,2022,1,0,None,23.4,0.0,35732
2022-11-20,Dwarka,6,11,2022,1,0,None,27.5,0.0,28120
2022-11-20,Ambaji,6,11,2022,1,0,None,18.0,0.0,50595
2022-11-20,Pavagadh,6,11,2022,1,0,None,25.6,0.0,27809
2022-11-21,Somnath,0,11,2022,0,0,None,22.0,0.0,25024
2022-11-21,Dwarka,0,11,2022,0,0,None,24.5,0.0,22607
2022-11-21,Ambaji,0,11,2022,0,0,None,20.3,0.0,31854
2022-11-21,Pavagadh,0,11,2022,0,0,None,23.9,0.0,21042
2022-11-22,Somnath,1,11,2022,0,0,None,20.1,0.0,23403
2022-11-22,Dwarka,1,11,2022,0,0,None,24.1,0.0,23167
2022-11-22,Ambaji,1,11,2022,0,0,None,27.4,0.0,36904
2022-11-22,Pavagadh,1,11,2022,0,0,None,20.9,0.0,19790
2022-11-23,Somnath,2,11,2022,0,0,None,27.9,0.0,23495
2022-11-23,Dwarka,2,11,2022,0,0,None,27.4,0.0,22839
2022-11-23,Ambaji,2,11,2022,0,0,None,25.9,0.0,37248
2022-11-23,Pavagadh,2,11,2022,0,0,None,26.4,0.0,19615
2022-11-24,Somnath,3,11,2022,0,0,None,24.7,0.0,24253
2022-11-24,Dwarka,3,11,2022,0,0,None,21.0,0.0,22225
2022-11-24,Ambaji,3,11,2022,0,0,None,18.5,0.0,32471
2022-11-24,Pavagadh,3,11,2022,0,0,None,19.3,0.0,20307
2022-11-25,Somnath,4,11,2022,0,0,None,20.9,0.0,27158
2022-11-25,Dwarka,4,11,2022,0,0,None,26.5,0.0,22341
2022-11-25,Ambaji,4,11,2022,0,0,None,26.7,0.0,38172
2022-11-25,Pavagadh,4,11,2022,0,0,None,18.6,0.0,18700
2022-11-26,Somnath,5,11,2022,1,0,None,27.3,0.0,34718
2022-11-26,Dwarka,5,11,2022,1,0,None,26.3,0.0,33463
2022-11-26,Ambaji,5,11,2022,1,0,None,21.2,0.0,54652
2022-11-26,Pavagadh,5,11,2022,1,0,None,24.8,0.0,24224
2022-11-27,Somnath,6,11,2022,1,0,None,23.8,0.0,38662
2022-11-27,Dwarka,6,11,2022,1,0,None,20.9,0.0,32076
2022-11-27,Ambaji,6,11,2022,1,0,None,24.5,0.0,42154
2022-11-27,Pavagadh,6,11,2022,1,0,None,21.8,0.0,29453
2022-11-28,Somnath,0,11,2022,0,0,None,27.7,0.0,24982
2022-11-28,Dwarka,0,11,2022,0,0,None,23.0,0.0,20301
2022-11-28,Ambaji,0,11,2022,0,0,None,28.0,0.0,37869
2022-11-28,Pavagadh,0,11,2022,0,0,None,27.7,0.0,18413
2022-11-29,Somnath,1,11,2022,0,0,None,23.7,0.0,26445
2022-11-29,Dwarka,1,11,2022,0,0,None,18.5,0.0,23860
2022-11-29,Ambaji,1,11,2022,0,0,None,27.9,0.0,37594
2022-11-29,Pavagadh,1,11,2022,0,0,None,19.5,0.0,19109
2022-11-30,Somnath,2,11,2022,0,0,None,27.6,0.0,24495
2022-11-30,Dwarka,2,11,2022,0,0,None,20.8,0.0,22795
2022-11-30,Ambaji,2,11,2022,0,0,None,27.0,0.0,37343
2022-11-30,Pavagadh,2,11,2022,0,0,None,25.8,0.0,21031
2022-12-01,Somnath,3,12,2022,0,0,None,20.1,0.0,24110
2022-12-01,Dwarka,3,12,2022,0,0,None,28.0,0.0,21088
2022-12-01,Ambaji,3,12,2022,0,0,None,20.4,0.0,32264
2022-12-01,Pavagadh,3,12,2022,0,0,None,27.5,0.0,19181
2022-12-02,Somnath,4,12,2022,0,0,None,18.5,0.0,24594
2022-12-02,Dwarka,4,12,2022,0,0,None,21.7,0.0,19979
2022-12-02,Ambaji,4,12,2022,0,0,None,21.0,0.0,34571
2022-12-02,Pavagadh,4,12,2022,0,0,None,20.9,0.0,20217
2022-12-03,Somnath,5,12,2022,1,0,None,21.0,0.0,34010
2022-12-03,Dwarka,5,12,2022,1,0,None,19.7,0.0,27763
2022-12-03,Ambaji,5,12,2022,1,0,None,22.8,0.0,44349
2022-12-03,Pavagadh,5,12,2022,1,0,None,25.6,0.0,26998
2022-12-04,Somnath,6,12,2022,1,0,None,18.1,0.0,32994
2022-12-04,Dwarka,6,12,2022,1,0,None,25.4,0.0,27170
2022-12-04,Ambaji,6,12,2022,1,0,None,26.5,0.0,48913
2022-12-04,Pavagadh,6,12,2022,1,0,None,25.1,2.0,29577
2022-12-05,Somnath,0,12,2022,0,0,None,22.5,0.0,22958
2022-12-05,Dwarka,0,12,2022,0,0,None,19.8,0.0,23404
2022-12-05,Ambaji,0,12,2022,0,0,None,21.1,0.0,34178
2022-12-05,Pavagadh,0,12,2022,0,0,None,18.1,0.0,18217
2022-12-06,Somnath,1,12,2022,0,0,None,23.9,0.0,23219
2022-12-06,Dwarka,1,12,2022,0,0,None,27.4,0.0,22765
2022-12-06,Ambaji,1,12,2022,0,0,None,26.9,0.0,33003
2022-12-06,Pavagadh,1,12,2022,0,0,None,23.7,0.0,20084
2022-12-07,Somnath,2,12,2022,0,0,None,23.5,0.0,22769
2022-12-07,Dwarka,2,12,2022,0,0,None,25.6,0.0,21444
2022-12-07,Ambaji,2,12,2022,0,0,None,18.9,0.0,37129
2022-12-07,Pavagadh,2,12,2022,0,0,None,19.0,0.0,19492
2022-12-08,Somnath,3,12,2022,0,0,None,19.0,0.0,26434
2022-12-08,Dwarka,3,12,2022,0,0,None,26.4,0.0,22031
2022-12-08,Ambaji,3,12,2022,0,0,None,20.6,0.0,34611
2022-12-08,Pavagadh,3,12,2022,0,0,None,27.7,0.0,21620
2022-12-09,Somnath,4,12,2022,0,0,None,21.6,0.0,26763
2022-12-09,Dwarka,4,12,2022,0,0,None,25.3,0.0,21030
2022-12-09,Ambaji,4,12,2022,0,0,None,26.3,0.0,34628
2022-12-09,Pavagadh,4,12,2022,0,0,None,26.7,0.0,20615
2022-12-10,Somnath,5,12,2022,1,0,None,22.7,0.0,32448
2022-12-10,Dwarka,5,12,2022,1,0,None,23.6,0.0,31107
2022-12-10,Ambaji,5,12,2022,1,0,None,26.8,0.0,46199
2022-12-10,Pavagadh,5,12,2022,1,0,None,20.0,0.0,28490
2022-12-11,Somnath,6,12,2022,1,0,None,19.9,0.0,35532
2022-12-11,Dwarka,6,12,2022,1,0,None,18.8,0.0,29439
2022-12-11,Ambaji,6,12,2022,1,0,None,23.5,0.0,51319
2022-12-11,Pavagadh,6,12,2022,1,0,None,20.3,0.0,27306
2022-12-12,Somnath,0,12,2022,0,0,None,24.3,0.0,23728
2022-12-12,Dwarka,0,12,2022,0,0,None,23.9,0.0,21971
2022-12-12,Ambaji,0,12,2022,0,0,None,24.6,0.0,33465
2022-12-12,Pavagadh,0,12,2022,0,0,None,24.8,0.0,18058
2022-12-13,Somnath,1,12,2022,0,0,None,24.7,0.0,22893
2022-12-13,Dwarka,1,12,2022,0,0,None,25.5,0.0,20700
2022-12-13,Ambaji,1,12,2022,0,0,None,23.6,0.0,37940
2022-12-13,Pavagadh,1,12,2022,0,0,None,25.4,0.0,18472
2022-12-14,Somnath,2,12,2022,0,0,None,26.5,0.0,23376
2022-12-14,Dwarka,2,12,2022,0,0,None,18.6,0.0,22979
2022-12-14,Ambaji,2,12,2022,0,0,None,19.8,0.0,33452
2022-12-14,Pavagadh,2,12,2022,0,0,None,20.6,0.0,20081
2022-12-15,Somnath,3,12,2022,0,0,None,26.0,0.0,23990
2022-12-15,Dwarka,3,12,2022,0,0,None,26.8,0.0,23307
2022-12-15,Ambaji,3,12,2022,0,0,None,25.8,0.0,32888
2022-12-15,Pavagadh,3,12,2022,0,0,None,26.7,0.0,18184
2022-12-16,Somnath,4,12,2022,0,0,None,26.9,0.0,24210
2022-12-16,Dwarka,4,12,2022,0,0,None,24.4,0.0,21354
2022-12-16,Ambaji,4,12,2022,0,0,None,19.4,0.0,35876
2022-12-16,Pavagadh,4,12,2022,0,0,None,26.6,0.0,20582
2022-12-17,Somnath,5,12,2022,1,0,None,18.5,0.0,35038
2022-12-17,Dwarka,5,12,2022,1,0,None,27.2,0.0,32684
2022-12-17,Ambaji,5,12,2022,1,0,None,27.2,0.0,51348
2022-12-17,Pavagadh,5,12,2022,1,0,None,19.5,0.0,26833
2022-12-18,Somnath,6,12,2022,1,0,None,24.6,0.0,31915
2022-12-18,Dwarka,6,12,2022,1,0,None,21.2,0.0,34051
2022-12-18,Ambaji,6,12,2022,1,0,None,21.3,0.0,51399
2022-12-18,Pavagadh,6,12,2022,1,0,None,22.8,0.0,24890
2022-12-19,Somnath,0,12,2022,0,0,None,22.6,0.0,26768
2022-12-19,Dwarka,0,12,2022,0,0,None,22.1,0.0,24170
2022-12-19,Ambaji,0,12,2022,0,0,None,25.2,0.0,37866
2022-12-19,Pavagadh,0,12,2022,0,0,None,21.4,0.0,21947
2022-12-20,Somnath,1,12,2022,0,0,None,22.9,0.0,26562
2022-12-20,Dwarka,1,12,2022,0,0,None,22.0,0.0,22175
2022-12-20,Ambaji,1,12,2022,0,0,None,20.2,0.0,35305
2022-12-20,Pavagadh,1,12,2022,0,0,None,19.2,0.0,18744
2022-12-21,Somnath,2,12,2022,0,0,None,25.1,0.0,25389
2022-12-21,Dwarka,2,12,2022,0,0,None,22.1,2.0,19893
2022-12-21,Ambaji,2,12,2022,0,0,None,21.0,0.0,33993
2022-12-21,Pavagadh,2,12,2022,0,0,None,20.3,0.0,19030
2022-12-22,Somnath,3,12,2022,0,0,None,23.1,0.0,25696
2022-12-22,Dwarka,3,12,2022,0,0,None,23.1,0.0,23364
2022-12-22,Ambaji,3,12,2022,0,0,None,22.7,0.0,32668
2022-12-22,Pavagadh,3,12,2022,0,0,None,26.0,0.0,20026
2022-12-23,Somnath,4,12,2022,0,0,None,21.1,0.0,25682
2022-12-23,Dwarka,4,12,2022,0,0,None,26.8,0.0,21017
2022-12-23,Ambaji,4,12,2022,0,0,None,18.4,0.0,36051
2022-12-23,Pavagadh,4,12,2022,0,0,None,19.6,0.0,20795
2022-12-24,Somnath,5,12,2022,1,0,None,21.1,0.0,34972
2022-12-24,Dwarka,5,12,2022,1,0,None,27.0,0.0,32023
2022-12-24,Ambaji,5,12,2022,1,0,None,25.4,0.0,48780
2022-12-24,Pavagadh,5,12,2022,1,0,None,21.5,0.0,28220
2022-12-25,Somnath,6,12,2022,1,1,None,21.7,0.0,35130
2022-12-25,Dwarka,6,12,2022,1,1,None,25.4,0.0,27172
2022-12-25,Ambaji,6,12,2022,1,1,None,26.4,0.0,44873
2022-12-25,Pavagadh,6,12,2022,1,1,None,20.8,0.0,25030
2022-12-26,Somnath,0,12,2022,0,0,None,19.8,0.0,26940
2022-12-26,Dwarka,0,12,2022,0,0,None,21.9,0.0,22377
2022-12-26,Ambaji,0,12,2022,0,0,None,20.1,0.0,37703
2022-12-26,Pavagadh,0,12,2022,0,0,None,26.7,0.0,19896
2022-12-27,Somnath,1,12,2022,0,0,None,20.9,0.0,23402
2022-12-27,Dwarka,1,12,2022,0,0,None,20.4,0.0,23987
2022-12-27,Ambaji,1,12,2022,0,0,None,25.3,0.0,32149
2022-12-27,Pavagadh,1,12,2022,0,0,None,26.4,0.0,20683
2022-12-28,Somnath,2,12,2022,0,0,None,20.0,0.0,25513
2022-12-28,Dwarka,2,12,2022,0,0,None,27.3,0.0,22067
2022-12-28,Ambaji,2,12,2022,0,0,None,19.6,0.0,32900
2022-12-28,Pavagadh,2,12,2022,0,0,None,26.4,0.0,19668
2022-12-29,Somnath,3,12,2022,0,0,None,22.1,0.0,26288
2022-12-29,Dwarka,3,12,2022,0,0,None,18.6,0.0,22225
2022-12-29,Ambaji,3,12,2022,0,0,None,22.3,0.0,37048
2022-12-29,Pavagadh,3,12,2022,0,0,None,19.3,0.0,18096
2022-12-30,Somnath,4,12,2022,0,0,None,19.2,0.0,25045
2022-12-30,Dwarka,4,12,2022,0,0,None,20.2,0.0,21373
2022-12-30,Ambaji,4,12,2022,0,0,None,18.4,0.0,38107
2022-12-30,Pavagadh,4,12,2022,0,0,None,24.2,0.0,18484
2022-12-31,Somnath,5,12,2022,1,0,None,20.7,0.0,37394
2022-12-31,Dwarka,5,12,2022,1,0,None,18.1,0.0,27132
2022-12-31,Ambaji,5,12,2022,1,0,None,22.5,0.0,42220
2022-12-31,Pavagadh,5,12,2022,1,0,None,23.5,0.0,28896
2023-01-01,Somnath,6,1,2023,1,0,None,19.6,0.0,35517
2023-01-01,Dwarka,6,1,2023,1,0,None,22.3,0.0,27440
2023-01-01,Ambaji,6,1,2023,1,0,None,27.4,0.0,48360
2023-01-01,Pavagadh,6,1,2023,1,0,None,22.7,0.0,29150
2023-01-02,Somnath,0,1,2023,0,0,None,27.3,0.0,26501
2023-01-02,Dwarka,0,1,2023,0,0,None,19.3,0.0,24005
2023-01-02,Ambaji,0,1,2023,0,0,None,22.9,0.0,35489
2023-01-02,Pavagadh,0,1,2023,0,0,None,20.6,0.0,20498
2023-01-03,Somnath,1,1,2023,0,0,None,26.7,0.0,23570
2023-01-03,Dwarka,1,1,2023,0,0,None,19.0,0.0,23961
2023-01-03,Ambaji,1,1,2023,0,0,None,27.4,0.0,36001
2023-01-03,Pavagadh,1,1,2023,0,0,None,26.5,0.0,18477
2023-01-04,Somnath,2,1,2023,0,0,None,21.2,0.0,24861
2023-01-04,Dwarka,2,1,2023,0,0,None,23.0,0.0,22652
2023-01-04,Ambaji,2,1,2023,0,0,None,26.9,0.0,35834
2023-01-04,Pavagadh,2,1,2023,0,0,None,21.3,0.0,19899
2023-01-05,Somnath,3,1,2023,0,0,None,21.4,0.0,22956
2023-01-05,Dwarka,3,1,2023,0,0,None,26.7,0.0,21900
2023-01-05,Ambaji,3,1,2023,0,0,None,20.2,0.0,34666
2023-01-05,Pavagadh,3,1,2023,0,0,None,20.5,0.0,21558
2023-01-06,Somnath,4,1,2023,0,0,None,26.0,0.0,24699
2023-01-06,Dwarka,4,1,2023,0,0,None,25.5,0.0,21449
2023-01-06,Ambaji,4,1,2023,0,0,None,26.4,2.0,37794
2023-01-06,Pavagadh,4,1,2023,0,0,None,25.8,0.0,20600
2023-01-07,Somnath,5,1,2023,1,0,None,26.5,0.0,35199
2023-01-07,Dwarka,5,1,2023,1,0,None,27.2,0.0,30594
2023-01-07,Ambaji,5,1,2023,1,0,None,27.4,0.0,52254
2023-01-07,Pavagadh,5,1,2023,1,0,None,26.1,0.0,26956
2023-01-08,Somnath,6,1,2023,1,0,None,19.2,0.0,35798
2023-01-08,Dwarka,6,1,2023,1,0,None,18.1,0.0,31865
2023-01-08,Ambaji,6,1,2023,1,0,None,18.5,0.0,48184
2023-01-08,Pavagadh,6,1,2023,1,0,None,25.6,0.0,26208
2023-01-09,Somnath,0,1,2023,0,0,None,20.9,0.0,26786
2023-01-09,Dwarka,0,1,2023,0,0,None,23.6,0.0,23328
2023-01-09,Ambaji,0,1,2023,0,0,None,18.5,0.0,32982
2023-01-09,Pavagadh,0,1,2023,0,0,None,22.9,0.0,20246
2023-01-10,Somnath,1,1,2023,0,0,None,23.0,0.0,22677
2023-01-10,Dwarka,1,1,2023,0,0,None,26.8,0.0,22585
2023-01-10,Ambaji,1,1,2023,0,0,None,23.7,0.0,32507
2023-01-10,Pavagadh,1,1,2023,0,0,None,27.3,0.0,20625
2023-01-11,Somnath,2,1,2023,0,0,None,24.1,0.0,26894
2023-01-11,Dwarka,2,1,2023,0,0,None,21.0,0.0,22432
2023-01-11,Ambaji,2,1,2023,0,0,None,18.8,0.0,37365
2023-01-11,Pavagadh,2,1,2023,0,0,None,21.2,0.0,19954
2023-01-12,Somnath,3,1,2023,0,0,None,24.2,0.0,23367
2023-01-12,Dwarka,3,1,2023,0,0,None,23.0,0.0,21102
2023-01-12,Ambaji,3,1,2023,0,0,None,27.2,0.0,32354
2023-01-12,Pavagadh,3,1,2023,0,0,None,25.3,0.0,20892
2023-01-13,Somnath,4,1,2023,0,0,None,26.3,0.0,23459
2023-01-13,Dwarka,4,1,2023,0,0,None,19.5,0.0,20975
2023-01-13,Ambaji,4,1,2023,0,0,None,26.7,0.0,31512
2023-01-13,Pavagadh,4,1,2023,0,0,None,26.7,0.0,20621
2023-01-14,Somnath,5,1,2023,1,0,None,19.5,0.0,36060
2023-01-14,Dwarka,5,1,2023,1,0,None,24.0,0.0,30280
2023-01-14,Ambaji,5,1,2023,1,0,None,26.2,0.0,48681
2023-01-14,Pavagadh,5,1,2023,1,0,None,24.1,0.0,31457
2023-01-15,Somnath,6,1,2023,1,0,None,21.9,0.0,36660
2023-01-15,Dwarka,6,1,2023,1,0,None,21.9,0.0,31995
2023-01-15,Ambaji,6,1,2023,1,0,None,20.1,0.0,55501
2023-01-15,Pavagadh,6,1,2023,1,0,None,25.5,0.0,26397
2023-01-16,Somnath,0,1,2023,0,0,None,19.1,0.0,23955
2023-01-16,Dwarka,0,1,2023,0,0,None,25.7,0.0,23726
2023-01-16,Ambaji,0,1,2023,0,0,None,25.5,0.0,35687
2023-01-16,Pavagadh,0,1,2023,0,0,None,21.2,0.0,18522
2023-01-17,Somnath,1,1,2023,0,0,None,19.8,0.0,23322
2023-01-17,Dwarka,1,1,2023,0,0,None,25.2,0.0,24091
2023-01-17,Ambaji,1,1,2023,0,0,None,21.7,0.0,34331
2023-01-17,Pavagadh,1,1,2023,0,0,None,26.2,0.0,21324
2023-01-18,Somnath,2,1,2023,0,0,None,24.6,0.0,22827
2023-01-18,Dwarka,2,1,2023,0,0,None,25.7,0.0,23711
2023-01-18,Ambaji,2,1,2023,0,0,None,19.3,0.0,36345
2023-01-18,Pavagadh,2,1,2023,0,0,None,24.6,0.0,21502
2023-01-19,Somnath,3,1,2023,0,0,None,25.7,0.0,25516
2023-01-19,Dwarka,3,1,2023,0,0,None,23.7,0.0,23744
2023-01-19,Ambaji,3,1,2023,0,0,None,20.4,0.0,38370
2023-01-19,Pavagadh,3,1,2023,0,0,None,20.4,0.0,20599
2023-01-20,Somnath,4,1,2023,0,0,None,18.5,0.0,24880
2023-01-20,Dwarka,4,1,2023,0,0,None,26.3,0.0,21166
2023-01-20,Ambaji,4,1,2023,0,0,None,27.2,0.0,35360
2023-01-20,Pavagadh,4,1,2023,0,0,None,23.0,0.0,18351
2023-01-21,Somnath,5,1,2023,1,0,None,21.8,0.0,35650
2023-01-21,Dwarka,5,1,2023,1,0,None,24.9,0.0,28029
2023-01-21,Ambaji,5,1,2023,1,0,None,20.5,0.0,48877
2023-01-21,Pavagadh,5,1,2023,1,0,None,22.1,0.0,31504
2023-01-22,Somnath,6,1,2023,1,0,None,19.9,0.0,31721
2023-01-22,Dwarka,6,1,2023,1,0,None,23.5,0.0,29324
2023-01-22,Ambaji,6,1,2023,1,0,None,19.2,0.0,53057
2023-01-22,Pavagadh,6,1,2023,1,0,None,25.4,2.0,28979
2023-01-23,Somnath,0,1,2023,0,0,None,25.6,0.0,23665
2023-01-23,Dwarka,0,1,2023,0,0,None,20.4,0.0,20290
2023-01-23,Ambaji,0,1,2023,0,0,None,19.8,0.0,38177
2023-01-23,Pavagadh,0,1,2023,0,0,None,23.8,0.0,18970
2023-01-24,Somnath,1,1,2023,0,0,None,20.0,0.0,26741
2023-01-24,Dwarka,1,1,2023,0,0,None,22.0,0.0,22909
2023-01-24,Ambaji,1,1,2023,0,0,None,18.6,0.0,36608
2023-01-24,Pavagadh,1,1,2023,0,0,None,24.8,0.0,18951
2023-01-25,Somnath,2,1,2023,0,0,None,24.8,0.0,26572
2023-01-25,Dwarka,2,1,2023,0,0,None,18.3,0.0,21037
2023-01-25,Ambaji,2,1,2023,0,0,None,27.3,0.0,37689
2023-01-25,Pavagadh,2,1,2023,0,0,None,22.4,0.0,21413
2023-01-26,Somnath,3,1,2023,0,1,None,22.0,2.0,45308
2023-01-26,Dwarka,3,1,2023,0,1,None,26.7,0.0,36435
2023-01-26,Ambaji,3,1,2023,0,1,None,25.8,0.0,59929
2023-01-26,Pavagadh,3,1,2023,0,1,None,25.2,0.0,30752
2023-01-27,Somnath,4,1,2023,0,0,None,18.1,0.0,25720
2023-01-27,Dwarka,4,1,2023,0,0,None,23.6,0.0,20871
2023-01-27,Ambaji,4,1,2023,0,0,None,21.4,0.0,35768
2023-01-27,Pavagadh,4,1,2023,0,0,None,18.7,0.0,19050
2023-01-28,Somnath,5,1,2023,1,0,None,24.7,0.0,34342
2023-01-28,Dwarka,5,1,2023,1,0,None,25.4,0.0,26235
2023-01-28,Ambaji,5,1,2023,1,0,None,21.6,0.0,47659
2023-01-28,Pavagadh,5,1,2023,1,0,None,24.6,0.0,28495
2023-01-29,Somnath,6,1,2023,1,0,None,21.0,0.0,33872
2023-01-29,Dwarka,6,1,2023,1,0,None,22.8,0.0,32623
2023-01-29,Ambaji,6,1,2023,1,0,None,28.0,0.0,51909
2023-01-29,Pavagadh,6,1,2023,1,0,None,21.3,0.0,28709
2023-01-30,Somnath,0,1,2023,0,0,None,18.9,0.0,25193
2023-01-30,Dwarka,0,1,2023,0,0,None,18.6,0.0,23916
2023-01-30,Ambaji,0,1,2023,0,0,None,25.4,0.0,34569
2023-01-30,Pavagadh,0,1,2023,0,0,None,20.4,0.0,20433
2023-01-31,Somnath,1,1,2023,0,0,None,25.3,0.0,27434
2023-01-31,Dwarka,1,1,2023,0,0,None,18.7,0.0,23834
2023-01-31,Ambaji,1,1,2023,0,0,None,24.5,0.0,36833
2023-01-31,Pavagadh,1,1,2023,0,0,None,22.5,0.0,20604
2023-02-01,Somnath,2,2,2023,0,0,None,20.4,0.0,23626
2023-02-01,Dwarka,2,2,2023,0,0,None,22.8,0.0,23685
2023-02-01,Ambaji,2,2,2023,0,0,None,23.6,0.0,36309
2023-02-01,Pavagadh,2,2,2023,0,0,None,26.0,0.0,18809
2023-02-02,Somnath,3,2,2023,0,0,None,19.1,0.0,23673
2023-02-02,Dwarka,3,2,2023,0,0,None,18.2,0.0,20472
2023-02-02,Ambaji,3,2,2023,0,0,None,27.9,0.0,35759
2023-02-02,Pavagadh,3,2,2023,0,0,None,26.3,0.0,21153
2023-02-03,Somnath,4,2,2023,0,0,None,24.5,0.0,27243
2023-02-03,Dwarka,4,2,2023,0,0,None,26.6,0.0,23018
2023-02-03,Ambaji,4,2,2023,0,0,None,22.1,0.0,32759
2023-02-03,Pavagadh,4,2,2023,0,0,None,19.4,0.0,20202
2023-02-04,Somnath,5,2,2023,1,0,None,24.8,0.0,34124
2023-02-04,Dwarka,5,2,2023,1,0,None,25.0,2.0,28841
2023-02-04,Ambaji,5,2,2023,1,0,None,22.8,0.0,53742
2023-02-04,Pavagadh,5,2,2023,1,0,None,18.5,0.0,28321
2023-02-05,Somnath,6,2,2023,1,0,None,23.2,0.0,34081
2023-02-05,Dwarka,6,2,2023,1,0,None,28.0,0.0,29272
2023-02-05,Ambaji,6,2,2023,1,0,None,21.1,0.0,50615
2023-02-05,Pavagadh,6,2,2023,1,0,None,27.1,0.0,31916
2023-02-06,Somnath,0,2,2023,0,0,None,21.7,0.0,26609
2023-02-06,Dwarka,0,2,2023,0,0,None,25.0,0.0,21758
2023-02-06,Ambaji,0,2,2023,0,0,None,23.8,0.0,36504
2023-02-06,Pavagadh,0,2,2023,0,0,None,24.9,0.0,20269
2023-02-07,Somnath,1,2,2023,0,0,None,23.7,0.0,23868
2023-02-07,Dwarka,1,2,2023,0,0,None,25.6,0.0,23492
2023-02-07,Ambaji,1,2,2023,0,0,None,25.7,0.0,32626
2023-02-07,Pavagadh,1,2,2023,0,0,None,27.2,0.0,21857
2023-02-08,Somnath,2,2,2023,0,0,None,22.0,0.0,26924
2023-02-08,Dwarka,2,2,2023,0,0,None,26.0,0.0,20193
2023-02-08,Ambaji,2,2,2023,0,0,None,26.8,0.0,34792
2023-02-08,Pavagadh,2,2,2023,0,0,None,27.1,0.0,18532
2023-02-09,Somnath,3,2,2023,0,0,None,23.2,0.0,26992
2023-02-09,Dwarka,3,2,2023,0,0,None,20.8,0.0,23319
2023-02-09,Ambaji,3,2,2023,0,0,None,19.3,0.0,35569
2023-02-09,Pavagadh,3,2,2023,0,0,None,25.9,0.0,21253
2023-02-10,Somnath,4,2,2023,0,0,None,24.2,0.0,22640
2023-02-10,Dwarka,4,2,2023,0,0,None,18.9,0.0,23156
2023-02-10,Ambaji,4,2,2023,0,0,None,23.4,0.0,35800
2023-02-10,Pavagadh,4,2,2023,0,0,None,19.0,0.0,19913
2023-02-11,Somnath,5,2,2023,1,0,None,24.0,0.0,34997
2023-02-11,Dwarka,5,2,2023,1,0,None,21.7,0.0,31514
2023-02-11,Ambaji,5,2,2023,1,0,None,19.8,2.0,45127
2023-02-11,Pavagadh,5,2,2023,1,0,None,24.7,0.0,28821
2023-02-12,Somnath,6,2,2023,1,0,None,19.7,0.0,32557
2023-02-12,Dwarka,6,2,2023,1,0,None,23.6,0.0,31221
2023-02-12,Ambaji,6,2,2023,1,0,None,21.2,0.0,44439
2023-02-12,Pavagadh,6,2,2023,1,0,None,25.1,0.0,29711
2023-02-13,Somnath,0,2,2023,0,0,None,21.1,0.0,25525
2023-02-13,Dwarka,0,2,2023,0,0,None,18.5,0.0,20151
2023-02-13,Ambaji,0,2,2023,0,0,None,23.0,0.0,37359
2023-02-13,Pavagadh,0,2,2023,0,0,None,27.1,0.0,20278
2023-02-14,Somnath,1,2,2023,0,0,None,24.8,0.0,24939
2023-02-14,Dwarka,1,2,2023,0,0,None,27.0,0.0,20106
2023-02-14,Ambaji,1,2,2023,0,0,None,20.0,0.0,33162
2023-02-14,Pavagadh,1,2,2023,0,0,None,21.9,0.0,19275
2023-02-15,Somnath,2,2,2023,0,0,None,18.9,0.0,25963
2023-02-15,Dwarka,2,2,2023,0,0,None,24.2,0.0,21544
2023-02-15,Ambaji,2,2,2023,0,0,None,26.2,0.0,31539
2023-02-15,Pavagadh,2,2,2023,0,0,None,18.8,0.0,18944
2023-02-16,Somnath,3,2,2023,0,0,None,27.1,0.0,24341
2023-02-16,Dwarka,3,2,2023,0,0,None,22.2,0.0,20420
2023-02-16,Ambaji,3,2,2023,0,0,None,26.8,0.0,38352
2023-02-16,Pavagadh,3,2,2023,0,0,None,19.7,0.0,18159
2023-02-17,Somnath,4,2,2023,0,0,None,22.3,0.0,22851
2023-02-17,Dwarka,4,2,2023,0,0,None,22.4,0.0,21992
2023-02-17,Ambaji,4,2,2023,0,0,None,23.0,0.0,32364
2023-02-17,Pavagadh,4,2,2023,0,0,None,18.8,0.0,21550
2023-02-18,Somnath,5,2,2023,1,0,Maha Shivratri,26.6,0.0,353822
2023-02-18,Dwarka,5,2,2023,1,0,None,19.7,0.0,30325
2023-02-18,Ambaji,5,2,2023,1,0,None,23.8,0.0,49558
2023-02-18,Pavagadh,5,2,2023,1,0,None,22.3,0.0,28682
2023-02-19,Somnath,6,2,2023,1,0,None,21.9,0.0,34147
2023-02-19,Dwarka,6,2,2023,1,0,None,25.4,0.0,29161
2023-02-19,Ambaji,6,2,2023,1,0,None,24.8,0.0,52015
2023-02-19,Pavagadh,6,2,2023,1,0,None,23.9,0.0,28014
2023-02-20,Somnath,0,2,2023,0,0,None,22.8,0.0,26307
2023-02-20,Dwarka,0,2,2023,0,0,None,22.8,2.0,23824
2023-02-20,Ambaji,0,2,2023,0,0,None,18.6,0.0,33603
2023-02-20,Pavagadh,0,2,2023,0,0,None,19.8,0.0,19699
2023-02-21,Somnath,1,2,2023,0,0,None,18.5,0.0,22981
2023-02-21,Dwarka,1,2,2023,0,0,None,18.5,0.0,21268
2023-02-21,Ambaji,1,2,2023,0,0,None,27.4,0.0,37982
2023-02-21,Pavagadh,1,2,2023,0,0,None,18.9,0.0,18990
2023-02-22,Somnath,2,2,2023,0,0,None,26.3,0.0,27262
2023-02-22,Dwarka,2,2,2023,0,0,None,18.5,0.0,21842
2023-02-22,Ambaji,2,2,2023,0,0,None,25.6,0.0,34496
2023-02-22,Pavagadh,2,2,2023,0,0,None,25.6,0.0,20284
2023-02-23,Somnath,3,2,2023,0,0,None,24.9,0.0,24707
2023-02-23,Dwarka,3,2,2023,0,0,None,25.9,0.0,23643
2023-02-23,Ambaji,3,2,2023,0,0,None,26.3,0.0,32409
2023-02-23,Pavagadh,3,2,2023,0,0,None,20.4,0.0,21931
2023-02-24,Somnath,4,2,2023,0,0,None,20.4,0.0,23874
2023-02-24,Dwarka,4,2,2023,0,0,None,18.4,0.0,20232
2023-02-24,Ambaji,4,2,2023,0,0,None,21.9,0.0,36387
2023-02-24,Pavagadh,4,2,2023,0,0,None,25.1,0.0,21245
2023-02-25,Somnath,5,2,2023,1,0,None,27.1,0.0,35500
2023-02-25,Dwarka,5,2,2023,1,0,None,20.3,0.0,31175
2023-02-25,Ambaji,5,2,2023,1,0,None,24.0,0.0,50364
2023-02-25,Pavagadh,5,2,2023,1,0,None,18.0,0.0,25645
2023-02-26,Somnath,6,2,2023,1,0,None,19.5,2.0,34153
2023-02-26,Dwarka,6,2,2023,1,0,None,23.8,0.0,30809
2023-02-26,Ambaji,6,2,2023,1,0,None,18.5,0.0,46276
2023-02-26,Pavagadh,6,2,2023,1,0,None,27.1,2.0,32669
2023-02-27,Somnath,0,2,2023,0,0,None,18.2,0.0,23864
2023-02-27,Dwarka,0,2,2023,0,0,None,26.7,0.0,21664
2023-02-27,Ambaji,0,2,2023,0,0,None,22.7,0.0,33521
2023-02-27,Pavagadh,0,2,2023,0,0,None,27.8,0.0,18767
2023-02-28,Somnath,1,2,2023,0,0,None,20.8,0.0,27444
2023-02-28,Dwarka,1,2,2023,0,0,None,27.1,0.0,22848
2023-02-28,Ambaji,1,2,2023,0,0,None,25.5,0.0,38042
2023-02-28,Pavagadh,1,2,2023,0,0,None,23.3,0.0,19588
2023-03-01,Somnath,2,3,2023,0,0,None,38.6,0.0,25996
2023-03-01,Dwarka,2,3,2023,0,0,None,41.7,0.0,20162
2023-03-01,Ambaji,2,3,2023,0,0,None,34.8,0.0,33550
2023-03-01,Pavagadh,2,3,2023,0,0,None,42.3,1.0,18428
2023-03-02,Somnath,3,3,2023,0,0,None,39.7,1.0,24816
2023-03-02,Dwarka,3,3,2023,0,0,None,39.9,0.0,20105
2023-03-02,Ambaji,3,3,2023,0,0,None,32.5,0.0,33573
2023-03-02,Pavagadh,3,3,2023,0,0,None,34.9,0.0,20863
2023-03-03,Somnath,4,3,2023,0,0,None,42.7,0.0,24128
2023-03-03,Dwarka,4,3,2023,0,0,None,37.4,0.0,22892
2023-03-03,Ambaji,4,3,2023,0,0,None,33.9,0.0,36576
2023-03-03,Pavagadh,4,3,2023,0,0,None,43.0,1.0,19149
2023-03-04,Somnath,5,3,2023,1,0,None,42.4,1.0,31312
2023-03-04,Dwarka,5,3,2023,1,0,None,41.1,0.0,26823
2023-03-04,Ambaji,5,3,2023,1,0,None,35.4,0.0,51122
2023-03-04,Pavagadh,5,3,2023,1,0,None,39.3,5.0,27872
2023-03-05,Somnath,6,3,2023,1,0,None,37.9,1.0,37589
2023-03-05,Dwarka,6,3,2023,1,0,None,35.4,0.0,29007
2023-03-05,Ambaji,6,3,2023,1,0,None,39.1,0.0,48731
2023-03-05,Pavagadh,6,3,2023,1,0,None,41.2,0.0,27815
2023-03-06,Somnath,0,3,2023,0,0,None,32.1,0.0,24141
2023-03-06,Dwarka,0,3,2023,0,0,None,38.0,1.0,23487
2023-03-06,Ambaji,0,3,2023,0,0,None,34.6,0.0,36114
2023-03-06,Pavagadh,0,3,2023,0,0,None,42.9,0.0,19677
2023-03-07,Somnath,1,3,2023,0,0,None,42.7,0.0,21618
2023-03-07,Dwarka,1,3,2023,0,0,None,41.5,0.0,20060
2023-03-07,Ambaji,1,3,2023,0,0,None,38.7,0.0,33917
2023-03-07,Pavagadh,1,3,2023,0,0,None,35.9,0.0,21340
2023-03-08,Somnath,2,3,2023,0,0,None,33.1,0.0,25886
2023-03-08,Dwarka,2,3,2023,0,0,None,38.1,1.0,22448
2023-03-08,Ambaji,2,3,2023,0,0,None,39.0,0.0,36554
2023-03-08,Pavagadh,2,3,2023,0,0,None,33.5,0.0,18169
2023-03-09,Somnath,3,3,2023,0,0,None,39.0,0.0,23540
2023-03-09,Dwarka,3,3,2023,0,0,None,32.4,0.0,20995
2023-03-09,Ambaji,3,3,2023,0,0,None,41.7,0.0,28710
2023-03-09,Pavagadh,3,3,2023,0,0,None,41.8,0.0,18068
2023-03-10,Somnath,4,3,2023,0,0,None,40.1,0.0,23181
2023-03-10,Dwarka,4,3,2023,0,0,None,34.8,0.0,21283
2023-03-10,Ambaji,4,3,2023,0,0,None,38.6,0.0,34640
2023-03-10,Pavagadh,4,3,2023,0,0,None,37.6,0.0,18791
2023-03-11,Somnath,5,3,2023,1,0,None,37.1,0.0,39485
2023-03-11,Dwarka,5,3,2023,1,0,None,33.8,0.0,26837
2023-03-11,Ambaji,5,3,2023,1,0,None,34.8,0.0,44465
2023-03-11,Pavagadh,5,3,2023,1,0,None,35.3,0.0,28132
2023-03-12,Somnath,6,3,2023,1,0,None,34.6,0.0,32838
2023-03-12,Dwarka,6,3,2023,1,0,None,41.3,0.0,28878
2023-03-12,Ambaji,6,3,2023,1,0,None,41.7,0.0,42062
2023-03-12,Pavagadh,6,3,2023,1,0,None,42.5,0.0,24682
2023-03-13,Somnath,0,3,2023,0,0,None,37.2,0.0,25544
2023-03-13,Dwarka,0,3,2023,0,0,None,33.1,0.0,23597
2023-03-13,Ambaji,0,3,2023,0,0,None,37.2,0.0,36119
2023-03-13,Pavagadh,0,3,2023,0,0,None,34.1,0.0,18082
2023-03-14,Somnath,1,3,2023,0,0,None,42.0,0.0,21317
2023-03-14,Dwarka,1,3,2023,0,0,None,32.8,0.0,21951
2023-03-14,Ambaji,1,3,2023,0,0,None,37.6,0.0,36094
2023-03-14,Pavagadh,1,3,2023,0,0,None,39.4,0.0,20574
2023-03-15,Somnath,2,3,2023,0,0,None,35.4,0.0,24466
2023-03-15,Dwarka,2,3,2023,0,0,None,35.6,0.0,20145
2023-03-15,Ambaji,2,3,2023,0,0,None,37.6,0.0,33853
2023-03-15,Pavagadh,2,3,2023,0,0,None,42.7,0.0,19041
2023-03-16,Somnath,3,3,2023,0,0,None,34.1,1.0,26926
2023-03-16,Dwarka,3,3,2023,0,0,None,37.2,0.0,20779
2023-03-16,Ambaji,3,3,2023,0,0,None,40.9,0.0,35966
2023-03-16,Pavagadh,3,3,2023,0,0,None,39.0,0.0,20819
2023-03-17,Somnath,4,3,2023,0,0,None,39.8,0.0,24916
2023-03-17,Dwarka,4,3,2023,0,0,None,41.2,0.0,19709
2023-03-17,Ambaji,4,3,2023,0,0,None,33.6,5.0,35220
2023-03-17,Pavagadh,4,3,2023,0,0,None,35.7,0.0,20483
2023-03-18,Somnath,5,3,2023,1,0,None,34.6,0.0,33549
2023-03-18,Dwarka,5,3,2023,1,0,None,37.3,0.0,33243
2023-03-18,Ambaji,5,3,2023,1,0,None,40.4,0.0,50478
2023-03-18,Pavagadh,5,3,2023,1,0,None,37.8,1.0,24272
2023-03-19,Somnath,6,3,2023,1,0,None,42.9,1.0,32704
2023-03-19,Dwarka,6,3,2023,1,0,None,34.8,0.0,27668
2023-03-19,Ambaji,6,3,2023,1,0,None,37.0,0.0,50325
2023-03-19,Pavagadh,6,3,2023,1,0,None,41.5,0.0,23581
2023-03-20,Somnath,0,3,2023,0,0,None,36.3,0.0,24559
2023-03-20,Dwarka,0,3,2023,0,0,None,42.0,0.0,18990
2023-03-20,Ambaji,0,3,2023,0,0,None,40.4,0.0,37696
2023-03-20,Pavagadh,0,3,2023,0,0,None,40.2,0.0,18450
2023-03-21,Somnath,1,3,2023,0,0,None,39.1,0.0,25439
2023-03-21,Dwarka,1,3,2023,0,0,None,40.7,0.0,21628
2023-03-21,Ambaji,1,3,2023,0,0,None,39.1,0.0,36562
2023-03-21,Pavagadh,1,3,2023,0,0,None,39.7,0.0,19115
2023-03-22,Somnath,2,3,2023,0,0,None,40.8,0.0,22795
2023-03-22,Dwarka,2,3,2023,0,0,None,42.1,0.0,19734
2023-03-22,Ambaji,2,3,2023,0,0,None,42.6,0.0,32591
2023-03-22,Pavagadh,2,3,2023,0,0,None,35.1,0.0,19093
2023-03-23,Somnath,3,3,2023,0,0,None,35.2,0.0,23200
2023-03-23,Dwarka,3,3,2023,0,0,None,40.6,0.0,21492
2023-03-23,Ambaji,3,3,2023,0,0,None,35.3,0.0,33722
2023-03-23,Pavagadh,3,3,2023,0,0,None,36.7,0.0,20503
2023-03-24,Somnath,4,3,2023,0,0,None,40.2,0.0,26575
2023-03-24,Dwarka,4,3,2023,0,0,None,34.2,5.0,21893
2023-03-24,Ambaji,4,3,2023,0,0,None,39.9,0.0,35463
2023-03-24,Pavagadh,4,3,2023,0,0,None,43.0,0.0,16514
2023-03-25,Somnath,5,3,2023,1,0,None,34.0,0.0,35059
2023-03-25,Dwarka,5,3,2023,1,0,None,39.0,0.0,27811
2023-03-25,Ambaji,5,3,2023,1,0,None,42.1,0.0,39586
2023-03-25,Pavagadh,5,3,2023,1,0,None,34.0,0.0,28867
2023-03-26,Somnath,6,3,2023,1,0,None,41.7,0.0,29248
2023-03-26,Dwarka,6,3,2023,1,0,None,36.1,0.0,30094
2023-03-26,Ambaji,6,3,2023,1,0,None,38.7,0.0,42907
2023-03-26,Pavagadh,6,3,2023,1,0,None,37.8,0.0,31534
2023-03-27,Somnath,0,3,2023,0,0,None,35.8,0.0,25165
2023-03-27,Dwarka,0,3,2023,0,0,None,33.7,0.0,22789
2023-03-27,Ambaji,0,3,2023,0,0,None,32.9,0.0,31537
2023-03-27,Pavagadh,0,3,2023,0,0,None,35.5,0.0,20520
2023-03-28,Somnath,1,3,2023,0,0,None,34.2,0.0,24078
2023-03-28,Dwarka,1,3,2023,0,0,None,41.1,0.0,19491
2023-03-28,Ambaji,1,3,2023,0,0,None,40.3,0.0,32138
2023-03-28,Pavagadh,1,3,2023,0,0,None,34.3,0.0,20031
2023-03-29,Somnath,2,3,2023,0,0,None,32.3,0.0,25535
2023-03-29,Dwarka,2,3,2023,0,0,None,35.9,0.0,21521
2023-03-29,Ambaji,2,3,2023,0,0,None,42.8,1.0,35507
2023-03-29,Pavagadh,2,3,2023,0,0,None,34.3,0.0,19286
2023-03-30,Somnath,3,3,2023,0,0,None,40.0,0.0,23947
2023-03-30,Dwarka,3,3,2023,0,0,None,42.5,0.0,21080
2023-03-30,Ambaji,3,3,2023,0,0,None,35.3,0.0,32500
2023-03-30,Pavagadh,3,3,2023,0,0,None,42.1,1.0,19755
2023-03-31,Somnath,4,3,2023,0,0,None,32.9,0.0,24154
2023-03-31,Dwarka,4,3,2023,0,0,None,38.2,0.0,22278
2023-03-31,Ambaji,4,3,2023,0,0,None,39.2,0.0,32422
2023-03-31,Pavagadh,4,3,2023,0,0,None,32.4,0.0,19324
2023-04-01,Somnath,5,4,2023,1,0,None,34.5,0.0,32732
2023-04-01,Dwarka,5,4,2023,1,0,None,40.2,0.0,28911
2023-04-01,Ambaji,5,4,2023,1,0,None,34.0,0.0,49036
2023-04-01,Pavagadh,5,4,2023,1,0,None,35.9,0.0,29070
2023-04-02,Somnath,6,4,2023,1,0,None,39.1,0.0,34578
2023-04-02,Dwarka,6,4,2023,1,0,None,37.1,0.0,29281
2023-04-02,Ambaji,6,4,2023,1,0,None,32.9,0.0,44398
2023-04-02,Pavagadh,6,4,2023,1,0,None,41.8,0.0,25853
2023-04-03,Somnath,0,4,2023,0,0,None,39.9,0.0,25139
2023-04-03,Dwarka,0,4,2023,0,0,None,38.3,0.0,23169
2023-04-03,Ambaji,0,4,2023,0,0,None,39.3,1.0,38135
2023-04-03,Pavagadh,0,4,2023,0,0,None,36.6,0.0,18044
2023-04-04,Somnath,1,4,2023,0,0,None,33.4,0.0,24366
2023-04-04,Dwarka,1,4,2023,0,0,None,32.6,0.0,20636
2023-04-04,Ambaji,1,4,2023,0,0,None,37.7,0.0,37294
2023-04-04,Pavagadh,1,4,2023,0,0,None,40.6,0.0,21642
2023-04-05,Somnath,2,4,2023,0,0,None,34.0,0.0,25229
2023-04-05,Dwarka,2,4,2023,0,0,None,35.6,0.0,20553
2023-04-05,Ambaji,2,4,2023,0,0,None,41.5,0.0,30554
2023-04-05,Pavagadh,2,4,2023,0,0,None,33.2,0.0,21631
2023-04-06,Somnath,3,4,2023,0,0,None,37.0,0.0,27245
2023-04-06,Dwarka,3,4,2023,0,0,None,36.4,0.0,21001
2023-04-06,Ambaji,3,4,2023,0,0,None,38.2,0.0,31613
2023-04-06,Pavagadh,3,4,2023,0,0,None,39.2,0.0,20463
2023-04-07,Somnath,4,4,2023,0,0,None,41.6,0.0,22587
2023-04-07,Dwarka,4,4,2023,0,0,None,34.1,0.0,20225
2023-04-07,Ambaji,4,4,2023,0,0,None,40.5,0.0,33526
2023-04-07,Pavagadh,4,4,2023,0,0,None,33.4,0.0,20013
2023-04-08,Somnath,5,4,2023,1,0,None,34.3,0.0,36418
2023-04-08,Dwarka,5,4,2023,1,0,None,35.0,0.0,29774
2023-04-08,Ambaji,5,4,2023,1,0,None,34.9,0.0,51431
2023-04-08,Pavagadh,5,4,2023,1,0,None,34.3,0.0,31235
2023-04-09,Somnath,6,4,2023,1,0,None,42.3,0.0,30525
2023-04-09,Dwarka,6,4,2023,1,0,None,35.9,0.0,33134
2023-04-09,Ambaji,6,4,2023,1,0,None,32.8,0.0,53574
2023-04-09,Pavagadh,6,4,2023,1,0,None,42.1,0.0,25106
2023-04-10,Somnath,0,4,2023,0,0,None,37.5,0.0,23845
2023-04-10,Dwarka,0,4,2023,0,0,None,32.3,0.0,23473
2023-04-10,Ambaji,0,4,2023,0,0,None,42.9,0.0,32378
2023-04-10,Pavagadh,0,4,2023,0,0,None,41.1,0.0,19021
2023-04-11,Somnath,1,4,2023,0,0,None,42.5,0.0,20182
2023-04-11,Dwarka,1,4,2023,0,0,None,35.9,0.0,21732
2023-04-11,Ambaji,1,4,2023,0,0,None,38.6,0.0,31894
2023-04-11,Pavagadh,1,4,2023,0,0,None,42.7,0.0,17108
2023-04-12,Somnath,2,4,2023,0,0,None,40.9,0.0,25897
2023-04-12,Dwarka,2,4,2023,0,0,None,39.3,1.0,21210
2023-04-12,Ambaji,2,4,2023,0,0,None,33.2,0.0,33821
2023-04-12,Pavagadh,2,4,2023,0,0,None,34.6,0.0,18584
2023-04-13,Somnath,3,4,2023,0,0,None,35.3,0.0,23886
2023-04-13,Dwarka,3,4,2023,0,0,None,37.0,0.0,23208
2023-04-13,Ambaji,3,4,2023,0,0,None,42.1,0.0,35449
2023-04-13,Pavagadh,3,4,2023,0,0,None,39.6,5.0,19340
2023-04-14,Somnath,4,4,2023,0,0,None,41.1,0.0,22961
2023-04-14,Dwarka,4,4,2023,0,0,None,37.6,0.0,20565
2023-04-14,Ambaji,4,4,2023,0,0,None,39.8,0.0,35215
2023-04-14,Pavagadh,4,4,2023,0,0,None,37.5,0.0,19717
2023-04-15,Somnath,5,4,2023,1,0,None,41.6,0.0,36678
2023-04-15,Dwarka,5,4,2023,1,0,None,33.6,0.0,28982
2023-04-15,Ambaji,5,4,2023,1,0,None,40.5,0.0,52376
2023-04-15,Pavagadh,5,4,2023,1,0,None,40.2,0.0,27012
2023-04-16,Somnath,6,4,2023,1,0,None,41.2,0.0,29365
2023-04-16,Dwarka,6,4,2023,1,0,None,41.7,0.0,28113
2023-04-16,Ambaji,6,4,2023,1,0,None,36.8,1.0,55291
2023-04-16,Pavagadh,6,4,2023,1,0,None,36.5,0.0,27864
2023-04-17,Somnath,0,4,2023,0,0,None,37.7,0.0,25053
2023-04-17,Dwarka,0,4,2023,0,0,None,35.4,0.0,24060
2023-04-17,Ambaji,0,4,2023,0,0,None,36.5,0.0,36143
2023-04-17,Pavagadh,0,4,2023,0,0,None,36.1,5.0,18357
2023-04-18,Somnath,1,4,2023,0,0,None,33.3,0.0,26293
2023-04-18,Dwarka,1,4,2023,0,0,None,37.2,0.0,21163
2023-04-18,Ambaji,1,4,2023,0,0,None,35.7,0.0,37454
2023-04-18,Pavagadh,1,4,2023,0,0,None,32.7,0.0,20990
2023-04-19,Somnath,2,4,2023,0,0,None,32.0,0.0,26031
2023-04-19,Dwarka,2,4,2023,0,0,None,32.8,0.0,21944
2023-04-19,Ambaji,2,4,2023,0,0,None,39.2,0.0,37668
2023-04-19,Pavagadh,2,4,2023,0,0,None,36.5,0.0,19029
2023-04-20,Somnath,3,4,2023,0,0,None,40.4,1.0,22861
2023-04-20,Dwarka,3,4,2023,0,0,None,32.2,0.0,21501
2023-04-20,Ambaji,3,4,2023,0,0,None,35.0,0.0,33925
2023-04-20,Pavagadh,3,4,2023,0,0,None,42.7,1.0,19301
2023-04-21,Somnath,4,4,2023,0,0,None,35.3,0.0,23560
2023-04-21,Dwarka,4,4,2023,0,0,None,41.1,0.0,20794
2023-04-21,Ambaji,4,4,2023,0,0,None,34.4,5.0,32260
2023-04-21,Pavagadh,4,4,2023,0,0,None,32.1,0.0,20346
2023-04-22,Somnath,5,4,2023,1,0,None,36.6,0.0,34622
2023-04-22,Dwarka,5,4,2023,1,0,None,37.3,0.0,34309
2023-04-22,Ambaji,5,4,2023,1,0,None,39.2,0.0,47589
2023-04-22,Pavagadh,5,4,2023,1,0,None,34.9,0.0,31481
2023-04-23,Somnath,6,4,2023,1,0,None,38.9,0.0,35576
2023-04-23,Dwarka,6,4,2023,1,0,None,40.9,0.0,30085
2023-04-23,Ambaji,6,4,2023,1,0,None,39.9,0.0,49232
2023-04-23,Pavagadh,6,4,2023,1,0,None,38.1,0.0,24228
2023-04-24,Somnath,0,4,2023,0,0,None,33.8,0.0,25116
2023-04-24,Dwarka,0,4,2023,0,0,None,41.4,0.0,19119
2023-04-24,Ambaji,0,4,2023,0,0,None,33.4,0.0,35269
2023-04-24,Pavagadh,0,4,2023,0,0,None,34.9,0.0,18530
2023-04-25,Somnath,1,4,2023,0,0,None,33.1,0.0,24379
2023-04-25,Dwarka,1,4,2023,0,0,None,41.1,0.0,20142
2023-04-25,Ambaji,1,4,2023,0,0,None,38.2,0.0,32163
2023-04-25,Pavagadh,1,4,2023,0,0,None,40.1,0.0,19110
2023-04-26,Somnath,2,4,2023,0,0,None,33.0,0.0,25726
2023-04-26,Dwarka,2,4,2023,0,0,None,41.8,0.0,21900
2023-04-26,Ambaji,2,4,2023,0,0,None,35.3,0.0,34705
2023-04-26,Pavagadh,2,4,2023,0,0,None,38.2,0.0,20808
2023-04-27,Somnath,3,4,2023,0,0,None,32.9,0.0,23218
2023-04-27,Dwarka,3,4,2023,0,0,None,32.3,0.0,22358
2023-04-27,Ambaji,3,4,2023,0,0,None,32.4,0.0,35241
2023-04-27,Pavagadh,3,4,2023,0,0,None,32.6,0.0,18841
2023-04-28,Somnath,4,4,2023,0,0,None,40.7,0.0,24889
2023-04-28,Dwarka,4,4,2023,0,0,None,41.8,0.0,19033
2023-04-28,Ambaji,4,4,2023,0,0,None,32.5,0.0,34374
2023-04-28,Pavagadh,4,4,2023,0,0,None,42.0,0.0,17913
2023-04-29,Somnath,5,4,2023,1,0,None,40.8,0.0,37506
2023-04-29,Dwarka,5,4,2023,1,0,None,41.3,0.0,28999
2023-04-29,Ambaji,5,4,2023,1,0,None,37.8,0.0,48517
2023-04-29,Pavagadh,5,4,2023,1,0,None,33.4,0.0,23889
2023-04-30,Somnath,6,4,2023,1,0,None,39.3,0.0,32050
2023-04-30,Dwarka,6,4,2023,1,0,None,37.5,0.0,30185
2023-04-30,Ambaji,6,4,2023,1,0,None,36.7,0.0,49071
2023-04-30,Pavagadh,6,4,2023,1,0,None,34.7,0.0,26484
2023-05-01,Somnath,0,5,2023,0,0,None,38.8,0.0,24749
2023-05-01,Dwarka,0,5,2023,0,0,None,37.1,0.0,23865
2023-05-01,Ambaji,0,5,2023,0,0,None,41.3,0.0,31216
2023-05-01,Pavagadh,0,5,2023,0,0,None,40.0,0.0,19843
2023-05-02,Somnath,1,5,2023,0,0,None,32.6,1.0,26687
2023-05-02,Dwarka,1,5,2023,0,0,None,40.7,0.0,21074
2023-05-02,Ambaji,1,5,2023,0,0,None,38.3,0.0,38042
2023-05-02,Pavagadh,1,5,2023,0,0,None,35.0,0.0,20895
2023-05-03,Somnath,2,5,2023,0,0,None,34.5,0.0,23437
2023-05-03,Dwarka,2,5,2023,0,0,None,39.7,0.0,23661
2023-05-03,Ambaji,2,5,2023,0,0,None,39.4,0.0,36127
2023-05-03,Pavagadh,2,5,2023,0,0,None,41.5,0.0,19322
2023-05-04,Somnath,3,5,2023,0,0,None,41.2,0.0,23008
2023-05-04,Dwarka,3,5,2023,0,0,None,41.5,0.0,19294
2023-05-04,Ambaji,3,5,2023,0,0,None,37.2,0.0,38292
2023-05-04,Pavagadh,3,5,2023,0,0,None,32.6,1.0,18637
2023-05-05,Somnath,4,5,2023,0,0,None,36.1,0.0,26155
2023-05-05,Dwarka,4,5,2023,0,0,None,34.4,5.0,23095
2023-05-05,Ambaji,4,5,2023,0,0,None,40.7,0.0,34834
2023-05-05,Pavagadh,4,5,2023,0,0,None,42.4,0.0,17240
2023-05-06,Somnath,5,5,2023,1,0,None,42.2,0.0,34350
2023-05-06,Dwarka,5,5,2023,1,0,None,32.5,0.0,26763
2023-05-06,Ambaji,5,5,2023,1,0,None,35.3,0.0,47636
2023-05-06,Pavagadh,5,5,2023,1,0,None,36.5,1.0,26028
2023-05-07,Somnath,6,5,2023,1,0,None,34.8,0.0,38475
2023-05-07,Dwarka,6,5,2023,1,0,None,37.7,0.0,29855
2023-05-07,Ambaji,6,5,2023,1,0,None,34.7,0.0,51027
2023-05-07,Pavagadh,6,5,2023,1,0,None,34.5,0.0,27856
2023-05-08,Somnath,0,5,2023,0,0,None,32.4,0.0,24757
2023-05-08,Dwarka,0,5,2023,0,0,None,39.2,0.0,23161
2023-05-08,Ambaji,0,5,2023,0,0,None,33.4,0.0,33658
2023-05-08,Pavagadh,0,5,2023,0,0,None,40.3,0.0,18264
2023-05-09,Somnath,1,5,2023,0,0,None,34.1,0.0,24578
2023-05-09,Dwarka,1,5,2023,0,0,None,37.2,0.0,24177
2023-05-09,Ambaji,1,5,2023,0,0,None,42.2,0.0,34036
2023-05-09,Pavagadh,1,5,2023,0,0,None,36.7,0.0,19517
2023-05-10,Somnath,2,5,2023,0,0,None,32.3,0.0,24783
2023-05-10,Dwarka,2,5,2023,0,0,None,37.8,0.0,23250
2023-05-10,Ambaji,2,5,2023,0,0,None,40.7,0.0,37832
2023-05-10,Pavagadh,2,5,2023,0,0,None,33.3,0.0,20234
2023-05-11,Somnath,3,5,2023,0,0,None,34.5,0.0,24005
2023-05-11,Dwarka,3,5,2023,0,0,None,41.4,0.0,18470
2023-05-11,Ambaji,3,5,2023,0,0,None,42.5,0.0,33806
2023-05-11,Pavagadh,3,5,2023,0,0,None,33.5,0.0,18129
2023-05-12,Somnath,4,5,2023,0,0,None,33.1,0.0,23275
2023-05-12,Dwarka,4,5,2023,0,0,None,36.9,0.0,21653
2023-05-12,Ambaji,4,5,2023,0,0,None,32.8,0.0,32053
2023-05-12,Pavagadh,4,5,2023,0,0,None,41.2,0.0,19140
2023-05-13,Somnath,5,5,2023,1,0,None,34.0,0.0,32399
2023-05-13,Dwarka,5,5,2023,1,0,None,42.9,0.0,26661
2023-05-13,Ambaji,5,5,2023,1,0,None,42.4,1.0,44169
2023-05-13,Pavagadh,5,5,2023,1,0,None,36.3,0.0,28660
2023-05-14,Somnath,6,5,2023,1,0,None,40.8,0.0,37685
2023-05-14,Dwarka,6,5,2023,1,0,None,34.7,0.0,27792
2023-05-14,Ambaji,6,5,2023,1,0,None,36.1,0.0,46196
2023-05-14,Pavagadh,6,5,2023,1,0,None,35.3,0.0,29936
2023-05-15,Somnath,0,5,2023,0,0,None,33.9,0.0,23767
2023-05-15,Dwarka,0,5,2023,0,0,None,34.5,0.0,20589
2023-05-15,Ambaji,0,5,2023,0,0,None,41.7,0.0,27962
2023-05-15,Pavagadh,0,5,2023,0,0,None,32.9,0.0,21563
2023-05-16,Somnath,1,5,2023,0,0,None,36.4,0.0,25282
2023-05-16,Dwarka,1,5,2023,0,0,None,34.3,0.0,20507
2023-05-16,Ambaji,1,5,2023,0,0,None,40.4,0.0,34572
2023-05-16,Pavagadh,1,5,2023,0,0,None,33.0,0.0,19383
2023-05-17,Somnath,2,5,2023,0,0,None,32.3,0.0,25352
2023-05-17,Dwarka,2,5,2023,0,0,None,34.7,0.0,21432
2023-05-17,Ambaji,2,5,2023,0,0,None,40.2,0.0,37584
2023-05-17,Pavagadh,2,5,2023,0,0,None,38.0,0.0,21290
2023-05-18,Somnath,3,5,2023,0,0,None,40.6,1.0,22967
2023-05-18,Dwarka,3,5,2023,0,0,None,38.5,0.0,22751
2023-05-18,Ambaji,3,5,2023,0,0,None,42.8,0.0,31167
2023-05-18,Pavagadh,3,5,2023,0,0,None,35.3,0.0,18154
2023-05-19,Somnath,4,5,2023,0,0,None,35.1,0.0,24787
2023-05-19,Dwarka,4,5,2023,0,0,None,37.1,0.0,22010
2023-05-19,Ambaji,4,5,2023,0,0,None,37.1,0.0,37467
2023-05-19,Pavagadh,4,5,2023,0,0,None,33.0,5.0,19904
2023-05-20,Somnath,5,5,2023,1,0,None,34.0,0.0,30404
2023-05-20,Dwarka,5,5,2023,1,0,None,35.7,0.0,30196
2023-05-20,Ambaji,5,5,2023,1,0,None,41.3,0.0,37044
2023-05-20,Pavagadh,5,5,2023,1,0,None,40.0,0.0,25683
2023-05-21,Somnath,6,5,2023,1,0,None,34.3,0.0,38129
2023-05-21,Dwarka,6,5,2023,1,0,None,43.0,0.0,24683
2023-05-21,Ambaji,6,5,2023,1,0,None,42.9,0.0,50766
2023-05-21,Pavagadh,6,5,2023,1,0,None,38.6,0.0,26659
2023-05-22,Somnath,0,5,2023,0,0,None,42.5,1.0,20745
2023-05-22,Dwarka,0,5,2023,0,0,None,38.5,0.0,20325
2023-05-22,Ambaji,0,5,2023,0,0,None,36.1,1.0,38160
2023-05-22,Pavagadh,0,5,2023,0,0,None,38.2,0.0,18887
2023-05-23,Somnath,1,5,2023,0,0,None,40.2,0.0,23603
2023-05-23,Dwarka,1,5,2023,0,0,None,32.1,0.0,23541
2023-05-23,Ambaji,1,5,2023,0,0,None,42.8,0.0,30821
2023-05-23,Pavagadh,1,5,2023,0,0,None,37.7,0.0,19989
2023-05-24,Somnath,2,5,2023,0,0,None,33.0,0.0,23597
2023-05-24,Dwarka,2,5,2023,0,0,None,33.1,0.0,20128
2023-05-24,Ambaji,2,5,2023,0,0,None,38.9,0.0,33296
2023-05-24,Pavagadh,2,5,2023,0,0,None,42.6,0.0,18075
2023-05-25,Somnath,3,5,2023,0,0,None,35.9,0.0,26503
2023-05-25,Dwarka,3,5,2023,0,0,None,33.7,0.0,23596
2023-05-25,Ambaji,3,5,2023,0,0,None,35.6,0.0,31690
2023-05-25,Pavagadh,3,5,2023,0,0,None,33.2,0.0,19307
2023-05-26,Somnath,4,5,2023,0,0,None,35.3,0.0,25755
2023-05-26,Dwarka,4,5,2023,0,0,None,42.9,1.0,20296
2023-05-26,Ambaji,4,5,2023,0,0,None,42.3,1.0,34727
2023-05-26,Pavagadh,4,5,2023,0,0,None,35.2,0.0,19951
2023-05-27,Somnath,5,5,2023,1,0,None,32.6,5.0,37434
2023-05-27,Dwarka,5,5,2023,1,0,None,40.5,0.0,27589
2023-05-27,Ambaji,5,5,2023,1,0,None,39.4,0.0,48504
2023-05-27,Pavagadh,5,5,2023,1,0,None,33.7,0.0,28777
2023-05-28,Somnath,6,5,2023,1,0,None,34.2,0.0,33522
2023-05-28,Dwarka,6,5,2023,1,0,None,38.8,0.0,31208
2023-05-28,Ambaji,6,5,2023,1,0,None,35.1,0.0,54591
2023-05-28,Pavagadh,6,5,2023,1,0,None,36.6,0.0,28218
2023-05-29,Somnath,0,5,2023,0,0,None,39.8,0.0,26592
2023-05-29,Dwarka,0,5,2023,0,0,None,35.2,1.0,22329
2023-05-29,Ambaji,0,5,2023,0,0,None,35.9,0.0,33934
2023-05-29,Pavagadh,0,5,2023,0,0,None,33.6,0.0,19287
2023-05-30,Somnath,1,5,2023,0,0,None,37.0,0.0,22569
2023-05-30,Dwarka,1,5,2023,0,0,None,38.4,0.0,20728
2023-05-30,Ambaji,1,5,2023,0,0,None,33.3,0.0,32166
2023-05-30,Pavagadh,1,5,2023,0,0,None,34.8,0.0,18670
2023-05-31,Somnath,2,5,2023,0,0,None,36.9,0.0,26802
2023-05-31,Dwarka,2,5,2023,0,0,None,40.7,5.0,22127
2023-05-31,Ambaji,2,5,2023,0,0,None,38.3,1.0,34297
2023-05-31,Pavagadh,2,5,2023,0,0,None,38.1,0.0,20183
2023-06-01,Somnath,3,6,2023,0,0,None,32.9,0.0,27426
2023-06-01,Dwarka,3,6,2023,0,0,None,32.7,0.0,20863
2023-06-01,Ambaji,3,6,2023,0,0,None,34.2,0.0,31808
2023-06-01,Pavagadh,3,6,2023,0,0,None,37.1,0.0,20217
2023-06-02,Somnath,4,6,2023,0,0,None,37.1,1.0,26101
2023-06-02,Dwarka,4,6,2023,0,0,None,33.4,0.0,23898
2023-06-02,Ambaji,4,6,2023,0,0,None,40.0,0.0,35413
2023-06-02,Pavagadh,4,6,2023,0,0,None,36.4,0.0,21086
2023-06-03,Somnath,5,6,2023,1,0,None,33.4,1.0,33344
2023-06-03,Dwarka,5,6,2023,1,0,None,32.2,0.0,28764
2023-06-03,Ambaji,5,6,2023,1,0,None,42.8,0.0,40051
2023-06-03,Pavagadh,5,6,2023,1,0,None,36.3,0.0,29847
2023-06-04,Somnath,6,6,2023,1,0,None,34.1,0.0,31490
2023-06-04,Dwarka,6,6,2023,1,0,None,37.2,0.0,29817
2023-06-04,Ambaji,6,6,2023,1,0,None,42.9,0.0,36882
2023-06-04,Pavagadh,6,6,2023,1,0,None,33.0,0.0,27400
2023-06-05,Somnath,0,6,2023,0,0,None,36.4,0.0,25722
2023-06-05,Dwarka,0,6,2023,0,0,None,34.0,1.0,23005
2023-06-05,Ambaji,0,6,2023,0,0,None,42.5,0.0,33284
2023-06-05,Pavagadh,0,6,2023,0,0,None,39.8,0.0,21993
2023-06-06,Somnath,1,6,2023,0,0,None,42.2,0.0,21770
2023-06-06,Dwarka,1,6,2023,0,0,None,41.7,0.0,17402
2023-06-06,Ambaji,1,6,2023,0,0,None,35.2,0.0,32489
2023-06-06,Pavagadh,1,6,2023,0,0,None,39.0,0.0,19872
2023-06-07,Somnath,2,6,2023,0,0,None,38.6,0.0,24083
2023-06-07,Dwarka,2,6,2023,0,0,None,39.8,0.0,21334
2023-06-07,Ambaji,2,6,2023,0,0,None,34.1,0.0,37166
2023-06-07,Pavagadh,2,6,2023,0,0,None,37.2,0.0,21353
2023-06-08,Somnath,3,6,2023,0,0,None,32.8,0.0,23805
2023-06-08,Dwarka,3,6,2023,0,0,None,42.3,0.0,20615
2023-06-08,Ambaji,3,6,2023,0,0,None,37.9,0.0,36463
2023-06-08,Pavagadh,3,6,2023,0,0,None,37.4,0.0,18180
2023-06-09,Somnath,4,6,2023,0,0,None,33.6,0.0,24797
2023-06-09,Dwarka,4,6,2023,0,0,None,34.5,0.0,22579
2023-06-09,Ambaji,4,6,2023,0,0,None,32.6,0.0,35161
2023-06-09,Pavagadh,4,6,2023,0,0,None,35.4,0.0,18227
2023-06-10,Somnath,5,6,2023,1,0,None,41.5,0.0,34056
2023-06-10,Dwarka,5,6,2023,1,0,None,42.2,0.0,25226
2023-06-10,Ambaji,5,6,2023,1,0,None,42.0,0.0,51602
2023-06-10,Pavagadh,5,6,2023,1,0,None,33.8,0.0,28098
2023-06-11,Somnath,6,6,2023,1,0,None,42.8,0.0,33024
2023-06-11,Dwarka,6,6,2023,1,0,None,37.8,0.0,28821
2023-06-11,Ambaji,6,6,2023,1,0,None,37.5,0.0,48185
2023-06-11,Pavagadh,6,6,2023,1,0,None,32.2,0.0,29772
2023-06-12,Somnath,0,6,2023,0,0,None,40.4,0.0,22831
2023-06-12,Dwarka,0,6,2023,0,0,None,39.6,0.0,21265
2023-06-12,Ambaji,0,6,2023,0,0,None,34.6,0.0,33565
2023-06-12,Pavagadh,0,6,2023,0,0,None,37.0,0.0,20330
2023-06-13,Somnath,1,6,2023,0,0,None,36.0,1.0,24979
2023-06-13,Dwarka,1,6,2023,0,0,None,36.7,0.0,22435
2023-06-13,Ambaji,1,6,2023,0,0,None,38.6,0.0,37713
2023-06-13,Pavagadh,1,6,2023,0,0,None,40.4,0.0,18237
2023-06-14,Somnath,2,6,2023,0,0,None,35.5,0.0,25785
2023-06-14,Dwarka,2,6,2023,0,0,None,36.9,0.0,21491
2023-06-14,Ambaji,2,6,2023,0,0,None,34.4,0.0,32777
2023-06-14,Pavagadh,2,6,2023,0,0,None,34.2,0.0,18064
2023-06-15,Somnath,3,6,2023,0,0,None,39.9,0.0,22613
2023-06-15,Dwarka,3,6,2023,0,0,None,36.1,1.0,22049
2023-06-15,Ambaji,3,6,2023,0,0,None,42.9,0.0,31144
2023-06-15,Pavagadh,3,6,2023,0,0,None,35.2,0.0,21947
2023-06-16,Somnath,4,6,2023,0,0,None,41.1,0.0,20880
2023-06-16,Dwarka,4,6,2023,0,0,None,33.0,0.0,20938
2023-06-16,Ambaji,4,6,2023,0,0,None,36.3,0.0,32552
2023-06-16,Pavagadh,4,6,2023,0,0,None,35.4,0.0,19184
2023-06-17,Somnath,5,6,2023,1,0,None,36.0,0.0,36618
2023-06-17,Dwarka,5,6,2023,1,0,None,33.3,0.0,27741
2023-06-17,Ambaji,5,6,2023,1,0,None,35.1,0.0,53499
2023-06-17,Pavagadh,5,6,2023,1,0,None,36.3,0.0,25704
2023-06-18,Somnath,6,6,2023,1,0,None,36.4,0.0,33715
2023-06-18,Dwarka,6,6,2023,1,0,None,40.2,0.0,26147
2023-06-18,Ambaji,6,6,2023,1,0,None,32.8,1.0,54270
2023-06-18,Pavagadh,6,6,2023,1,0,None,37.7,0.0,29058
2023-06-19,Somnath,0,6,2023,0,0,None,41.1,0.0,23125
2023-06-19,Dwarka,0,6,2023,0,0,None,32.3,0.0,21763
2023-06-19,Ambaji,0,6,2023,0,0,None,36.9,0.0,36020
2023-06-19,Pavagadh,0,6,2023,0,0,None,34.9,1.0,21945
2023-06-20,Somnath,1,6,2023,0,0,None,37.8,0.0,25271
2023-06-20,Dwarka,1,6,2023,0,0,None,37.3,1.0,20876
2023-06-20,Ambaji,1,6,2023,0,0,None,33.2,1.0,32991
2023-06-20,Pavagadh,1,6,2023,0,0,None,40.2,0.0,21840
2023-06-21,Somnath,2,6,2023,0,0,None,40.7,1.0,27254
2023-06-21,Dwarka,2,6,2023,0,0,None,32.9,0.0,22651
2023-06-21,Ambaji,2,6,2023,0,0,None,40.8,0.0,37902
2023-06-21,Pavagadh,2,6,2023,0,0,None,34.4,0.0,20050
2023-06-22,Somnath,3,6,2023,0,0,None,37.7,0.0,23017
2023-06-22,Dwarka,3,6,2023,0,0,None,35.8,0.0,21907
2023-06-22,Ambaji,3,6,2023,0,0,None,40.1,0.0,34346
2023-06-22,Pavagadh,3,6,2023,0,0,None,42.0,0.0,18109
2023-06-23,Somnath,4,6,2023,0,0,None,42.9,1.0,23942
2023-06-23,Dwarka,4,6,2023,0,0,None,35.1,0.0,22860
2023-06-23,Ambaji,4,6,2023,0,0,None,35.1,0.0,34278
2023-06-23,Pavagadh,4,6,2023,0,0,None,39.1,0.0,20222
2023-06-24,Somnath,5,6,2023,1,0,None,41.9,0.0,30823
2023-06-24,Dwarka,5,6,2023,1,0,None,32.6,0.0,31782
2023-06-24,Ambaji,5,6,2023,1,0,None,40.1,0.0,48984
2023-06-24,Pavagadh,5,6,2023,1,0,None,35.0,0.0,27862
2023-06-25,Somnath,6,6,2023,1,0,None,42.3,0.0,32232
2023-06-25,Dwarka,6,6,2023,1,0,None,40.1,0.0,30615
2023-06-25,Ambaji,6,6,2023,1,0,None,33.6,0.0,43974
2023-06-25,Pavagadh,6,6,2023,1,0,None,41.1,0.0,25916
2023-06-26,Somnath,0,6,2023,0,0,None,32.2,0.0,24895
2023-06-26,Dwarka,0,6,2023,0,0,None,41.8,0.0,18579
2023-06-26,Ambaji,0,6,2023,0,0,None,38.8,0.0,37692
2023-06-26,Pavagadh,0,6,2023,0,0,None,32.7,0.0,18008
2023-06-27,Somnath,1,6,2023,0,0,None,39.5,0.0,23014
2023-06-27,Dwarka,1,6,2023,0,0,None,41.4,0.0,18166
2023-06-27,Ambaji,1,6,2023,0,0,None,42.2,0.0,29339
2023-06-27,Pavagadh,1,6,2023,0,0,None,37.7,0.0,19530
2023-06-28,Somnath,2,6,2023,0,0,None,35.5,0.0,22615
2023-06-28,Dwarka,2,6,2023,0,0,None,38.9,0.0,22730
2023-06-28,Ambaji,2,6,2023,0,0,None,34.2,0.0,35607
2023-06-28,Pavagadh,2,6,2023,0,0,None,42.8,1.0,16106
2023-06-29,Somnath,3,6,2023,0,0,None,38.5,0.0,26308
2023-06-29,Dwarka,3,6,2023,0,0,None,37.8,0.0,22644
2023-06-29,Ambaji,3,6,2023,0,0,None,33.4,0.0,34919
2023-06-29,Pavagadh,3,6,2023,0,0,None,41.0,0.0,19202
2023-06-30,Somnath,4,6,2023,0,0,None,42.5,0.0,24464
2023-06-30,Dwarka,4,6,2023,0,0,None,42.2,0.0,20041
2023-06-30,Ambaji,4,6,2023,0,0,None,40.8,0.0,35556
2023-06-30,Pavagadh,4,6,2023,0,0,None,42.1,0.0,16591
2023-07-01,Somnath,5,7,2023,1,0,None,26.8,25.8,27857
2023-07-01,Dwarka,5,7,2023,1,0,None,28.3,0.6,28242
2023-07-01,Ambaji,5,7,2023,1,0,None,28.5,10.1,54518
2023-07-01,Pavagadh,5,7,2023,1,0,None,31.1,0.0,28710
2023-07-02,Somnath,6,7,2023,1,0,None,30.5,29.5,26898
2023-07-02,Dwarka,6,7,2023,1,0,None,30.1,3.6,30108
2023-07-02,Ambaji,6,7,2023,1,0,None,31.8,0.0,47590
2023-07-02,Pavagadh,6,7,2023,1,0,None,28.0,10.2,26606
2023-07-03,Somnath,0,7,2023,0,0,None,28.1,0.1,24107
2023-07-03,Dwarka,0,7,2023,0,0,None,30.6,23.3,19318
2023-07-03,Ambaji,0,7,2023,0,0,None,26.0,11.9,38087
2023-07-03,Pavagadh,0,7,2023,0,0,None,30.1,2.1,19972
2023-07-04,Somnath,1,7,2023,0,0,None,28.6,0.0,24566
2023-07-04,Dwarka,1,7,2023,0,0,None,27.9,0.7,21732
2023-07-04,Ambaji,1,7,2023,0,0,None,28.1,18.7,31780
2023-07-04,Pavagadh,1,7,2023,0,0,None,29.0,0.0,19820
2023-07-05,Somnath,2,7,2023,0,0,None,29.1,7.4,23050
2023-07-05,Dwarka,2,7,2023,0,0,None,26.8,23.6,18638
2023-07-05,Ambaji,2,7,2023,0,0,None,30.9,0.0,36542
2023-07-05,Pavagadh,2,7,2023,0,0,None,26.3,42.5,9694
2023-07-06,Somnath,3,7,2023,0,0,None,26.3,1.9,24896
2023-07-06,Dwarka,3,7,2023,0,0,None,30.3,21.1,15466
2023-07-06,Ambaji,3,7,2023,0,0,None,27.7,0.0,37450
2023-07-06,Pavagadh,3,7,2023,0,0,None,27.3,28.3,11130
2023-07-07,Somnath,4,7,2023,0,0,None,29.3,0.0,22847
2023-07-07,Dwarka,4,7,2023,0,0,None,26.5,15.8,20583
2023-07-07,Ambaji,4,7,2023,0,0,None,30.9,0.0,35427
2023-07-07,Pavagadh,4,7,2023,0,0,None,26.7,0.0,19960
2023-07-08,Somnath,5,7,2023,1,0,None,28.7,0.0,36498
2023-07-08,Dwarka,5,7,2023,1,0,None,28.5,39.2,26514
2023-07-08,Ambaji,5,7,2023,1,0,None,30.6,14.3,50026
2023-07-08,Pavagadh,5,7,2023,1,0,None,26.9,0.0,24771
2023-07-09,Somnath,6,7,2023,1,0,None,26.7,0.0,34582
2023-07-09,Dwarka,6,7,2023,1,0,None,28.5,0.0,29590
2023-07-09,Ambaji,6,7,2023,1,0,None,26.9,15.1,47240
2023-07-09,Pavagadh,6,7,2023,1,0,None,30.0,3.8,26939
2023-07-10,Somnath,0,7,2023,0,0,None,30.0,0.0,23244
2023-07-10,Dwarka,0,7,2023,0,0,None,29.4,0.0,20576
2023-07-10,Ambaji,0,7,2023,0,0,None,28.2,15.4,36184
2023-07-10,Pavagadh,0,7,2023,0,0,None,30.0,20.6,11032
2023-07-11,Somnath,1,7,2023,0,0,None,27.3,42.5,21929
2023-07-11,Dwarka,1,7,2023,0,0,None,26.6,0.0,22479
2023-07-11,Ambaji,1,7,2023,0,0,None,30.4,0.0,32861
2023-07-11,Pavagadh,1,7,2023,0,0,None,29.0,0.0,19734
2023-07-12,Somnath,2,7,2023,0,0,None,26.3,13.8,23925
2023-07-12,Dwarka,2,7,2023,0,0,None,26.8,3.4,19905
2023-07-12,Ambaji,2,7,2023,0,0,None,26.9,0.0,31584
2023-07-12,Pavagadh,2,7,2023,0,0,None,30.6,0.0,20256
2023-07-13,Somnath,3,7,2023,0,0,None,27.3,0.0,24875
2023-07-13,Dwarka,3,7,2023,0,0,None,27.0,3.3,21454
2023-07-13,Ambaji,3,7,2023,0,0,None,29.0,16.1,38051
2023-07-13,Pavagadh,3,7,2023,0,0,None,28.1,20.1,11426
2023-07-14,Somnath,4,7,2023,0,0,None,30.9,0.0,25452
2023-07-14,Dwarka,4,7,2023,0,0,None,27.1,10.5,21701
2023-07-14,Ambaji,4,7,2023,0,0,None,27.6,8.9,32966
2023-07-14,Pavagadh,4,7,2023,0,0,None,31.4,0.0,21038
2023-07-15,Somnath,5,7,2023,1,0,None,28.4,18.9,36255
2023-07-15,Dwarka,5,7,2023,1,0,None,26.7,0.0,29870
2023-07-15,Ambaji,5,7,2023,1,0,None,28.0,17.4,49566
2023-07-15,Pavagadh,5,7,2023,1,0,None,26.2,0.0,24301
2023-07-16,Somnath,6,7,2023,1,0,None,30.8,0.0,34536
2023-07-16,Dwarka,6,7,2023,1,0,None,29.2,2.6,26803
2023-07-16,Ambaji,6,7,2023,1,0,None,31.4,14.9,46873
2023-07-16,Pavagadh,6,7,2023,1,0,None,32.0,35.3,20105
2023-07-17,Somnath,0,7,2023,0,0,None,27.5,12.7,24300
2023-07-17,Dwarka,0,7,2023,0,0,None,31.0,0.0,21016
2023-07-17,Ambaji,0,7,2023,0,0,None,26.1,12.6,32052
2023-07-17,Pavagadh,0,7,2023,0,0,None,29.9,0.0,18677
2023-07-18,Somnath,1,7,2023,0,0,None,29.6,0.0,24889
2023-07-18,Dwarka,1,7,2023,0,0,None,31.7,7.8,23684
2023-07-18,Ambaji,1,7,2023,0,0,None,28.3,16.6,36158
2023-07-18,Pavagadh,1,7,2023,0,0,None,26.1,6.1,20510
2023-07-19,Somnath,2,7,2023,0,0,None,29.3,0.0,25768
2023-07-19,Dwarka,2,7,2023,0,0,None,27.5,6.9,20864
2023-07-19,Ambaji,2,7,2023,0,0,None,30.1,0.0,33014
2023-07-19,Pavagadh,2,7,2023,0,0,None,31.3,2.0,18851
2023-07-20,Somnath,3,7,2023,0,0,None,29.2,28.6,21646
2023-07-20,Dwarka,3,7,2023,0,0,None,26.6,0.0,23697
2023-07-20,Ambaji,3,7,2023,0,0,None,27.8,9.1,38229
2023-07-20,Pavagadh,3,7,2023,0,0,None,29.8,0.0,20686
2023-07-21,Somnath,4,7,2023,0,0,None,26.2,1.2,24079
2023-07-21,Dwarka,4,7,2023,0,0,None,30.9,0.0,24180
2023-07-21,Ambaji,4,7,2023,0,0,None,27.0,24.9,17341
2023-07-21,Pavagadh,4,7,2023,0,0,None,28.6,58.8,12189
2023-07-22,Somnath,5,7,2023,1,0,None,31.3,18.8,31141
2023-07-22,Dwarka,5,7,2023,1,0,None,31.2,6.4,28225
2023-07-22,Ambaji,5,7,2023,1,0,None,28.6,7.9,50250
2023-07-22,Pavagadh,5,7,2023,1,0,None,26.2,19.2,30925
2023-07-23,Somnath,6,7,2023,1,0,None,30.2,1.9,36264
2023-07-23,Dwarka,6,7,2023,1,0,None,27.0,0.0,33881
2023-07-23,Ambaji,6,7,2023,1,0,None,30.0,0.0,43490
2023-07-23,Pavagadh,6,7,2023,1,0,None,26.2,36.7,16732
2023-07-24,Somnath,0,7,2023,0,0,None,29.9,10.0,24599
2023-07-24,Dwarka,0,7,2023,0,0,None,31.5,0.8,21967
2023-07-24,Ambaji,0,7,2023,0,0,None,28.0,92.1,23197
2023-07-24,Pavagadh,0,7,2023,0,0,None,28.2,21.9,12546
2023-07-25,Somnath,1,7,2023,0,0,None,31.4,0.0,24855
2023-07-25,Dwarka,1,7,2023,0,0,None,27.3,68.4,17547
2023-07-25,Ambaji,1,7,2023,0,0,None,30.2,13.3,33701
2023-07-25,Pavagadh,1,7,2023,0,0,None,31.1,0.0,21305
2023-07-26,Somnath,2,7,2023,0,0,None,27.2,28.5,18453
2023-07-26,Dwarka,2,7,2023,0,0,None,26.6,2.4,22293
2023-07-26,Ambaji,2,7,2023,0,0,None,30.4,35.1,18294
2023-07-26,Pavagadh,2,7,2023,0,0,None,27.0,0.0,21728
2023-07-27,Somnath,3,7,2023,0,0,None,28.4,4.9,26798
2023-07-27,Dwarka,3,7,2023,0,0,None,30.1,0.0,20317
2023-07-27,Ambaji,3,7,2023,0,0,None,28.9,0.0,37779
2023-07-27,Pavagadh,3,7,2023,0,0,None,28.3,36.6,10101
2023-07-28,Somnath,4,7,2023,0,0,None,28.8,7.5,26112
2023-07-28,Dwarka,4,7,2023,0,0,None,28.2,22.8,19718
2023-07-28,Ambaji,4,7,2023,0,0,None,31.1,0.0,37112
2023-07-28,Pavagadh,4,7,2023,0,0,None,31.9,0.0,20646
2023-07-29,Somnath,5,7,2023,1,0,None,30.2,0.0,37791
2023-07-29,Dwarka,5,7,2023,1,0,None,27.3,0.0,28495
2023-07-29,Ambaji,5,7,2023,1,0,None,30.8,3.1,42894
2023-07-29,Pavagadh,5,7,2023,1,0,None,26.5,30.2,17529
2023-07-30,Somnath,6,7,2023,1,0,None,28.1,0.0,35229
2023-07-30,Dwarka,6,7,2023,1,0,None,27.3,0.0,28965
2023-07-30,Ambaji,6,7,2023,1,0,None,27.7,0.0,46622
2023-07-30,Pavagadh,6,7,2023,1,0,None,27.5,22.9,16514
2023-07-31,Somnath,0,7,2023,0,0,None,26.4,33.5,18978
2023-07-31,Dwarka,0,7,2023,0,0,None,30.2,0.0,21254
2023-07-31,Ambaji,0,7,2023,0,0,None,29.3,1.3,34296
2023-07-31,Pavagadh,0,7,2023,0,0,None,30.5,7.8,19464
2023-08-01,Somnath,1,8,2023,0,0,None,28.8,14.2,22817
2023-08-01,Dwarka,1,8,2023,0,0,None,30.8,15.1,21779
2023-08-01,Ambaji,1,8,2023,0,0,None,30.6,0.0,32929
2023-08-01,Pavagadh,1,8,2023,0,0,None,30.1,2.0,21721
2023-08-02,Somnath,2,8,2023,0,0,None,27.0,2.1,24851
2023-08-02,Dwarka,2,8,2023,0,0,None,31.5,11.7,21610
2023-08-02,Ambaji,2,8,2023,0,0,None,28.0,12.3,34015
2023-08-02,Pavagadh,2,8,2023,0,0,None,31.1,1.3,21963
2023-08-03,Somnath,3,8,2023,0,0,None,30.5,0.0,25513
2023-08-03,Dwarka,3,8,2023,0,0,None,28.5,0.0,20207
2023-08-03,Ambaji,3,8,2023,0,0,None,30.5,47.1,19394
2023-08-03,Pavagadh,3,8,2023,0,0,None,28.9,20.5,11205
2023-08-04,Somnath,4,8,2023,0,0,None,31.8,0.0,27264
2023-08-04,Dwarka,4,8,2023,0,0,None,27.3,0.0,23959
2023-08-04,Ambaji,4,8,2023,0,0,None,29.4,25.5,23018
2023-08-04,Pavagadh,4,8,2023,0,0,None,27.8,14.7,19931
2023-08-05,Somnath,5,8,2023,1,0,None,30.0,2.2,32658
2023-08-05,Dwarka,5,8,2023,1,0,None,29.7,17.3,29981
2023-08-05,Ambaji,5,8,2023,1,0,None,31.5,0.0,53967
2023-08-05,Pavagadh,5,8,2023,1,0,None,27.6,1.3,27860
2023-08-06,Somnath,6,8,2023,1,0,None,29.7,0.5,32448
2023-08-06,Dwarka,6,8,2023,1,0,None,30.6,0.0,27305
2023-08-06,Ambaji,6,8,2023,1,0,None,27.1,0.0,50611
2023-08-06,Pavagadh,6,8,2023,1,0,None,30.8,0.0,28373
2023-08-07,Somnath,0,8,2023,0,0,None,28.8,0.0,25192
2023-08-07,Dwarka,0,8,2023,0,0,None,27.4,0.0,20870
2023-08-07,Ambaji,0,8,2023,0,0,None,31.3,16.8,34379
2023-08-07,Pavagadh,0,8,2023,0,0,None,31.8,7.9,20559
2023-08-08,Somnath,1,8,2023,0,0,None,31.9,7.6,24808
2023-08-08,Dwarka,1,8,2023,0,0,None,27.5,0.0,20204
2023-08-08,Ambaji,1,8,2023,0,0,None,30.2,4.2,34949
2023-08-08,Pavagadh,1,8,2023,0,0,None,31.0,1.9,18163
2023-08-09,Somnath,2,8,2023,0,0,None,30.7,40.2,20034
2023-08-09,Dwarka,2,8,2023,0,0,None,29.4,35.4,16121
2023-08-09,Ambaji,2,8,2023,0,0,None,29.6,0.0,36857
2023-08-09,Pavagadh,2,8,2023,0,0,None,31.6,6.5,19963
2023-08-10,Somnath,3,8,2023,0,0,None,31.4,0.0,27356
2023-08-10,Dwarka,3,8,2023,0,0,None,27.4,4.5,21419
2023-08-10,Ambaji,3,8,2023,0,0,None,26.2,7.6,34052
2023-08-10,Pavagadh,3,8,2023,0,0,None,27.7,20.7,11333
2023-08-11,Somnath,4,8,2023,0,0,None,28.2,0.0,23336
2023-08-11,Dwarka,4,8,2023,0,0,None,26.9,0.0,23825
2023-08-11,Ambaji,4,8,2023,0,0,None,26.9,40.9,17211
2023-08-11,Pavagadh,4,8,2023,0,0,None,31.6,0.0,19371
2023-08-12,Somnath,5,8,2023,1,0,None,31.7,1.1,36283
2023-08-12,Dwarka,5,8,2023,1,0,None,29.4,0.0,30188
2023-08-12,Ambaji,5,8,2023,1,0,None,28.8,17.7,53755
2023-08-12,Pavagadh,5,8,2023,1,0,None,31.3,5.9,27326
2023-08-13,Somnath,6,8,2023,1,0,None,27.7,16.1,38674
2023-08-13,Dwarka,6,8,2023,1,0,None,27.8,16.5,28129
2023-08-13,Ambaji,6,8,2023,1,0,None,27.9,27.5,25751
2023-08-13,Pavagadh,6,8,2023,1,0,None,27.2,4.1,26829
2023-08-14,Somnath,0,8,2023,0,0,None,27.9,6.3,26573
2023-08-14,Dwarka,0,8,2023,0,0,None,31.7,0.8,20854
2023-08-14,Ambaji,0,8,2023,0,0,None,26.6,15.5,35132
2023-08-14,Pavagadh,0,8,2023,0,0,None,27.5,0.0,18525
2023-08-15,Somnath,1,8,2023,0,1,None,27.4,0.0,37783
2023-08-15,Dwarka,1,8,2023,0,1,None,31.9,0.0,31986
2023-08-15,Ambaji,1,8,2023,0,1,None,28.5,0.0,54716
2023-08-15,Pavagadh,1,8,2023,0,1,None,31.5,5.8,28836
2023-08-16,Somnath,2,8,2023,0,0,None,31.1,25.5,22683
2023-08-16,Dwarka,2,8,2023,0,0,None,28.1,0.0,22149
2023-08-16,Ambaji,2,8,2023,0,0,None,30.7,15.2,36915
2023-08-16,Pavagadh,2,8,2023,0,0,None,30.6,0.0,18233
2023-08-17,Somnath,3,8,2023,0,0,None,28.1,5.6,24048
2023-08-17,Dwarka,3,8,2023,0,0,None,27.1,0.0,23795
2023-08-17,Ambaji,3,8,2023,0,0,None,26.5,3.9,35062
2023-08-17,Pavagadh,3,8,2023,0,0,None,30.7,15.2,18597
2023-08-18,Somnath,4,8,2023,0,0,None,31.8,0.0,27247
2023-08-18,Dwarka,4,8,2023,0,0,None,26.6,2.7,22441
2023-08-18,Ambaji,4,8,2023,0,0,None,27.4,0.0,36008
2023-08-18,Pavagadh,4,8,2023,0,0,None,29.4,0.0,20001
2023-08-19,Somnath,5,8,2023,1,0,None,27.6,0.0,38039
2023-08-19,Dwarka,5,8,2023,1,0,None,29.8,0.0,33931
2023-08-19,Ambaji,5,8,2023,1,0,None,27.0,3.6,45466
2023-08-19,Pavagadh,5,8,2023,1,0,None,27.3,5.8,28180
2023-08-20,Somnath,6,8,2023,1,0,None,27.3,0.2,35641
2023-08-20,Dwarka,6,8,2023,1,0,None,31.0,0.0,28229
2023-08-20,Ambaji,6,8,2023,1,0,None,26.6,0.0,55402
2023-08-20,Pavagadh,6,8,2023,1,0,None,27.7,1.6,27792
2023-08-21,Somnath,0,8,2023,0,0,None,28.9,0.0,26261
2023-08-21,Dwarka,0,8,2023,0,0,None,26.3,23.2,18496
2023-08-21,Ambaji,0,8,2023,0,0,None,26.9,0.0,36913
2023-08-21,Pavagadh,0,8,2023,0,0,None,31.3,4.8,18606
2023-08-22,Somnath,1,8,2023,0,0,None,31.6,1.9,23463
2023-08-22,Dwarka,1,8,2023,0,0,None,30.6,0.0,23368
2023-08-22,Ambaji,1,8,2023,0,0,None,29.4,0.0,31981
2023-08-22,Pavagadh,1,8,2023,0,0,None,31.2,9.1,18510
2023-08-23,Somnath,2,8,2023,0,0,None,26.2,2.9,24916
2023-08-23,Dwarka,2,8,2023,0,0,None,26.9,31.4,20246
2023-08-23,Ambaji,2,8,2023,0,0,None,30.1,0.0,37350
2023-08-23,Pavagadh,2,8,2023,0,0,None,30.0,2.6,18949
2023-08-24,Somnath,3,8,2023,0,0,None,31.0,0.0,24778
2023-08-24,Dwarka,3,8,2023,0,0,None,26.2,19.6,22054
2023-08-24,Ambaji,3,8,2023,0,0,None,28.6,14.0,38264
2023-08-24,Pavagadh,3,8,2023,0,0,None,31.4,9.8,19317
2023-08-25,Somnath,4,8,2023,0,0,None,29.1,0.0,23500
2023-08-25,Dwarka,4,8,2023,0,0,None,30.7,72.4,15527
2023-08-25,Ambaji,4,8,2023,0,0,None,30.1,0.0,35575
2023-08-25,Pavagadh,4,8,2023,0,0,None,31.8,8.1,21641
2023-08-26,Somnath,5,8,2023,1,0,None,29.2,19.0,34220
2023-08-26,Dwarka,5,8,2023,1,0,None,27.8,1.1,30671
2023-08-26,Ambaji,5,8,2023,1,0,None,27.2,0.0,52965
2023-08-26,Pavagadh,5,8,2023,1,0,None,28.3,0.0,27829
2023-08-27,Somnath,6,8,2023,1,0,None,30.9,29.5,27799
2023-08-27,Dwarka,6,8,2023,1,0,None,31.6,0.0,30832
2023-08-27,Ambaji,6,8,2023,1,0,None,31.7,10.4,48777
2023-08-27,Pavagadh,6,8,2023,1,0,None,27.7,0.0,28226
2023-08-28,Somnath,0,8,2023,0,0,None,29.8,3.9,26431
2023-08-28,Dwarka,0,8,2023,0,0,None,30.8,7.4,20883
2023-08-28,Ambaji,0,8,2023,0,0,None,30.5,0.0,32946
2023-08-28,Pavagadh,0,8,2023,0,0,None,30.8,0.0,18236
2023-08-29,Somnath,1,8,2023,0,0,None,30.6,0.0,27457
2023-08-29,Dwarka,1,8,2023,0,0,None,27.4,50.8,16786
2023-08-29,Ambaji,1,8,2023,0,0,None,29.0,0.0,33815
2023-08-29,Pavagadh,1,8,2023,0,0,None,31.6,15.7,19983
2023-08-30,Somnath,2,8,2023,0,0,None,27.6,47.0,20573
2023-08-30,Dwarka,2,8,2023,0,0,None,30.7,18.8,20526
2023-08-30,Ambaji,2,8,2023,0,0,None,30.4,26.8,20594
2023-08-30,Pavagadh,2,8,2023,0,0,None,28.2,35.2,10297
2023-08-31,Somnath,3,8,2023,0,0,None,27.4,0.0,25429
2023-08-31,Dwarka,3,8,2023,0,0,None,26.9,0.0,24163
2023-08-31,Ambaji,3,8,2023,0,0,None,29.6,5.2,32144
2023-08-31,Pavagadh,3,8,2023,0,0,None,27.4,21.0,13375
2023-09-01,Somnath,4,9,2023,0,0,None,26.8,0.0,25408
2023-09-01,Dwarka,4,9,2023,0,0,None,28.8,0.1,20098
2023-09-01,Ambaji,4,9,2023,0,0,None,29.2,11.8,33979
2023-09-01,Pavagadh,4,9,2023,0,0,None,31.4,0.0,21919
2023-09-02,Somnath,5,9,2023,1,0,None,31.4,0.0,39349
2023-09-02,Dwarka,5,9,2023,1,0,None,29.9,0.0,30246
2023-09-02,Ambaji,5,9,2023,1,0,None,31.6,3.1,51224
2023-09-02,Pavagadh,5,9,2023,1,0,None,30.6,3.7,31332
2023-09-03,Somnath,6,9,2023,1,0,None,27.6,0.0,32954
2023-09-03,Dwarka,6,9,2023,1,0,None,31.2,0.0,27372
2023-09-03,Ambaji,6,9,2023,1,0,None,27.1,0.0,51307
2023-09-03,Pavagadh,6,9,2023,1,0,None,27.8,34.1,16471
2023-09-04,Somnath,0,9,2023,0,0,None,27.3,6.6,25771
2023-09-04,Dwarka,0,9,2023,0,0,None,30.9,2.1,21763
2023-09-04,Ambaji,0,9,2023,0,0,None,26.8,13.4,38193
2023-09-04,Pavagadh,0,9,2023,0,0,None,31.0,0.0,20908
2023-09-05,Somnath,1,9,2023,0,0,None,31.4,0.0,25634
2023-09-05,Dwarka,1,9,2023,0,0,None,28.2,9.3,23869
2023-09-05,Ambaji,1,9,2023,0,0,None,29.5,15.7,34758
2023-09-05,Pavagadh,1,9,2023,0,0,None,31.6,18.7,20726
2023-09-06,Somnath,2,9,2023,0,0,None,31.9,30.8,17392
2023-09-06,Dwarka,2,9,2023,0,0,None,28.1,0.0,21775
2023-09-06,Ambaji,2,9,2023,0,0,None,27.2,12.5,35171
2023-09-06,Pavagadh,2,9,2023,0,0,None,26.5,0.0,20369
2023-09-07,Somnath,3,9,2023,0,0,None,27.6,0.0,24089
2023-09-07,Dwarka,3,9,2023,0,0,Janmashtami,29.0,31.9,186933
2023-09-07,Ambaji,3,9,2023,0,0,None,27.3,2.9,37180
2023-09-07,Pavagadh,3,9,2023,0,0,None,28.5,0.0,19822
2023-09-08,Somnath,4,9,2023,0,0,None,31.4,19.6,25760
2023-09-08,Dwarka,4,9,2023,0,0,None,29.9,0.2,22832
2023-09-08,Ambaji,4,9,2023,0,0,None,31.0,8.7,32638
2023-09-08,Pavagadh,4,9,2023,0,0,None,29.7,0.0,20666
2023-09-09,Somnath,5,9,2023,1,0,None,27.9,23.7,26031
2023-09-09,Dwarka,5,9,2023,1,0,None,27.5,0.0,28849
2023-09-09,Ambaji,5,9,2023,1,0,None,27.5,0.0,52211
2023-09-09,Pavagadh,5,9,2023,1,0,None,28.8,3.6,29428
2023-09-10,Somnath,6,9,2023,1,0,None,29.7,0.0,33643
2023-09-10,Dwarka,6,9,2023,1,0,None,27.7,3.8,31401
2023-09-10,Ambaji,6,9,2023,1,0,None,26.4,2.4,51040
2023-09-10,Pavagadh,6,9,2023,1,0,None,31.5,0.0,28100
2023-09-11,Somnath,0,9,2023,0,0,None,27.6,8.1,25045
2023-09-11,Dwarka,0,9,2023,0,0,None,26.3,0.0,20055
2023-09-11,Ambaji,0,9,2023,0,0,None,27.1,0.0,32588
2023-09-11,Pavagadh,0,9,2023,0,0,None,26.6,1.0,19005
2023-09-12,Somnath,1,9,2023,0,0,None,27.6,8.7,24868
2023-09-12,Dwarka,1,9,2023,0,0,None,29.7,2.2,23667
2023-09-12,Ambaji,1,9,2023,0,0,None,29.8,48.7,19666
2023-09-12,Pavagadh,1,9,2023,0,0,None,31.8,62.5,9608
2023-09-13,Somnath,2,9,2023,0,0,None,29.9,0.3,26459
2023-09-13,Dwarka,2,9,2023,0,0,None,27.0,0.0,21673
2023-09-13,Ambaji,2,9,2023,0,0,None,31.2,11.3,33715
2023-09-13,Pavagadh,2,9,2023,0,0,None,29.9,3.8,18324
2023-09-14,Somnath,3,9,2023,0,0,None,26.3,20.0,23528
2023-09-14,Dwarka,3,9,2023,0,0,None,27.8,0.0,22612
2023-09-14,Ambaji,3,9,2023,0,0,None,31.5,0.0,31943
2023-09-14,Pavagadh,3,9,2023,0,0,None,31.7,39.0,11717
2023-09-15,Somnath,4,9,2023,0,0,None,30.3,0.0,25585
2023-09-15,Dwarka,4,9,2023,0,0,None,28.6,23.4,17542
2023-09-15,Ambaji,4,9,2023,0,0,None,29.2,14.2,36906
2023-09-15,Pavagadh,4,9,2023,0,0,None,31.6,44.1,13690
2023-09-16,Somnath,5,9,2023,1,0,None,31.3,0.0,33186
2023-09-16,Dwarka,5,9,2023,1,0,None,30.5,0.0,32940
2023-09-16,Ambaji,5,9,2023,1,0,None,30.2,2.5,48053
2023-09-16,Pavagadh,5,9,2023,1,0,None,27.5,0.0,29636
2023-09-17,Somnath,6,9,2023,1,0,None,31.3,4.4,38035
2023-09-17,Dwarka,6,9,2023,1,0,None,29.2,16.9,30741
2023-09-17,Ambaji,6,9,2023,1,0,None,26.3,0.6,43743
2023-09-17,Pavagadh,6,9,2023,1,0,None,27.3,1.8,28187
2023-09-18,Somnath,0,9,2023,0,0,None,26.2,0.0,26572
2023-09-18,Dwarka,0,9,2023,0,0,None,26.8,15.4,21188
2023-09-18,Ambaji,0,9,2023,0,0,None,28.9,0.0,32465
2023-09-18,Pavagadh,0,9,2023,0,0,None,29.7,0.0,18229
2023-09-19,Somnath,1,9,2023,0,0,None,26.4,48.3,18648
2023-09-19,Dwarka,1,9,2023,0,0,None,26.6,0.7,21512
2023-09-19,Ambaji,1,9,2023,0,0,None,29.3,0.0,37228
2023-09-19,Pavagadh,1,9,2023,0,0,None,30.9,1.4,20412
2023-09-20,Somnath,2,9,2023,0,0,None,29.1,1.7,24969
2023-09-20,Dwarka,2,9,2023,0,0,None,26.9,1.0,23570
2023-09-20,Ambaji,2,9,2023,0,0,None,26.1,0.0,37540
2023-09-20,Pavagadh,2,9,2023,0,0,None,30.5,0.0,18215
2023-09-21,Somnath,3,9,2023,0,0,None,29.8,0.0,23133
2023-09-21,Dwarka,3,9,2023,0,0,None,29.5,8.6,23815
2023-09-21,Ambaji,3,9,2023,0,0,None,29.2,41.5,19922
2023-09-21,Pavagadh,3,9,2023,0,0,None,31.8,0.0,20708
2023-09-22,Somnath,4,9,2023,0,0,None,30.5,0.0,24802
2023-09-22,Dwarka,4,9,2023,0,0,None,27.6,19.7,22554
2023-09-22,Ambaji,4,9,2023,0,0,None,29.5,0.0,36923
2023-09-22,Pavagadh,4,9,2023,0,0,None,30.5,6.8,19055
2023-09-23,Somnath,5,9,2023,1,0,None,29.2,21.6,27122
2023-09-23,Dwarka,5,9,2023,1,0,None,26.3,0.0,33436
2023-09-23,Ambaji,5,9,2023,1,0,Bhadarvi Poonam,30.3,0.0,347536
2023-09-23,Pavagadh,5,9,2023,1,0,None,27.5,13.2,31371
2023-09-24,Somnath,6,9,2023,1,0,None,28.6,17.4,34605
2023-09-24,Dwarka,6,9,2023,1,0,None,27.8,8.8,31733
2023-09-24,Ambaji,6,9,2023,1,0,Bhadarvi Poonam,26.7,34.8,181436
2023-09-24,Pavagadh,6,9,2023,1,0,None,29.6,52.4,15461
2023-09-25,Somnath,0,9,2023,0,0,None,26.1,22.9,21423
2023-09-25,Dwarka,0,9,2023,0,0,None,29.9,0.0,23339
2023-09-25,Ambaji,0,9,2023,0,0,Bhadarvi Poonam,30.1,0.0,381151
2023-09-25,Pavagadh,0,9,2023,0,0,None,29.4,26.4,11014
2023-09-26,Somnath,1,9,2023,0,0,None,27.5,0.0,27375
2023-09-26,Dwarka,1,9,2023,0,0,None,30.8,0.0,22297
2023-09-26,Ambaji,1,9,2023,0,0,Bhadarvi Poonam,28.9,6.4,366849
2023-09-26,Pavagadh,1,9,2023,0,0,None,28.6,38.3,10980
2023-09-27,Somnath,2,9,2023,0,0,None,28.3,18.8,23980
2023-09-27,Dwarka,2,9,2023,0,0,None,30.4,0.0,21278
2023-09-27,Ambaji,2,9,2023,0,0,Bhadarvi Poonam,26.8,0.0,332766
2023-09-27,Pavagadh,2,9,2023,0,0,None,29.8,38.8,10767
2023-09-28,Somnath,3,9,2023,0,0,None,31.3,2.0,27178
2023-09-28,Dwarka,3,9,2023,0,0,None,27.3,11.5,20005
2023-09-28,Ambaji,3,9,2023,0,0,Bhadarvi Poonam,29.7,15.3,345681
2023-09-28,Pavagadh,3,9,2023,0,0,None,27.6,0.0,21780
2023-09-29,Somnath,4,9,2023,0,0,None,28.4,1.1,27315
2023-09-29,Dwarka,4,9,2023,0,0,None,30.6,0.0,22874
2023-09-29,Ambaji,4,9,2023,0,0,Bhadarvi Poonam,28.1,39.7,198037
2023-09-29,Pavagadh,4,9,2023,0,0,None,26.6,15.2,18400
2023-09-30,Somnath,5,9,2023,1,0,None,26.8,14.7,30312
2023-09-30,Dwarka,5,9,2023,1,0,None,31.8,0.0,28356
2023-09-30,Ambaji,5,9,2023,1,0,None,29.4,0.0,51538
2023-09-30,Pavagadh,5,9,2023,1,0,None,31.5,10.1,27607
2023-10-01,Somnath,6,10,2023,1,0,None,25.4,0.0,31753
2023-10-01,Dwarka,6,10,2023,1,0,None,18.1,0.0,30592
2023-10-01,Ambaji,6,10,2023,1,0,None,21.3,0.0,50761
2023-10-01,Pavagadh,6,10,2023,1,0,None,26.9,0.0,25613
2023-10-02,Somnath,0,10,2023,0,1,None,21.7,0.0,42754
2023-10-02,Dwarka,0,10,2023,0,1,None,24.4,0.0,35230
2023-10-02,Ambaji,0,10,2023,0,1,None,20.5,0.0,60519
2023-10-02,Pavagadh,0,10,2023,0,1,None,22.1,0.0,29546
2023-10-03,Somnath,1,10,2023,0,0,None,20.1,0.0,24959
2023-10-03,Dwarka,1,10,2023,0,0,None,23.5,0.0,22538
2023-10-03,Ambaji,1,10,2023,0,0,None,20.0,0.0,34389
2023-10-03,Pavagadh,1,10,2023,0,0,None,22.5,0.0,21400
2023-10-04,Somnath,2,10,2023,0,0,None,22.3,0.0,25569
2023-10-04,Dwarka,2,10,2023,0,0,None,24.1,0.0,23419
2023-10-04,Ambaji,2,10,2023,0,0,None,26.1,0.0,35950
2023-10-04,Pavagadh,2,10,2023,0,0,None,19.0,0.0,19919
2023-10-05,Somnath,3,10,2023,0,0,None,27.0,0.0,25846
2023-10-05,Dwarka,3,10,2023,0,0,None,19.6,0.0,21563
2023-10-05,Ambaji,3,10,2023,0,0,None,25.8,0.0,35274
2023-10-05,Pavagadh,3,10,2023,0,0,None,27.1,0.0,21409
2023-10-06,Somnath,4,10,2023,0,0,None,21.7,0.0,26526
2023-10-06,Dwarka,4,10,2023,0,0,None,26.5,0.0,23922
2023-10-06,Ambaji,4,10,2023,0,0,None,20.4,0.0,36336
2023-10-06,Pavagadh,4,10,2023,0,0,None,23.6,0.0,20737
2023-10-07,Somnath,5,10,2023,1,0,None,18.6,0.0,32173
2023-10-07,Dwarka,5,10,2023,1,0,None,25.2,0.0,32486
2023-10-07,Ambaji,5,10,2023,1,0,None,18.1,0.0,52798
2023-10-07,Pavagadh,5,10,2023,1,0,None,20.3,0.0,28537
2023-10-08,Somnath,6,10,2023,1,0,None,20.1,0.0,35266
2023-10-08,Dwarka,6,10,2023,1,0,None,27.3,0.0,33041
2023-10-08,Ambaji,6,10,2023,1,0,None,21.8,0.0,54537
2023-10-08,Pavagadh,6,10,2023,1,0,None,18.8,0.0,28979
2023-10-09,Somnath,0,10,2023,0,0,None,23.0,0.0,26031
2023-10-09,Dwarka,0,10,2023,0,0,None,22.7,0.0,23717
2023-10-09,Ambaji,0,10,2023,0,0,None,19.1,0.0,32507
2023-10-09,Pavagadh,0,10,2023,0,0,None,19.6,0.0,20499
2023-10-10,Somnath,1,10,2023,0,0,None,22.5,0.0,23160
2023-10-10,Dwarka,1,10,2023,0,0,None,22.9,0.0,21137
2023-10-10,Ambaji,1,10,2023,0,0,None,20.2,0.0,31683
2023-10-10,Pavagadh,1,10,2023,0,0,None,19.1,0.0,19376
2023-10-11,Somnath,2,10,2023,0,0,None,18.3,0.0,25180
2023-10-11,Dwarka,2,10,2023,0,0,None,22.3,0.0,23121
2023-10-11,Ambaji,2,10,2023,0,0,None,24.9,0.0,34165
2023-10-11,Pavagadh,2,10,2023,0,0,None,19.6,0.0,20398
2023-10-12,Somnath,3,10,2023,0,0,None,18.9,0.0,27017
2023-10-12,Dwarka,3,10,2023,0,0,None,22.5,0.0,22632
2023-10-12,Ambaji,3,10,2023,0,0,None,20.0,0.0,36186
2023-10-12,Pavagadh,3,10,2023,0,0,None,26.5,0.0,19537
2023-10-13,Somnath,4,10,2023,0,0,None,25.7,0.0,24888
2023-10-13,Dwarka,4,10,2023,0,0,None,18.0,0.0,20527
2023-10-13,Ambaji,4,10,2023,0,0,None,19.3,0.0,34159
2023-10-13,Pavagadh,4,10,2023,0,0,None,26.0,0.0,18195
2023-10-14,Somnath,5,10,2023,1,0,None,24.4,0.0,35831
2023-10-14,Dwarka,5,10,2023,1,0,None,18.9,0.0,26318
2023-10-14,Ambaji,5,10,2023,1,0,None,25.8,0.0,50776
2023-10-14,Pavagadh,5,10,2023,1,0,None,22.0,0.0,25359
2023-10-15,Somnath,6,10,2023,1,0,None,27.8,0.0,31722
2023-10-15,Dwarka,6,10,2023,1,0,None,19.2,0.0,29689
2023-10-15,Ambaji,6,10,2023,1,0,Navratri,27.1,0.0,156232
2023-10-15,Pavagadh,6,10,2023,1,0,Navratri,22.7,0.0,179446
2023-10-16,Somnath,0,10,2023,0,0,None,18.9,0.0,26544
2023-10-16,Dwarka,0,10,2023,0,0,None,24.6,0.0,21492
2023-10-16,Ambaji,0,10,2023,0,0,Navratri,25.6,0.0,231421
2023-10-16,Pavagadh,0,10,2023,0,0,Navratri,23.5,0.0,182970
2023-10-17,Somnath,1,10,2023,0,0,None,21.7,0.0,27124
2023-10-17,Dwarka,1,10,2023,0,0,None,25.2,0.0,22217
2023-10-17,Ambaji,1,10,2023,0,0,Navratri,21.4,0.0,172333
2023-10-17,Pavagadh,1,10,2023,0,0,Navratri,19.7,0.0,152551
2023-10-18,Somnath,2,10,2023,0,0,None,24.2,0.0,27416
2023-10-18,Dwarka,2,10,2023,0,0,None,24.7,0.0,23815
2023-10-18,Ambaji,2,10,2023,0,0,Navratri,26.3,0.0,196899
2023-10-18,Pavagadh,2,10,2023,0,0,Navratri,24.2,0.0,153349
2023-10-19,Somnath,3,10,2023,0,0,None,20.6,0.0,26748
2023-10-19,Dwarka,3,10,2023,0,0,None,24.9,0.0,21698
2023-10-19,Ambaji,3,10,2023,0,0,Navratri,20.0,0.0,156139
2023-10-19,Pavagadh,3,10,2023,0,0,Navratri,22.2,0.0,136999
2023-10-20,Somnath,4,10,2023,0,0,None,27.0,0.0,22765
2023-10-20,Dwarka,4,10,2023,0,0,None,18.8,0.0,21429
2023-10-20,Ambaji,4,10,2023,0,0,Navratri,25.2,0.0,225877
2023-10-20,Pavagadh,4,10,2023,0,0,Navratri,18.5,0.0,171831
2023-10-21,Somnath,5,10,2023,1,0,None,18.0,0.0,36050
2023-10-21,Dwarka,5,10,2023,1,0,None,18.9,0.0,34070
2023-10-21,Ambaji,5,10,2023,1,0,Navratri,26.4,0.0,174840
2023-10-21,Pavagadh,5,10,2023,1,0,Navratri,20.8,0.0,175308
2023-10-22,Somnath,6,10,2023,1,0,None,20.4,0.0,34548
2023-10-22,Dwarka,6,10,2023,1,0,None,26.9,0.0,30329
2023-10-22,Ambaji,6,10,2023,1,0,Navratri,21.2,2.0,158995
2023-10-22,Pavagadh,6,10,2023,1,0,Navratri,25.4,2.0,181588
2023-10-23,Somnath,0,10,2023,0,0,None,24.0,0.0,23588
2023-10-23,Dwarka,0,10,2023,0,0,None,24.7,0.0,21955
2023-10-23,Ambaji,0,10,2023,0,0,Navratri,20.6,0.0,172638
2023-10-23,Pavagadh,0,10,2023,0,0,Navratri,18.1,0.0,144221
2023-10-24,Somnath,1,10,2023,0,0,None,25.7,0.0,24849
2023-10-24,Dwarka,1,10,2023,0,0,None,24.4,0.0,19815
2023-10-24,Ambaji,1,10,2023,0,0,None,26.6,2.0,32352
2023-10-24,Pavagadh,1,10,2023,0,0,None,24.5,0.0,18196
2023-10-25,Somnath,2,10,2023,0,0,None,20.9,0.0,25762
2023-10-25,Dwarka,2,10,2023,0,0,None,22.5,0.0,21850
2023-10-25,Ambaji,2,10,2023,0,0,None,21.1,0.0,35475
2023-10-25,Pavagadh,2,10,2023,0,0,None,22.8,0.0,21743
2023-10-26,Somnath,3,10,2023,0,0,None,25.2,0.0,24684
2023-10-26,Dwarka,3,10,2023,0,0,None,20.9,2.0,21627
2023-10-26,Ambaji,3,10,2023,0,0,None,18.7,0.0,33749
2023-10-26,Pavagadh,3,10,2023,0,0,None,24.0,0.0,18143
2023-10-27,Somnath,4,10,2023,0,0,None,19.0,0.0,24241
2023-10-27,Dwarka,4,10,2023,0,0,None,26.3,0.0,19938
2023-10-27,Ambaji,4,10,2023,0,0,None,25.8,0.0,34946
2023-10-27,Pavagadh,4,10,2023,0,0,None,20.8,0.0,18035
2023-10-28,Somnath,5,10,2023,1,0,None,27.2,0.0,33657
2023-10-28,Dwarka,5,10,2023,1,0,None,18.3,2.0,30922
2023-10-28,Ambaji,5,10,2023,1,0,None,18.2,0.0,54578
2023-10-28,Pavagadh,5,10,2023,1,0,None,18.8,0.0,28615
2023-10-29,Somnath,6,10,2023,1,0,None,21.3,0.0,30476
2023-10-29,Dwarka,6,10,2023,1,0,None,24.8,0.0,29004
2023-10-29,Ambaji,6,10,2023,1,0,None,24.2,0.0,45859
2023-10-29,Pavagadh,6,10,2023,1,0,None,23.4,0.0,29973
2023-10-30,Somnath,0,10,2023,0,0,None,28.0,0.0,24892
2023-10-30,Dwarka,0,10,2023,0,0,None,25.8,0.0,24080
2023-10-30,Ambaji,0,10,2023,0,0,None,21.5,0.0,32992
2023-10-30,Pavagadh,0,10,2023,0,0,None,20.9,0.0,19717
2023-10-31,Somnath,1,10,2023,0,0,None,19.9,0.0,22811
2023-10-31,Dwarka,1,10,2023,0,0,None,26.3,0.0,21981
2023-10-31,Ambaji,1,10,2023,0,0,None,21.8,0.0,37071
2023-10-31,Pavagadh,1,10,2023,0,0,None,27.9,0.0,20215
2023-11-01,Somnath,2,11,2023,0,0,None,22.7,2.0,26544
2023-11-01,Dwarka,2,11,2023,0,0,None,22.0,0.0,20882
2023-11-01,Ambaji,2,11,2023,0,0,None,25.6,0.0,38254
2023-11-01,Pavagadh,2,11,2023,0,0,None,23.7,0.0,19784
2023-11-02,Somnath,3,11,2023,0,0,None,24.1,0.0,26188
2023-11-02,Dwarka,3,11,2023,0,0,None,18.2,0.0,22950
2023-11-02,Ambaji,3,11,2023,0,0,None,27.3,0.0,36585
2023-11-02,Pavagadh,3,11,2023,0,0,None,26.2,0.0,18432
2023-11-03,Somnath,4,11,2023,0,0,None,27.3,0.0,24709
2023-11-03,Dwarka,4,11,2023,0,0,None,20.2,0.0,22917
2023-11-03,Ambaji,4,11,2023,0,0,None,18.1,0.0,38382
2023-11-03,Pavagadh,4,11,2023,0,0,None,18.4,0.0,20193
2023-11-04,Somnath,5,11,2023,1,0,None,19.8,0.0,32685
2023-11-04,Dwarka,5,11,2023,1,0,None,26.0,0.0,28711
2023-11-04,Ambaji,5,11,2023,1,0,None,18.4,0.0,46613
2023-11-04,Pavagadh,5,11,2023,1,0,None,22.8,0.0,26626
2023-11-05,Somnath,6,11,2023,1,0,None,26.7,0.0,37431
2023-11-05,Dwarka,6,11,2023,1,0,None,27.5,0.0,31217
2023-11-05,Ambaji,6,11,2023,1,0,None,19.2,0.0,45292
2023-11-05,Pavagadh,6,11,2023,1,0,None,19.3,0.0,28486
2023-11-06,Somnath,0,11,2023,0,0,None,21.0,0.0,25104
2023-11-06,Dwarka,0,11,2023,0,0,None,24.4,0.0,23382
2023-11-06,Ambaji,0,11,2023,0,0,None,24.2,0.0,32619
2023-11-06,Pavagadh,0,11,2023,0,0,None,21.8,0.0,18862
2023-11-07,Somnath,1,11,2023,0,0,None,21.9,0.0,25285
2023-11-07,Dwarka,1,11,2023,0,0,None,21.3,0.0,19886
2023-11-07,Ambaji,1,11,2023,0,0,None,21.7,0.0,35582
2023-11-07,Pavagadh,1,11,2023,0,0,None,24.1,0.0,19348
2023-11-08,Somnath,2,11,2023,0,0,None,27.3,0.0,24060
2023-11-08,Dwarka,2,11,2023,0,0,None,24.4,0.0,21421
2023-11-08,Ambaji,2,11,2023,0,0,None,25.9,0.0,37447
2023-11-08,Pavagadh,2,11,2023,0,0,None,24.3,0.0,18135
2023-11-09,Somnath,3,11,2023,0,0,None,25.5,0.0,24865
2023-11-09,Dwarka,3,11,2023,0,0,None,19.6,0.0,21076
2023-11-09,Ambaji,3,11,2023,0,0,None,22.1,0.0,32275
2023-11-09,Pavagadh,3,11,2023,0,0,None,20.2,0.0,20231
2023-11-10,Somnath,4,11,2023,0,0,Diwali Peak,24.1,0.0,79405
2023-11-10,Dwarka,4,11,2023,0,0,Diwali Peak,27.3,0.0,56997
2023-11-10,Ambaji,4,11,2023,0,0,Diwali Peak,18.3,0.0,96835
2023-11-10,Pavagadh,4,11,2023,0,0,Diwali Peak,19.2,0.0,53509
2023-11-11,Somnath,5,11,2023,1,0,Diwali Peak,27.6,0.0,102006
2023-11-11,Dwarka,5,11,2023,1,0,Diwali Peak,19.9,0.0,74203
2023-11-11,Ambaji,5,11,2023,1,0,Diwali Peak,19.2,0.0,153912
2023-11-11,Pavagadh,5,11,2023,1,0,Diwali Peak,23.7,0.0,79179
2023-11-12,Somnath,6,11,2023,1,0,Diwali Peak,21.9,0.0,120630
2023-11-12,Dwarka,6,11,2023,1,0,Diwali Peak,22.3,0.0,80946
2023-11-12,Ambaji,6,11,2023,1,0,Diwali Peak,22.8,0.0,132855
2023-11-12,Pavagadh,6,11,2023,1,0,Diwali Peak,24.9,0.0,104028
2023-11-13,Somnath,0,11,2023,0,0,Diwali Peak,19.9,0.0,81583
2023-11-13,Dwarka,0,11,2023,0,0,Diwali Peak,26.2,0.0,60632
2023-11-13,Ambaji,0,11,2023,0,0,Diwali Peak,26.1,0.0,109239
2023-11-13,Pavagadh,0,11,2023,0,0,Diwali Peak,24.2,0.0,59529
2023-11-14,Somnath,1,11,2023,0,0,Diwali Peak,24.4,0.0,76716
2023-11-14,Dwarka,1,11,2023,0,0,Diwali Peak,25.3,0.0,58781
2023-11-14,Ambaji,1,11,2023,0,0,Diwali Peak,22.1,0.0,120232
2023-11-14,Pavagadh,1,11,2023,0,0,Diwali Peak,27.7,0.0,58243
2023-11-15,Somnath,2,11,2023,0,0,Diwali Peak,19.4,0.0,85397
2023-11-15,Dwarka,2,11,2023,0,0,Diwali Peak,21.4,0.0,69846
2023-11-15,Ambaji,2,11,2023,0,0,Diwali Peak,20.9,0.0,110445
2023-11-15,Pavagadh,2,11,2023,0,0,Diwali Peak,26.0,0.0,57409
2023-11-16,Somnath,3,11,2023,0,0,None,25.3,0.0,25011
2023-11-16,Dwarka,3,11,2023,0,0,None,25.6,0.0,21836
2023-11-16,Ambaji,3,11,2023,0,0,None,19.2,0.0,33025
2023-11-16,Pavagadh,3,11,2023,0,0,None,23.1,0.0,19532
2023-11-17,Somnath,4,11,2023,0,0,None,20.8,0.0,25998
2023-11-17,Dwarka,4,11,2023,0,0,None,18.9,0.0,23076
2023-11-17,Ambaji,4,11,2023,0,0,None,24.2,0.0,32745
2023-11-17,Pavagadh,4,11,2023,0,0,None,27.6,0.0,20769
2023-11-18,Somnath,5,11,2023,1,0,None,23.1,0.0,34531
2023-11-18,Dwarka,5,11,2023,1,0,None,25.4,0.0,27176
2023-11-18,Ambaji,5,11,2023,1,0,None,19.5,0.0,52812
2023-11-18,Pavagadh,5,11,2023,1,0,None,27.6,0.0,29092
2023-11-19,Somnath,6,11,2023,1,0,None,26.4,0.0,36632
2023-11-19,Dwarka,6,11,2023,1,0,None,19.8,0.0,32513
2023-11-19,Ambaji,6,11,2023,1,0,None,20.5,0.0,54372
2023-11-19,Pavagadh,6,11,2023,1,0,None,20.8,0.0,30037
2023-11-20,Somnath,0,11,2023,0,0,None,20.1,0.0,23782
2023-11-20,Dwarka,0,11,2023,0,0,None,18.1,0.0,20394
2023-11-20,Ambaji,0,11,2023,0,0,None,25.7,0.0,33443
2023-11-20,Pavagadh,0,11,2023,0,0,None,27.4,0.0,20747
2023-11-21,Somnath,1,11,2023,0,0,None,25.6,0.0,25318
2023-11-21,Dwarka,1,11,2023,0,0,None,20.7,0.0,22436
2023-11-21,Ambaji,1,11,2023,0,0,None,20.4,0.0,35565
2023-11-21,Pavagadh,1,11,2023,0,0,None,23.0,0.0,21639
2023-11-22,Somnath,2,11,2023,0,0,None,27.5,0.0,24712
2023-11-22,Dwarka,2,11,2023,0,0,None,21.6,0.0,22327
2023-11-22,Ambaji,2,11,2023,0,0,None,19.3,0.0,32731
2023-11-22,Pavagadh,2,11,2023,0,0,None,25.5,0.0,18904
2023-11-23,Somnath,3,11,2023,0,0,None,23.6,0.0,26133
2023-11-23,Dwarka,3,11,2023,0,0,None,20.3,0.0,23622
2023-11-23,Ambaji,3,11,2023,0,0,None,25.2,0.0,33382
2023-11-23,Pavagadh,3,11,2023,0,0,None,25.9,0.0,19605
2023-11-24,Somnath,4,11,2023,0,0,None,20.9,0.0,24601
2023-11-24,Dwarka,4,11,2023,0,0,None,18.2,0.0,22990
2023-11-24,Ambaji,4,11,2023,0,0,None,27.6,0.0,33469
2023-11-24,Pavagadh,4,11,2023,0,0,None,22.9,0.0,18467
2023-11-25,Somnath,5,11,2023,1,0,None,22.5,0.0,40245
2023-11-25,Dwarka,5,11,2023,1,0,None,25.7,0.0,32128
2023-11-25,Ambaji,5,11,2023,1,0,None,22.5,0.0,52246
2023-11-25,Pavagadh,5,11,2023,1,0,None,18.1,0.0,28000
2023-11-26,Somnath,6,11,2023,1,0,None,20.9,0.0,33858
2023-11-26,Dwarka,6,11,2023,1,0,None,19.9,0.0,31330
2023-11-26,Ambaji,6,11,2023,1,0,None,21.8,0.0,41822
2023-11-26,Pavagadh,6,11,2023,1,0,None,22.5,0.0,31507
2023-11-27,Somnath,0,11,2023,0,0,None,24.3,0.0,25075
2023-11-27,Dwarka,0,11,2023,0,0,None,19.8,0.0,23850
2023-11-27,Ambaji,0,11,2023,0,0,None,18.2,0.0,33358
2023-11-27,Pavagadh,0,11,2023,0,0,None,19.0,0.0,19535
2023-11-28,Somnath,1,11,2023,0,0,None,27.4,0.0,27230
2023-11-28,Dwarka,1,11,2023,0,0,None,19.2,0.0,20283
2023-11-28,Ambaji,1,11,2023,0,0,None,27.1,0.0,35508
2023-11-28,Pavagadh,1,11,2023,0,0,None,20.3,0.0,18338
2023-11-29,Somnath,2,11,2023,0,0,None,25.1,0.0,23645
2023-11-29,Dwarka,2,11,2023,0,0,None,21.8,0.0,21865
2023-11-29,Ambaji,2,11,2023,0,0,None,27.4,0.0,32893
2023-11-29,Pavagadh,2,11,2023,0,0,None,23.4,0.0,21148
2023-11-30,Somnath,3,11,2023,0,0,None,27.4,0.0,24445
2023-11-30,Dwarka,3,11,2023,0,0,None,20.2,0.0,21498
2023-11-30,Ambaji,3,11,2023,0,0,None,25.7,2.0,35542
2023-11-30,Pavagadh,3,11,2023,0,0,None,22.8,0.0,18775
2023-12-01,Somnath,4,12,2023,0,0,None,22.9,0.0,23321
2023-12-01,Dwarka,4,12,2023,0,0,None,24.1,0.0,23149
2023-12-01,Ambaji,4,12,2023,0,0,None,26.7,0.0,36957
2023-12-01,Pavagadh,4,12,2023,0,0,None,21.7,0.0,21400
2023-12-02,Somnath,5,12,2023,1,0,None,20.6,0.0,36929
2023-12-02,Dwarka,5,12,2023,1,0,None,25.0,0.0,31087
2023-12-02,Ambaji,5,12,2023,1,0,None,24.1,0.0,46526
2023-12-02,Pavagadh,5,12,2023,1,0,None,18.1,0.0,28063
2023-12-03,Somnath,6,12,2023,1,0,None,26.6,0.0,34550
2023-12-03,Dwarka,6,12,2023,1,0,None,22.9,0.0,28760
2023-12-03,Ambaji,6,12,2023,1,0,None,22.6,0.0,46854
2023-12-03,Pavagadh,6,12,2023,1,0,None,26.9,0.0,27398
2023-12-04,Somnath,0,12,2023,0,0,None,26.2,0.0,25575
2023-12-04,Dwarka,0,12,2023,0,0,None,20.6,0.0,19908
2023-12-04,Ambaji,0,12,2023,0,0,None,26.5,0.0,33070
2023-12-04,Pavagadh,0,12,2023,0,0,None,21.3,0.0,20880
2023-12-05,Somnath,1,12,2023,0,0,None,18.8,0.0,26494
2023-12-05,Dwarka,1,12,2023,0,0,None,25.1,0.0,22776
2023-12-05,Ambaji,1,12,2023,0,0,None,25.5,0.0,35631
2023-12-05,Pavagadh,1,12,2023,0,0,None,26.1,0.0,19691
2023-12-06,Somnath,2,12,2023,0,0,None,25.4,0.0,25908
2023-12-06,Dwarka,2,12,2023,0,0,None,20.9,0.0,19928
2023-12-06,Ambaji,2,12,2023,0,0,None,27.4,0.0,32978
2023-12-06,Pavagadh,2,12,2023,0,0,None,19.5,0.0,18925
2023-12-07,Somnath,3,12,2023,0,0,None,21.3,0.0,26486
2023-12-07,Dwarka,3,12,2023,0,0,None,25.5,0.0,22868
2023-12-07,Ambaji,3,12,2023,0,0,None,23.2,0.0,36676
2023-12-07,Pavagadh,3,12,2023,0,0,None,18.9,0.0,18596
2023-12-08,Somnath,4,12,2023,0,0,None,27.4,0.0,24556
2023-12-08,Dwarka,4,12,2023,0,0,None,26.2,0.0,23896
2023-12-08,Ambaji,4,12,2023,0,0,None,25.0,0.0,37062
2023-12-08,Pavagadh,4,12,2023,0,0,None,24.4,0.0,21316
2023-12-09,Somnath,5,12,2023,1,0,None,20.0,0.0,30988
2023-12-09,Dwarka,5,12,2023,1,0,None,21.4,0.0,31614
2023-12-09,Ambaji,5,12,2023,1,0,None,26.4,0.0,42327
2023-12-09,Pavagadh,5,12,2023,1,0,None,26.7,0.0,32250
2023-12-10,Somnath,6,12,2023,1,0,None,26.9,0.0,38319
2023-12-10,Dwarka,6,12,2023,1,0,None,19.5,0.0,29439
2023-12-10,Ambaji,6,12,2023,1,0,None,26.9,0.0,52571
2023-12-10,Pavagadh,6,12,2023,1,0,None,23.3,0.0,32672
2023-12-11,Somnath,0,12,2023,0,0,None,25.9,0.0,23315
2023-12-11,Dwarka,0,12,2023,0,0,None,18.4,0.0,21297
2023-12-11,Ambaji,0,12,2023,0,0,None,19.3,0.0,32084
2023-12-11,Pavagadh,0,12,2023,0,0,None,23.2,0.0,20971
2023-12-12,Somnath,1,12,2023,0,0,None,21.3,0.0,26912
2023-12-12,Dwarka,1,12,2023,0,0,None,18.9,2.0,22639
2023-12-12,Ambaji,1,12,2023,0,0,None,18.5,0.0,37703
2023-12-12,Pavagadh,1,12,2023,0,0,None,24.0,0.0,21761
2023-12-13,Somnath,2,12,2023,0,0,None,25.9,0.0,26942
2023-12-13,Dwarka,2,12,2023,0,0,None,25.7,0.0,22369
2023-12-13,Ambaji,2,12,2023,0,0,None,26.4,0.0,32641
2023-12-13,Pavagadh,2,12,2023,0,0,None,19.6,0.0,18412
2023-12-14,Somnath,3,12,2023,0,0,None,26.4,0.0,23256
2023-12-14,Dwarka,3,12,2023,0,0,None,25.1,0.0,21015
2023-12-14,Ambaji,3,12,2023,0,0,None,20.3,0.0,36614
2023-12-14,Pavagadh,3,12,2023,0,0,None,21.2,0.0,18089
2023-12-15,Somnath,4,12,2023,0,0,None,27.1,0.0,24863
2023-12-15,Dwarka,4,12,2023,0,0,None,27.4,0.0,22768
2023-12-15,Ambaji,4,12,2023,0,0,None,21.1,0.0,37412
2023-12-15,Pavagadh,4,12,2023,0,0,None,25.9,0.0,18325
2023-12-16,Somnath,5,12,2023,1,0,None,21.6,0.0,34138
2023-12-16,Dwarka,5,12,2023,1,0,None,26.9,0.0,29487
2023-12-16,Ambaji,5,12,2023,1,0,None,24.7,0.0,45732
2023-12-16,Pavagadh,5,12,2023,1,0,None,27.2,0.0,27502
2023-12-17,Somnath,6,12,2023,1,0,None,22.6,0.0,33088
2023-12-17,Dwarka,6,12,2023,1,0,None,24.8,0.0,28569
2023-12-17,Ambaji,6,12,2023,1,0,None,23.4,0.0,49520
2023-12-17,Pavagadh,6,12,2023,1,0,None,21.5,0.0,29776
2023-12-18,Somnath,0,12,2023,0,0,None,25.9,0.0,26309
2023-12-18,Dwarka,0,12,2023,0,0,None,24.5,0.0,23729
2023-12-18,Ambaji,0,12,2023,0,0,None,20.3,0.0,32081
2023-12-18,Pavagadh,0,12,2023,0,0,None,25.3,0.0,19623
2023-12-19,Somnath,1,12,2023,0,0,None,21.6,0.0,22877
2023-12-19,Dwarka,1,12,2023,0,0,None,20.9,0.0,22081
2023-12-19,Ambaji,1,12,2023,0,0,None,22.8,0.0,35285
2023-12-19,Pavagadh,1,12,2023,0,0,None,27.3,0.0,20721
2023-12-20,Somnath,2,12,2023,0,0,None,24.2,0.0,25726
2023-12-20,Dwarka,2,12,2023,0,0,None,24.2,0.0,20978
2023-12-20,Ambaji,2,12,2023,0,0,None,24.0,0.0,34569
2023-12-20,Pavagadh,2,12,2023,0,0,None,18.8,0.0,19119
2023-12-21,Somnath,3,12,2023,0,0,None,25.2,0.0,23653
2023-12-21,Dwarka,3,12,2023,0,0,None,18.7,2.0,22841
2023-12-21,Ambaji,3,12,2023,0,0,None,26.9,0.0,37105
2023-12-21,Pavagadh,3,12,2023,0,0,None,26.1,0.0,18645
2023-12-22,Somnath,4,12,2023,0,0,None,21.0,0.0,27377
2023-12-22,Dwarka,4,12,2023,0,0,None,21.6,0.0,23342
2023-12-22,Ambaji,4,12,2023,0,0,None,21.9,0.0,32254
2023-12-22,Pavagadh,4,12,2023,0,0,None,22.0,0.0,18674
2023-12-23,Somnath,5,12,2023,1,0,None,21.9,0.0,36769
2023-12-23,Dwarka,5,12,2023,1,0,None,26.5,0.0,34440
2023-12-23,Ambaji,5,12,2023,1,0,None,18.2,0.0,43632
2023-12-23,Pavagadh,5,12,2023,1,0,None,22.2,0.0,30391
2023-12-24,Somnath,6,12,2023,1,0,None,26.6,0.0,36708
2023-12-24,Dwarka,6,12,2023,1,0,None,26.9,0.0,30471
2023-12-24,Ambaji,6,12,2023,1,0,None,22.7,0.0,48000
2023-12-24,Pavagadh,6,12,2023,1,0,None,21.2,0.0,29064
2023-12-25,Somnath,0,12,2023,0,1,None,27.5,0.0,38676
2023-12-25,Dwarka,0,12,2023,0,1,None,23.1,0.0,36332
2023-12-25,Ambaji,0,12,2023,0,1,None,22.8,0.0,52621
2023-12-25,Pavagadh,0,12,2023,0,1,None,26.0,0.0,27174
2023-12-26,Somnath,1,12,2023,0,0,None,23.1,0.0,26417
2023-12-26,Dwarka,1,12,2023,0,0,None,19.1,0.0,22518
2023-12-26,Ambaji,1,12,2023,0,0,None,20.9,0.0,32780
2023-12-26,Pavagadh,1,12,2023,0,0,None,20.5,0.0,19503
2023-12-27,Somnath,2,12,2023,0,0,None,24.9,0.0,23226
2023-12-27,Dwarka,2,12,2023,0,0,None,23.0,0.0,21109
2023-12-27,Ambaji,2,12,2023,0,0,None,24.5,0.0,32449
2023-12-27,Pavagadh,2,12,2023,0,0,None,21.6,0.0,21044
2023-12-28,Somnath,3,12,2023,0,0,None,22.6,0.0,25669
2023-12-28,Dwarka,3,12,2023,0,0,None,22.7,0.0,23329
2023-12-28,Ambaji,3,12,2023,0,0,None,19.5,0.0,33838
2023-12-28,Pavagadh,3,12,2023,0,0,None,22.6,0.0,21044
2023-12-29,Somnath,4,12,2023,0,0,None,18.7,0.0,24051
2023-12-29,Dwarka,4,12,2023,0,0,None,23.1,0.0,21983
2023-12-29,Ambaji,4,12,2023,0,0,None,18.7,0.0,31668
2023-12-29,Pavagadh,4,12,2023,0,0,None,21.5,0.0,20578
2023-12-30,Somnath,5,12,2023,1,0,None,23.1,0.0,38278
2023-12-30,Dwarka,5,12,2023,1,0,None,21.2,0.0,30167
2023-12-30,Ambaji,5,12,2023,1,0,None,24.6,0.0,44352
2023-12-30,Pavagadh,5,12,2023,1,0,None,23.6,0.0,26978
2023-12-31,Somnath,6,12,2023,1,0,None,27.1,0.0,34474
2023-12-31,Dwarka,6,12,2023,1,0,None,25.1,0.0,30211
2023-12-31,Ambaji,6,12,2023,1,0,None,26.4,0.0,53648
2023-12-31,Pavagadh,6,12,2023,1,0,None,24.5,0.0,27220
2024-01-01,Somnath,0,1,2024,0,0,None,21.3,0.0,22703
2024-01-01,Dwarka,0,1,2024,0,0,None,25.7,0.0,23883
2024-01-01,Ambaji,0,1,2024,0,0,None,22.4,0.0,32378
2024-01-01,Pavagadh,0,1,2024,0,0,None,27.3,0.0,18168
2024-01-02,Somnath,1,1,2024,0,0,None,18.5,0.0,24934
2024-01-02,Dwarka,1,1,2024,0,0,None,25.9,0.0,23081
2024-01-02,Ambaji,1,1,2024,0,0,None,25.7,0.0,32545
2024-01-02,Pavagadh,1,1,2024,0,0,None,19.4,0.0,19437
2024-01-03,Somnath,2,1,2024,0,0,None,22.9,0.0,23785
2024-01-03,Dwarka,2,1,2024,0,0,None,24.2,0.0,21410
2024-01-03,Ambaji,2,1,2024,0,0,None,19.1,0.0,36086
2024-01-03,Pavagadh,2,1,2024,0,0,None,25.6,0.0,21064
2024-01-04,Somnath,3,1,2024,0,0,None,20.4,0.0,27075
2024-01-04,Dwarka,3,1,2024,0,0,None,25.9,0.0,22966
2024-01-04,Ambaji,3,1,2024,0,0,None,20.7,0.0,32500
2024-01-04,Pavagadh,3,1,2024,0,0,None,21.5,0.0,20240
2024-01-05,Somnath,4,1,2024,0,0,None,22.6,0.0,25267
2024-01-05,Dwarka,4,1,2024,0,0,None,22.2,0.0,22722
2024-01-05,Ambaji,4,1,2024,0,0,None,25.9,0.0,36046
2024-01-05,Pavagadh,4,1,2024,0,0,None,23.4,0.0,19692
2024-01-06,Somnath,5,1,2024,1,0,None,18.1,0.0,32425
2024-01-06,Dwarka,5,1,2024,1,0,None,23.4,0.0,33001
2024-01-06,Ambaji,5,1,2024,1,0,None,27.6,0.0,50280
2024-01-06,Pavagadh,5,1,2024,1,0,None,22.0,0.0,25250
2024-01-07,Somnath,6,1,2024,1,0,None,19.5,0.0,32345
2024-01-07,Dwarka,6,1,2024,1,0,None,26.1,0.0,28945
2024-01-07,Ambaji,6,1,2024,1,0,None,19.9,0.0,51808
2024-01-07,Pavagadh,6,1,2024,1,0,None,25.3,0.0,27086
2024-01-08,Somnath,0,1,2024,0,0,None,19.1,0.0,23722
2024-01-08,Dwarka,0,1,2024,0,0,None,25.1,0.0,20211
2024-01-08,Ambaji,0,1,2024,0,0,None,24.1,0.0,31697
2024-01-08,Pavagadh,0,1,2024,0,0,None,22.7,0.0,21209
2024-01-09,Somnath,1,1,2024,0,0,None,26.2,0.0,23965
2024-01-09,Dwarka,1,1,2024,0,0,None,22.6,0.0,20104
2024-01-09,Ambaji,1,1,2024,0,0,None,21.3,0.0,34342
2024-01-09,Pavagadh,1,1,2024,0,0,None,24.2,0.0,21108
2024-01-10,Somnath,2,1,2024,0,0,None,19.0,0.0,23033
2024-01-10,Dwarka,2,1,2024,0,0,None,26.9,0.0,22547
2024-01-10,Ambaji,2,1,2024,0,0,None,26.5,0.0,33359
2024-01-10,Pavagadh,2,1,2024,0,0,None,27.1,0.0,20825
2024-01-11,Somnath,3,1,2024,0,0,None,19.4,0.0,22865
2024-01-11,Dwarka,3,1,2024,0,0,None,25.2,0.0,21849
2024-01-11,Ambaji,3,1,2024,0,0,None,19.7,0.0,33862
2024-01-11,Pavagadh,3,1,2024,0,0,None,21.8,0.0,18715
2024-01-12,Somnath,4,1,2024,0,0,None,26.5,0.0,25388
2024-01-12,Dwarka,4,1,2024,0,0,None,19.3,0.0,19879
2024-01-12,Ambaji,4,1,2024,0,0,None,26.0,0.0,32320
2024-01-12,Pavagadh,4,1,2024,0,0,None,19.6,0.0,21095
2024-01-13,Somnath,5,1,2024,1,0,None,20.4,0.0,34751
2024-01-13,Dwarka,5,1,2024,1,0,None,24.6,0.0,29685
2024-01-13,Ambaji,5,1,2024,1,0,None,24.2,0.0,47893
2024-01-13,Pavagadh,5,1,2024,1,0,None,24.4,0.0,26235
2024-01-14,Somnath,6,1,2024,1,0,None,25.4,0.0,38513
2024-01-14,Dwarka,6,1,2024,1,0,None,25.6,0.0,30567
2024-01-14,Ambaji,6,1,2024,1,0,None,19.0,2.0,51971
2024-01-14,Pavagadh,6,1,2024,1,0,None,21.5,0.0,30420
2024-01-15,Somnath,0,1,2024,0,0,None,18.7,0.0,25707
2024-01-15,Dwarka,0,1,2024,0,0,None,18.4,0.0,22046
2024-01-15,Ambaji,0,1,2024,0,0,None,19.9,0.0,31599
2024-01-15,Pavagadh,0,1,2024,0,0,None,27.1,0.0,19464
2024-01-16,Somnath,1,1,2024,0,0,None,20.1,0.0,26035
2024-01-16,Dwarka,1,1,2024,0,0,None,26.1,0.0,22403
2024-01-16,Ambaji,1,1,2024,0,0,None,22.1,0.0,32306
2024-01-16,Pavagadh,1,1,2024,0,0,None,24.8,0.0,21446
2024-01-17,Somnath,2,1,2024,0,0,None,23.1,0.0,25424
2024-01-17,Dwarka,2,1,2024,0,0,None,25.8,0.0,21681
2024-01-17,Ambaji,2,1,2024,0,0,None,20.9,0.0,32832
2024-01-17,Pavagadh,2,1,2024,0,0,None,18.0,0.0,21059
2024-01-18,Somnath,3,1,2024,0,0,None,20.2,0.0,24960
2024-01-18,Dwarka,3,1,2024,0,0,None,22.1,0.0,21572
2024-01-18,Ambaji,3,1,2024,0,0,None,26.6,0.0,34061
2024-01-18,Pavagadh,3,1,2024,0,0,None,27.3,0.0,19563
2024-01-19,Somnath,4,1,2024,0,0,None,20.6,0.0,23893
2024-01-19,Dwarka,4,1,2024,0,0,None,26.7,0.0,23536
2024-01-19,Ambaji,4,1,2024,0,0,None,22.0,2.0,36645
2024-01-19,Pavagadh,4,1,2024,0,0,None,21.6,0.0,20668
2024-01-20,Somnath,5,1,2024,1,0,None,25.3,0.0,38682
2024-01-20,Dwarka,5,1,2024,1,0,None,21.3,0.0,30082
2024-01-20,Ambaji,5,1,2024,1,0,None,27.3,0.0,44218
2024-01-20,Pavagadh,5,1,2024,1,0,None,18.2,0.0,28749
2024-01-21,Somnath,6,1,2024,1,0,None,25.4,0.0,38671
2024-01-21,Dwarka,6,1,2024,1,0,None,25.3,0.0,30933
2024-01-21,Ambaji,6,1,2024,1,0,None,24.0,0.0,46910
2024-01-21,Pavagadh,6,1,2024,1,0,None,21.8,0.0,26720
2024-01-22,Somnath,0,1,2024,0,0,None,26.9,0.0,23939
2024-01-22,Dwarka,0,1,2024,0,0,None,26.5,0.0,24034
2024-01-22,Ambaji,0,1,2024,0,0,None,20.7,0.0,32169
2024-01-22,Pavagadh,0,1,2024,0,0,None,27.9,0.0,21270
2024-01-23,Somnath,1,1,2024,0,0,None,19.6,0.0,27145
2024-01-23,Dwarka,1,1,2024,0,0,None,22.4,0.0,24166
2024-01-23,Ambaji,1,1,2024,0,0,None,22.1,0.0,37574
2024-01-23,Pavagadh,1,1,2024,0,0,None,22.8,2.0,20203
2024-01-24,Somnath,2,1,2024,0,0,None,18.3,0.0,26090
2024-01-24,Dwarka,2,1,2024,0,0,None,18.3,0.0,20484
2024-01-24,Ambaji,2,1,2024,0,0,None,24.4,0.0,35872
2024-01-24,Pavagadh,2,1,2024,0,0,None,24.9,0.0,20252
2024-01-25,Somnath,3,1,2024,0,0,None,23.4,0.0,26784
2024-01-25,Dwarka,3,1,2024,0,0,None,24.6,0.0,23444
2024-01-25,Ambaji,3,1,2024,0,0,None,19.2,0.0,37822
2024-01-25,Pavagadh,3,1,2024,0,0,None,27.4,0.0,20902
2024-01-26,Somnath,4,1,2024,0,1,None,22.1,0.0,45231
2024-01-26,Dwarka,4,1,2024,0,1,None,23.0,0.0,36019
2024-01-26,Ambaji,4,1,2024,0,1,None,18.8,0.0,52482
2024-01-26,Pavagadh,4,1,2024,0,1,None,21.0,0.0,36565
2024-01-27,Somnath,5,1,2024,1,0,None,19.4,0.0,32981
2024-01-27,Dwarka,5,1,2024,1,0,None,19.6,0.0,35807
2024-01-27,Ambaji,5,1,2024,1,0,None,26.4,0.0,50237
2024-01-27,Pavagadh,5,1,2024,1,0,None,23.3,0.0,26592
2024-01-28,Somnath,6,1,2024,1,0,None,20.2,0.0,32593
2024-01-28,Dwarka,6,1,2024,1,0,None,22.2,0.0,27307
2024-01-28,Ambaji,6,1,2024,1,0,None,24.4,0.0,46031
2024-01-28,Pavagadh,6,1,2024,1,0,None,18.4,0.0,30004
2024-01-29,Somnath,0,1,2024,0,0,None,18.3,0.0,26561
2024-01-29,Dwarka,0,1,2024,0,0,None,19.4,0.0,22370
2024-01-29,Ambaji,0,1,2024,0,0,None,25.4,0.0,34418
2024-01-29,Pavagadh,0,1,2024,0,0,None,20.9,0.0,21227
2024-01-30,Somnath,1,1,2024,0,0,None,18.4,0.0,24253
2024-01-30,Dwarka,1,1,2024,0,0,None,23.6,0.0,23907
2024-01-30,Ambaji,1,1,2024,0,0,None,23.5,0.0,37218
2024-01-30,Pavagadh,1,1,2024,0,0,None,19.9,0.0,21445
2024-01-31,Somnath,2,1,2024,0,0,None,23.4,0.0,27171
2024-01-31,Dwarka,2,1,2024,0,0,None,22.7,0.0,22073
2024-01-31,Ambaji,2,1,2024,0,0,None,26.2,0.0,34012
2024-01-31,Pavagadh,2,1,2024,0,0,None,21.2,0.0,21113
2024-02-01,Somnath,3,2,2024,0,0,None,22.0,0.0,24472
2024-02-01,Dwarka,3,2,2024,0,0,None,23.7,2.0,22156
2024-02-01,Ambaji,3,2,2024,0,0,None,27.9,0.0,32345
2024-02-01,Pavagadh,3,2,2024,0,0,None,26.0,0.0,20129
2024-02-02,Somnath,4,2,2024,0,0,None,24.1,0.0,23552
2024-02-02,Dwarka,4,2,2024,0,0,None,26.8,0.0,20193
2024-02-02,Ambaji,4,2,2024,0,0,None,26.9,0.0,32067
2024-02-02,Pavagadh,4,2,2024,0,0,None,27.6,0.0,20491
2024-02-03,Somnath,5,2,2024,1,0,None,23.5,0.0,32593
2024-02-03,Dwarka,5,2,2024,1,0,None,20.0,0.0,32681
2024-02-03,Ambaji,5,2,2024,1,0,None,19.7,0.0,47201
2024-02-03,Pavagadh,5,2,2024,1,0,None,19.3,0.0,25357
2024-02-04,Somnath,6,2,2024,1,0,None,19.4,0.0,32594
2024-02-04,Dwarka,6,2,2024,1,0,None,26.9,0.0,29166
2024-02-04,Ambaji,6,2,2024,1,0,None,20.4,0.0,45707
2024-02-04,Pavagadh,6,2,2024,1,0,None,24.0,0.0,25416
2024-02-05,Somnath,0,2,2024,0,0,None,27.7,0.0,25665
2024-02-05,Dwarka,0,2,2024,0,0,None,18.8,0.0,20217
2024-02-05,Ambaji,0,2,2024,0,0,None,20.3,0.0,33480
2024-02-05,Pavagadh,0,2,2024,0,0,None,23.3,0.0,18809
2024-02-06,Somnath,1,2,2024,0,0,None,25.3,0.0,23059
2024-02-06,Dwarka,1,2,2024,0,0,None,20.1,0.0,20219
2024-02-06,Ambaji,1,2,2024,0,0,None,20.8,0.0,37562
2024-02-06,Pavagadh,1,2,2024,0,0,None,18.7,0.0,21291
2024-02-07,Somnath,2,2,2024,0,0,None,19.0,0.0,22749
2024-02-07,Dwarka,2,2,2024,0,0,None,23.9,0.0,22530
2024-02-07,Ambaji,2,2,2024,0,0,None,23.4,0.0,37386
2024-02-07,Pavagadh,2,2,2024,0,0,None,21.3,2.0,19539
2024-02-08,Somnath,3,2,2024,0,0,None,20.6,0.0,25337
2024-02-08,Dwarka,3,2,2024,0,0,None,25.2,0.0,23702
2024-02-08,Ambaji,3,2,2024,0,0,None,27.2,0.0,33185
2024-02-08,Pavagadh,3,2,2024,0,0,None,24.5,0.0,20489
2024-02-09,Somnath,4,2,2024,0,0,None,27.5,0.0,27075
2024-02-09,Dwarka,4,2,2024,0,0,None,19.1,0.0,21975
2024-02-09,Ambaji,4,2,2024,0,0,None,24.5,0.0,37969
2024-02-09,Pavagadh,4,2,2024,0,0,None,27.0,0.0,18457
2024-02-10,Somnath,5,2,2024,1,0,None,18.8,0.0,33589
2024-02-10,Dwarka,5,2,2024,1,0,None,24.4,0.0,31383
2024-02-10,Ambaji,5,2,2024,1,0,None,24.9,0.0,50793
2024-02-10,Pavagadh,5,2,2024,1,0,None,21.3,2.0,26163
2024-02-11,Somnath,6,2,2024,1,0,None,21.2,2.0,35467
2024-02-11,Dwarka,6,2,2024,1,0,None,20.7,0.0,33579
2024-02-11,Ambaji,6,2,2024,1,0,None,26.6,0.0,51984
2024-02-11,Pavagadh,6,2,2024,1,0,None,19.9,0.0,32147
2024-02-12,Somnath,0,2,2024,0,0,None,20.4,0.0,24998
2024-02-12,Dwarka,0,2,2024,0,0,None,19.6,0.0,20511
2024-02-12,Ambaji,0,2,2024,0,0,None,25.6,0.0,35516
2024-02-12,Pavagadh,0,2,2024,0,0,None,18.5,0.0,19777
2024-02-13,Somnath,1,2,2024,0,0,None,24.8,0.0,22650
2024-02-13,Dwarka,1,2,2024,0,0,None,19.5,0.0,23377
2024-02-13,Ambaji,1,2,2024,0,0,None,20.4,0.0,32116
2024-02-13,Pavagadh,1,2,2024,0,0,None,19.5,0.0,20359
2024-02-14,Somnath,2,2,2024,0,0,None,27.0,0.0,26257
2024-02-14,Dwarka,2,2,2024,0,0,None,23.7,0.0,23311
2024-02-14,Ambaji,2,2,2024,0,0,None,26.5,0.0,37179
2024-02-14,Pavagadh,2,2,2024,0,0,None,21.5,0.0,21650
2024-02-15,Somnath,3,2,2024,0,0,None,25.3,0.0,26834
2024-02-15,Dwarka,3,2,2024,0,0,None,21.5,0.0,22542
2024-02-15,Ambaji,3,2,2024,0,0,None,23.7,0.0,33284
2024-02-15,Pavagadh,3,2,2024,0,0,None,27.6,0.0,18016
2024-02-16,Somnath,4,2,2024,0,0,None,21.4,0.0,26751
2024-02-16,Dwarka,4,2,2024,0,0,None,26.9,0.0,23494
2024-02-16,Ambaji,4,2,2024,0,0,None,25.0,0.0,34046
2024-02-16,Pavagadh,4,2,2024,0,0,None,20.7,0.0,20248
2024-02-17,Somnath,5,2,2024,1,0,None,19.7,0.0,33289
2024-02-17,Dwarka,5,2,2024,1,0,None,27.9,0.0,33515
2024-02-17,Ambaji,5,2,2024,1,0,None,22.2,0.0,44055
2024-02-17,Pavagadh,5,2,2024,1,0,None,24.3,0.0,27250
2024-02-18,Somnath,6,2,2024,1,0,None,20.3,0.0,33019
2024-02-18,Dwarka,6,2,2024,1,0,None,18.6,0.0,32208
2024-02-18,Ambaji,6,2,2024,1,0,None,19.9,0.0,48404
2024-02-18,Pavagadh,6,2,2024,1,0,None,20.5,0.0,26902
2024-02-19,Somnath,0,2,2024,0,0,None,21.5,0.0,23970
2024-02-19,Dwarka,0,2,2024,0,0,None,20.9,0.0,23100
2024-02-19,Ambaji,0,2,2024,0,0,None,25.8,0.0,31503
2024-02-19,Pavagadh,0,2,2024,0,0,None,18.6,0.0,19141
2024-02-20,Somnath,1,2,2024,0,0,None,19.9,0.0,26879
2024-02-20,Dwarka,1,2,2024,0,0,None,24.0,0.0,23172
2024-02-20,Ambaji,1,2,2024,0,0,None,25.6,0.0,32818
2024-02-20,Pavagadh,1,2,2024,0,0,None,26.1,0.0,21389
2024-02-21,Somnath,2,2,2024,0,0,None,18.4,0.0,23397
2024-02-21,Dwarka,2,2,2024,0,0,None,24.7,2.0,21615
2024-02-21,Ambaji,2,2,2024,0,0,None,19.0,0.0,37740
2024-02-21,Pavagadh,2,2,2024,0,0,None,25.7,0.0,21814
2024-02-22,Somnath,3,2,2024,0,0,None,24.2,0.0,25361
2024-02-22,Dwarka,3,2,2024,0,0,None,22.5,0.0,21314
2024-02-22,Ambaji,3,2,2024,0,0,None,26.7,0.0,36222
2024-02-22,Pavagadh,3,2,2024,0,0,None,20.6,0.0,20194
2024-02-23,Somnath,4,2,2024,0,0,None,27.1,0.0,27416
2024-02-23,Dwarka,4,2,2024,0,0,None,26.2,0.0,20734
2024-02-23,Ambaji,4,2,2024,0,0,None,22.3,0.0,32458
2024-02-23,Pavagadh,4,2,2024,0,0,None,20.8,0.0,20668
2024-02-24,Somnath,5,2,2024,1,0,None,21.1,0.0,39145
2024-02-24,Dwarka,5,2,2024,1,0,None,27.3,0.0,32616
2024-02-24,Ambaji,5,2,2024,1,0,None,21.3,0.0,48073
2024-02-24,Pavagadh,5,2,2024,1,0,None,24.1,0.0,24342
2024-02-25,Somnath,6,2,2024,1,0,None,26.7,0.0,37633
2024-02-25,Dwarka,6,2,2024,1,0,None,24.2,0.0,29961
2024-02-25,Ambaji,6,2,2024,1,0,None,19.4,0.0,47337
2024-02-25,Pavagadh,6,2,2024,1,0,None,24.0,0.0,29569
2024-02-26,Somnath,0,2,2024,0,0,None,27.3,0.0,26937
2024-02-26,Dwarka,0,2,2024,0,0,None,23.2,0.0,21413
2024-02-26,Ambaji,0,2,2024,0,0,None,22.0,0.0,33062
2024-02-26,Pavagadh,0,2,2024,0,0,None,19.2,0.0,20307
2024-02-27,Somnath,1,2,2024,0,0,None,20.8,0.0,25124
2024-02-27,Dwarka,1,2,2024,0,0,None,23.9,0.0,21535
2024-02-27,Ambaji,1,2,2024,0,0,None,24.8,0.0,37406
2024-02-27,Pavagadh,1,2,2024,0,0,None,20.5,0.0,20379
2024-02-28,Somnath,2,2,2024,0,0,None,26.9,0.0,25419
2024-02-28,Dwarka,2,2,2024,0,0,None,27.8,0.0,23506
2024-02-28,Ambaji,2,2,2024,0,0,None,26.2,0.0,38413
2024-02-28,Pavagadh,2,2,2024,0,0,None,23.0,0.0,19843
2024-02-29,Somnath,3,2,2024,0,0,None,26.5,0.0,24179
2024-02-29,Dwarka,3,2,2024,0,0,None,18.5,0.0,21886
2024-02-29,Ambaji,3,2,2024,0,0,None,18.9,0.0,33485
2024-02-29,Pavagadh,3,2,2024,0,0,None,24.5,0.0,21442
2024-03-01,Somnath,4,3,2024,0,0,None,40.1,0.0,25647
2024-03-01,Dwarka,4,3,2024,0,0,None,34.1,5.0,23302
2024-03-01,Ambaji,4,3,2024,0,0,None,40.7,0.0,31624
2024-03-01,Pavagadh,4,3,2024,0,0,None,38.4,0.0,21121
2024-03-02,Somnath,5,3,2024,1,0,None,36.6,0.0,36129
2024-03-02,Dwarka,5,3,2024,1,0,None,42.5,0.0,25643
2024-03-02,Ambaji,5,3,2024,1,0,None,42.3,0.0,51417
2024-03-02,Pavagadh,5,3,2024,1,0,None,39.7,0.0,26947
2024-03-03,Somnath,6,3,2024,1,0,None,39.1,0.0,37484
2024-03-03,Dwarka,6,3,2024,1,0,None,32.4,0.0,35654
2024-03-03,Ambaji,6,3,2024,1,0,None,40.0,0.0,45478
2024-03-03,Pavagadh,6,3,2024,1,0,None,43.0,0.0,29074
2024-03-04,Somnath,0,3,2024,0,0,None,35.5,0.0,27091
2024-03-04,Dwarka,0,3,2024,0,0,None,34.4,0.0,22699
2024-03-04,Ambaji,0,3,2024,0,0,None,33.7,0.0,33803
2024-03-04,Pavagadh,0,3,2024,0,0,None,40.3,0.0,19628
2024-03-05,Somnath,1,3,2024,0,0,None,39.3,0.0,23097
2024-03-05,Dwarka,1,3,2024,0,0,None,36.3,0.0,22656
2024-03-05,Ambaji,1,3,2024,0,0,None,42.7,0.0,32468
2024-03-05,Pavagadh,1,3,2024,0,0,None,39.3,0.0,20293
2024-03-06,Somnath,2,3,2024,0,0,None,33.1,0.0,26446
2024-03-06,Dwarka,2,3,2024,0,0,None,34.5,0.0,21683
2024-03-06,Ambaji,2,3,2024,0,0,None,35.3,0.0,36618
2024-03-06,Pavagadh,2,3,2024,0,0,None,39.1,0.0,18905
2024-03-07,Somnath,3,3,2024,0,0,None,37.7,0.0,25378
2024-03-07,Dwarka,3,3,2024,0,0,None,42.7,0.0,21696
2024-03-07,Ambaji,3,3,2024,0,0,None,41.2,0.0,33401
2024-03-07,Pavagadh,3,3,2024,0,0,None,40.4,0.0,19297
2024-03-08,Somnath,4,3,2024,0,0,Maha Shivratri,39.3,1.0,341588
2024-03-08,Dwarka,4,3,2024,0,0,None,41.8,0.0,17822
2024-03-08,Ambaji,4,3,2024,0,0,None,39.9,0.0,31993
2024-03-08,Pavagadh,4,3,2024,0,0,None,38.7,0.0,19353
2024-03-09,Somnath,5,3,2024,1,0,None,37.3,0.0,31042
2024-03-09,Dwarka,5,3,2024,1,0,None,36.7,0.0,34576
2024-03-09,Ambaji,5,3,2024,1,0,None,39.2,0.0,44272
2024-03-09,Pavagadh,5,3,2024,1,0,None,34.4,0.0,28477
2024-03-10,Somnath,6,3,2024,1,0,None,41.7,0.0,27850
2024-03-10,Dwarka,6,3,2024,1,0,None,33.2,0.0,29607
2024-03-10,Ambaji,6,3,2024,1,0,None,33.8,0.0,50106
2024-03-10,Pavagadh,6,3,2024,1,0,None,34.4,0.0,26671
2024-03-11,Somnath,0,3,2024,0,0,None,34.7,0.0,25570
2024-03-11,Dwarka,0,3,2024,0,0,None,40.9,0.0,21839
2024-03-11,Ambaji,0,3,2024,0,0,None,42.6,0.0,35998
2024-03-11,Pavagadh,0,3,2024,0,0,None,38.7,0.0,21027
2024-03-12,Somnath,1,3,2024,0,0,None,39.7,0.0,25989
2024-03-12,Dwarka,1,3,2024,0,0,None,38.7,0.0,21630
2024-03-12,Ambaji,1,3,2024,0,0,None,32.5,0.0,37558
2024-03-12,Pavagadh,1,3,2024,0,0,None,38.5,0.0,18112
2024-03-13,Somnath,2,3,2024,0,0,None,32.0,0.0,24299
2024-03-13,Dwarka,2,3,2024,0,0,None,34.1,0.0,22878
2024-03-13,Ambaji,2,3,2024,0,0,None,42.6,0.0,34464
2024-03-13,Pavagadh,2,3,2024,0,0,None,42.2,0.0,16729
2024-03-14,Somnath,3,3,2024,0,0,None,33.7,0.0,24205
2024-03-14,Dwarka,3,3,2024,0,0,None,40.2,0.0,23039
2024-03-14,Ambaji,3,3,2024,0,0,None,35.2,0.0,35969
2024-03-14,Pavagadh,3,3,2024,0,0,None,39.4,0.0,19130
2024-03-15,Somnath,4,3,2024,0,0,None,34.7,0.0,22878
2024-03-15,Dwarka,4,3,2024,0,0,None,37.7,0.0,21283
2024-03-15,Ambaji,4,3,2024,0,0,None,39.6,0.0,33462
2024-03-15,Pavagadh,4,3,2024,0,0,None,38.8,0.0,19018
2024-03-16,Somnath,5,3,2024,1,0,None,35.3,0.0,35190
2024-03-16,Dwarka,5,3,2024,1,0,None,39.2,1.0,29510
2024-03-16,Ambaji,5,3,2024,1,0,None,39.3,0.0,45696
2024-03-16,Pavagadh,5,3,2024,1,0,None,34.5,0.0,31583
2024-03-17,Somnath,6,3,2024,1,0,None,36.2,0.0,36370
2024-03-17,Dwarka,6,3,2024,1,0,None,40.0,0.0,30240
2024-03-17,Ambaji,6,3,2024,1,0,None,33.9,0.0,53106
2024-03-17,Pavagadh,6,3,2024,1,0,None,42.0,0.0,24240
2024-03-18,Somnath,0,3,2024,0,0,None,42.2,0.0,23082
2024-03-18,Dwarka,0,3,2024,0,0,None,39.9,0.0,20494
2024-03-18,Ambaji,0,3,2024,0,0,None,41.7,0.0,32559
2024-03-18,Pavagadh,0,3,2024,0,0,None,40.4,0.0,18531
2024-03-19,Somnath,1,3,2024,0,0,None,37.9,0.0,23268
2024-03-19,Dwarka,1,3,2024,0,0,None,34.5,0.0,20986
2024-03-19,Ambaji,1,3,2024,0,0,None,33.9,0.0,32626
2024-03-19,Pavagadh,1,3,2024,0,0,None,35.8,0.0,19904
2024-03-20,Somnath,2,3,2024,0,0,None,36.0,1.0,25793
2024-03-20,Dwarka,2,3,2024,0,0,None,36.0,0.0,22012
2024-03-20,Ambaji,2,3,2024,0,0,None,32.4,1.0,33063
2024-03-20,Pavagadh,2,3,2024,0,0,None,39.7,0.0,21309
2024-03-21,Somnath,3,3,2024,0,0,None,33.8,0.0,22918
2024-03-21,Dwarka,3,3,2024,0,0,None,40.9,0.0,20497
2024-03-21,Ambaji,3,3,2024,0,0,None,39.9,0.0,32301
2024-03-21,Pavagadh,3,3,2024,0,0,None,37.1,0.0,21800
2024-03-22,Somnath,4,3,2024,0,0,None,36.0,0.0,27241
2024-03-22,Dwarka,4,3,2024,0,0,None,36.3,0.0,20514
2024-03-22,Ambaji,4,3,2024,0,0,None,42.3,0.0,29502
2024-03-22,Pavagadh,4,3,2024,0,0,None,42.1,0.0,18649
2024-03-23,Somnath,5,3,2024,1,0,None,40.4,1.0,39684
2024-03-23,Dwarka,5,3,2024,1,0,None,41.0,0.0,31358
2024-03-23,Ambaji,5,3,2024,1,0,None,32.3,0.0,50579
2024-03-23,Pavagadh,5,3,2024,1,0,None,35.9,0.0,27481
2024-03-24,Somnath,6,3,2024,1,0,None,32.8,1.0,35983
2024-03-24,Dwarka,6,3,2024,1,0,None,32.7,0.0,27303
2024-03-24,Ambaji,6,3,2024,1,0,None,39.2,1.0,43482
2024-03-24,Pavagadh,6,3,2024,1,0,None,39.7,0.0,24465
2024-03-25,Somnath,0,3,2024,0,0,None,32.1,0.0,22856
2024-03-25,Dwarka,0,3,2024,0,0,None,36.0,0.0,21911
2024-03-25,Ambaji,0,3,2024,0,0,None,33.6,0.0,31563
2024-03-25,Pavagadh,0,3,2024,0,0,None,34.6,0.0,18473
2024-03-26,Somnath,1,3,2024,0,0,None,41.0,0.0,26274
2024-03-26,Dwarka,1,3,2024,0,0,None,37.2,0.0,22638
2024-03-26,Ambaji,1,3,2024,0,0,None,32.5,0.0,33787
2024-03-26,Pavagadh,1,3,2024,0,0,None,36.6,0.0,20707
2024-03-27,Somnath,2,3,2024,0,0,None,32.0,1.0,23372
2024-03-27,Dwarka,2,3,2024,0,0,None,34.7,1.0,19824
2024-03-27,Ambaji,2,3,2024,0,0,None,42.9,0.0,28603
2024-03-27,Pavagadh,2,3,2024,0,0,None,36.8,0.0,18418
2024-03-28,Somnath,3,3,2024,0,0,None,32.8,0.0,23783
2024-03-28,Dwarka,3,3,2024,0,0,None,42.1,0.0,19117
2024-03-28,Ambaji,3,3,2024,0,0,None,32.7,0.0,37254
2024-03-28,Pavagadh,3,3,2024,0,0,None,41.9,0.0,16214
2024-03-29,Somnath,4,3,2024,0,0,None,39.3,0.0,26719
2024-03-29,Dwarka,4,3,2024,0,0,None,38.7,0.0,22293
2024-03-29,Ambaji,4,3,2024,0,0,None,40.5,0.0,35021
2024-03-29,Pavagadh,4,3,2024,0,0,None,32.2,0.0,20134
2024-03-30,Somnath,5,3,2024,1,0,None,40.3,0.0,32478
2024-03-30,Dwarka,5,3,2024,1,0,None,41.9,0.0,30689
2024-03-30,Ambaji,5,3,2024,1,0,None,37.1,0.0,50384
2024-03-30,Pavagadh,5,3,2024,1,0,None,34.8,0.0,27963
2024-03-31,Somnath,6,3,2024,1,0,None,35.2,0.0,38851
2024-03-31,Dwarka,6,3,2024,1,0,None,39.6,1.0,27936
2024-03-31,Ambaji,6,3,2024,1,0,None,35.2,0.0,49679
2024-03-31,Pavagadh,6,3,2024,1,0,None,35.0,0.0,26547
2024-04-01,Somnath,0,4,2024,0,0,None,36.0,0.0,27262
2024-04-01,Dwarka,0,4,2024,0,0,None,35.5,0.0,22131
2024-04-01,Ambaji,0,4,2024,0,0,None,34.5,0.0,36364
2024-04-01,Pavagadh,0,4,2024,0,0,None,42.6,0.0,16841
2024-04-02,Somnath,1,4,2024,0,0,None,36.3,0.0,24844
2024-04-02,Dwarka,1,4,2024,0,0,None,32.7,1.0,21442
2024-04-02,Ambaji,1,4,2024,0,0,None,39.4,0.0,31894
2024-04-02,Pavagadh,1,4,2024,0,0,None,32.0,0.0,21826
2024-04-03,Somnath,2,4,2024,0,0,None,40.7,0.0,25574
2024-04-03,Dwarka,2,4,2024,0,0,None,38.7,0.0,21687
2024-04-03,Ambaji,2,4,2024,0,0,None,39.8,0.0,37456
2024-04-03,Pavagadh,2,4,2024,0,0,None,39.3,0.0,21419
2024-04-04,Somnath,3,4,2024,0,0,None,32.2,0.0,24168
2024-04-04,Dwarka,3,4,2024,0,0,None,39.7,0.0,21037
2024-04-04,Ambaji,3,4,2024,0,0,None,35.9,0.0,35578
2024-04-04,Pavagadh,3,4,2024,0,0,None,35.2,5.0,20948
2024-04-05,Somnath,4,4,2024,0,0,None,35.0,0.0,24676
2024-04-05,Dwarka,4,4,2024,0,0,None,41.5,0.0,17378
2024-04-05,Ambaji,4,4,2024,0,0,None,42.8,0.0,30471
2024-04-05,Pavagadh,4,4,2024,0,0,None,35.2,0.0,20465
2024-04-06,Somnath,5,4,2024,1,0,None,32.8,0.0,34661
2024-04-06,Dwarka,5,4,2024,1,0,None,35.5,0.0,28242
2024-04-06,Ambaji,5,4,2024,1,0,None,34.6,0.0,49555
2024-04-06,Pavagadh,5,4,2024,1,0,None,38.9,0.0,27164
2024-04-07,Somnath,6,4,2024,1,0,None,42.6,0.0,28286
2024-04-07,Dwarka,6,4,2024,1,0,None,35.4,0.0,29207
2024-04-07,Ambaji,6,4,2024,1,0,None,42.5,0.0,37111
2024-04-07,Pavagadh,6,4,2024,1,0,None,40.3,0.0,30438
2024-04-08,Somnath,0,4,2024,0,0,None,34.6,0.0,25097
2024-04-08,Dwarka,0,4,2024,0,0,None,41.6,0.0,20880
2024-04-08,Ambaji,0,4,2024,0,0,None,34.6,0.0,35532
2024-04-08,Pavagadh,0,4,2024,0,0,None,35.4,0.0,21280
2024-04-09,Somnath,1,4,2024,0,0,None,37.7,0.0,23890
2024-04-09,Dwarka,1,4,2024,0,0,None,40.7,0.0,20830
2024-04-09,Ambaji,1,4,2024,0,0,None,35.5,0.0,34004
2024-04-09,Pavagadh,1,4,2024,0,0,None,36.4,0.0,18646
2024-04-10,Somnath,2,4,2024,0,0,None,35.7,0.0,24955
2024-04-10,Dwarka,2,4,2024,0,0,None,37.0,0.0,20581
2024-04-10,Ambaji,2,4,2024,0,0,None,32.5,0.0,34916
2024-04-10,Pavagadh,2,4,2024,0,0,None,36.5,0.0,21960
2024-04-11,Somnath,3,4,2024,0,0,None,36.4,0.0,23552
2024-04-11,Dwarka,3,4,2024,0,0,None,34.7,0.0,19817
2024-04-11,Ambaji,3,4,2024,0,0,None,32.2,0.0,33061
2024-04-11,Pavagadh,3,4,2024,0,0,None,37.8,0.0,19247
2024-04-12,Somnath,4,4,2024,0,0,None,34.6,0.0,23313
2024-04-12,Dwarka,4,4,2024,0,0,None,39.5,1.0,20821
2024-04-12,Ambaji,4,4,2024,0,0,None,33.0,1.0,33395
2024-04-12,Pavagadh,4,4,2024,0,0,None,35.0,0.0,18924
2024-04-13,Somnath,5,4,2024,1,0,None,42.9,0.0,31241
2024-04-13,Dwarka,5,4,2024,1,0,None,37.7,5.0,31214
2024-04-13,Ambaji,5,4,2024,1,0,None,38.1,0.0,45115
2024-04-13,Pavagadh,5,4,2024,1,0,None,39.8,0.0,27912
2024-04-14,Somnath,6,4,2024,1,0,None,42.2,0.0,36696
2024-04-14,Dwarka,6,4,2024,1,0,None,40.2,0.0,29794
2024-04-14,Ambaji,6,4,2024,1,0,None,35.2,0.0,47807
2024-04-14,Pavagadh,6,4,2024,1,0,None,36.4,0.0,24478
2024-04-15,Somnath,0,4,2024,0,0,None,35.7,0.0,25201
2024-04-15,Dwarka,0,4,2024,0,0,None,32.2,1.0,24052
2024-04-15,Ambaji,0,4,2024,0,0,None,35.4,0.0,32230
2024-04-15,Pavagadh,0,4,2024,0,0,None,42.0,0.0,19662
2024-04-16,Somnath,1,4,2024,0,0,None,42.0,0.0,24932
2024-04-16,Dwarka,1,4,2024,0,0,None,41.6,0.0,21713
2024-04-16,Ambaji,1,4,2024,0,0,None,36.1,0.0,36309
2024-04-16,Pavagadh,1,4,2024,0,0,None,36.0,0.0,18592
2024-04-17,Somnath,2,4,2024,0,0,None,42.0,0.0,23180
2024-04-17,Dwarka,2,4,2024,0,0,None,34.6,0.0,21103
2024-04-17,Ambaji,2,4,2024,0,0,None,42.3,0.0,32612
2024-04-17,Pavagadh,2,4,2024,0,0,None,33.8,1.0,21295
2024-04-18,Somnath,3,4,2024,0,0,None,32.9,0.0,22866
2024-04-18,Dwarka,3,4,2024,0,0,None,35.6,0.0,22438
2024-04-18,Ambaji,3,4,2024,0,0,None,42.7,0.0,31440
2024-04-18,Pavagadh,3,4,2024,0,0,None,33.9,0.0,19614
2024-04-19,Somnath,4,4,2024,0,0,None,42.4,0.0,23130
2024-04-19,Dwarka,4,4,2024,0,0,None,41.2,0.0,18958
2024-04-19,Ambaji,4,4,2024,0,0,None,37.0,0.0,33676
2024-04-19,Pavagadh,4,4,2024,0,0,None,40.3,0.0,19174
2024-04-20,Somnath,5,4,2024,1,0,None,33.6,0.0,35661
2024-04-20,Dwarka,5,4,2024,1,0,None,42.7,0.0,25642
2024-04-20,Ambaji,5,4,2024,1,0,None,33.0,0.0,51536
2024-04-20,Pavagadh,5,4,2024,1,0,None,42.2,0.0,24143
2024-04-21,Somnath,6,4,2024,1,0,None,42.2,0.0,29738
2024-04-21,Dwarka,6,4,2024,1,0,None,38.6,0.0,32477
2024-04-21,Ambaji,6,4,2024,1,0,None,39.3,0.0,48502
2024-04-21,Pavagadh,6,4,2024,1,0,None,38.9,0.0,28405
2024-04-22,Somnath,0,4,2024,0,0,None,34.0,0.0,23307
2024-04-22,Dwarka,0,4,2024,0,0,None,40.2,0.0,21466
2024-04-22,Ambaji,0,4,2024,0,0,None,33.6,0.0,38391
2024-04-22,Pavagadh,0,4,2024,0,0,None,33.2,0.0,20707
2024-04-23,Somnath,1,4,2024,0,0,None,33.0,0.0,23216
2024-04-23,Dwarka,1,4,2024,0,0,None,39.1,1.0,23434
2024-04-23,Ambaji,1,4,2024,0,0,None,42.8,0.0,31823
2024-04-23,Pavagadh,1,4,2024,0,0,None,36.6,0.0,18189
2024-04-24,Somnath,2,4,2024,0,0,None,41.1,0.0,22645
2024-04-24,Dwarka,2,4,2024,0,0,None,32.1,0.0,21322
2024-04-24,Ambaji,2,4,2024,0,0,None,42.6,0.0,29291
2024-04-24,Pavagadh,2,4,2024,0,0,None,36.3,0.0,21046
2024-04-25,Somnath,3,4,2024,0,0,None,33.8,0.0,25996
2024-04-25,Dwarka,3,4,2024,0,0,None,36.0,0.0,23162
2024-04-25,Ambaji,3,4,2024,0,0,None,34.0,0.0,36637
2024-04-25,Pavagadh,3,4,2024,0,0,None,35.9,0.0,19144
2024-04-26,Somnath,4,4,2024,0,0,None,42.3,0.0,19723
2024-04-26,Dwarka,4,4,2024,0,0,None,34.0,0.0,21978
2024-04-26,Ambaji,4,4,2024,0,0,None,35.8,0.0,37667
2024-04-26,Pavagadh,4,4,2024,0,0,None,37.2,0.0,19801
2024-04-27,Somnath,5,4,2024,1,0,None,39.1,0.0,30535
2024-04-27,Dwarka,5,4,2024,1,0,None,34.8,0.0,27194
2024-04-27,Ambaji,5,4,2024,1,0,None,42.2,0.0,44906
2024-04-27,Pavagadh,5,4,2024,1,0,None,33.2,0.0,28098
2024-04-28,Somnath,6,4,2024,1,0,None,42.0,0.0,33865
2024-04-28,Dwarka,6,4,2024,1,0,None,42.9,0.0,29502
2024-04-28,Ambaji,6,4,2024,1,0,None,40.4,1.0,49072
2024-04-28,Pavagadh,6,4,2024,1,0,None,37.1,1.0,28355
2024-04-29,Somnath,0,4,2024,0,0,None,33.2,0.0,25826
2024-04-29,Dwarka,0,4,2024,0,0,None,40.5,0.0,20045
2024-04-29,Ambaji,0,4,2024,0,0,None,39.0,1.0,34974
2024-04-29,Pavagadh,0,4,2024,0,0,None,42.2,0.0,19847
2024-04-30,Somnath,1,4,2024,0,0,None,42.6,0.0,23820
2024-04-30,Dwarka,1,4,2024,0,0,None,39.4,0.0,20002
2024-04-30,Ambaji,1,4,2024,0,0,None,36.0,0.0,35827
2024-04-30,Pavagadh,1,4,2024,0,0,None,37.8,0.0,19742
2024-05-01,Somnath,2,5,2024,0,0,None,33.7,0.0,27458
2024-05-01,Dwarka,2,5,2024,0,0,None,41.7,0.0,20014
2024-05-01,Ambaji,2,5,2024,0,0,None,33.4,5.0,34476
2024-05-01,Pavagadh,2,5,2024,0,0,None,37.6,0.0,18766
2024-05-02,Somnath,3,5,2024,0,0,None,34.4,0.0,24422
2024-05-02,Dwarka,3,5,2024,0,0,None,34.2,1.0,22942
2024-05-02,Ambaji,3,5,2024,0,0,None,41.9,0.0,30553
2024-05-02,Pavagadh,3,5,2024,0,0,None,38.8,0.0,18529
2024-05-03,Somnath,4,5,2024,0,0,None,39.0,0.0,23283
2024-05-03,Dwarka,4,5,2024,0,0,None,35.9,0.0,22949
2024-05-03,Ambaji,4,5,2024,0,0,None,42.9,0.0,32549
2024-05-03,Pavagadh,4,5,2024,0,0,None,33.1,0.0,19026
2024-05-04,Somnath,5,5,2024,1,0,None,36.3,0.0,36922
2024-05-04,Dwarka,5,5,2024,1,0,None,42.6,0.0,28174
2024-05-04,Ambaji,5,5,2024,1,0,None,37.9,0.0,49790
2024-05-04,Pavagadh,5,5,2024,1,0,None,35.1,0.0,26794
2024-05-05,Somnath,6,5,2024,1,0,None,40.9,0.0,33669
2024-05-05,Dwarka,6,5,2024,1,0,None,36.6,0.0,30063
2024-05-05,Ambaji,6,5,2024,1,0,None,42.1,1.0,38580
2024-05-05,Pavagadh,6,5,2024,1,0,None,32.5,1.0,27769
2024-05-06,Somnath,0,5,2024,0,0,None,39.4,0.0,26854
2024-05-06,Dwarka,0,5,2024,0,0,None,32.2,0.0,23554
2024-05-06,Ambaji,0,5,2024,0,0,None,38.6,0.0,32276
2024-05-06,Pavagadh,0,5,2024,0,0,None,34.6,0.0,21460
2024-05-07,Somnath,1,5,2024,0,0,None,40.8,0.0,26428
2024-05-07,Dwarka,1,5,2024,0,0,None,40.4,0.0,20769
2024-05-07,Ambaji,1,5,2024,0,0,None,35.8,0.0,31550
2024-05-07,Pavagadh,1,5,2024,0,0,None,32.9,0.0,18133
2024-05-08,Somnath,2,5,2024,0,0,None,36.4,5.0,26476
2024-05-08,Dwarka,2,5,2024,0,0,None,40.3,0.0,22623
2024-05-08,Ambaji,2,5,2024,0,0,None,37.5,0.0,34550
2024-05-08,Pavagadh,2,5,2024,0,0,None,37.8,5.0,19317
2024-05-09,Somnath,3,5,2024,0,0,None,34.4,0.0,25121
2024-05-09,Dwarka,3,5,2024,0,0,None,32.9,0.0,21657
2024-05-09,Ambaji,3,5,2024,0,0,None,36.5,0.0,36912
2024-05-09,Pavagadh,3,5,2024,0,0,None,42.8,0.0,16517
2024-05-10,Somnath,4,5,2024,0,0,None,41.7,0.0,25650
2024-05-10,Dwarka,4,5,2024,0,0,None,38.1,0.0,21389
2024-05-10,Ambaji,4,5,2024,0,0,None,32.4,0.0,31625
2024-05-10,Pavagadh,4,5,2024,0,0,None,38.5,0.0,18030
2024-05-11,Somnath,5,5,2024,1,0,None,34.8,0.0,33630
2024-05-11,Dwarka,5,5,2024,1,0,None,39.4,1.0,32992
2024-05-11,Ambaji,5,5,2024,1,0,None,40.7,0.0,48641
2024-05-11,Pavagadh,5,5,2024,1,0,None,35.7,0.0,26537
2024-05-12,Somnath,6,5,2024,1,0,None,36.0,0.0,32561
2024-05-12,Dwarka,6,5,2024,1,0,None,41.8,0.0,30294
2024-05-12,Ambaji,6,5,2024,1,0,None,39.2,5.0,45403
2024-05-12,Pavagadh,6,5,2024,1,0,None,41.4,0.0,24099
2024-05-13,Somnath,0,5,2024,0,0,None,40.2,0.0,26298
2024-05-13,Dwarka,0,5,2024,0,0,None,34.6,0.0,21199
2024-05-13,Ambaji,0,5,2024,0,0,None,34.7,0.0,33760
2024-05-13,Pavagadh,0,5,2024,0,0,None,42.5,0.0,17936
2024-05-14,Somnath,1,5,2024,0,0,None,43.0,0.0,22151
2024-05-14,Dwarka,1,5,2024,0,0,None,37.2,0.0,22814
2024-05-14,Ambaji,1,5,2024,0,0,None,35.8,0.0,32992
2024-05-14,Pavagadh,1,5,2024,0,0,None,36.4,0.0,18666
2024-05-15,Somnath,2,5,2024,0,0,None,32.8,0.0,25224
2024-05-15,Dwarka,2,5,2024,0,0,None,39.2,0.0,22001
2024-05-15,Ambaji,2,5,2024,0,0,None,38.0,0.0,32132
2024-05-15,Pavagadh,2,5,2024,0,0,None,36.5,0.0,20134
2024-05-16,Somnath,3,5,2024,0,0,None,40.3,0.0,23609
2024-05-16,Dwarka,3,5,2024,0,0,None,34.3,0.0,21676
2024-05-16,Ambaji,3,5,2024,0,0,None,36.8,0.0,36849
2024-05-16,Pavagadh,3,5,2024,0,0,None,36.3,0.0,20560
2024-05-17,Somnath,4,5,2024,0,0,None,38.7,1.0,22579
2024-05-17,Dwarka,4,5,2024,0,0,None,32.7,0.0,21355
2024-05-17,Ambaji,4,5,2024,0,0,None,42.9,0.0,30928
2024-05-17,Pavagadh,4,5,2024,0,0,None,35.1,0.0,21684
2024-05-18,Somnath,5,5,2024,1,0,None,32.3,0.0,33121
2024-05-18,Dwarka,5,5,2024,1,0,None,34.7,0.0,31556
2024-05-18,Ambaji,5,5,2024,1,0,None,39.3,0.0,41495
2024-05-18,Pavagadh,5,5,2024,1,0,None,38.6,0.0,26960
2024-05-19,Somnath,6,5,2024,1,0,None,36.2,0.0,34203
2024-05-19,Dwarka,6,5,2024,1,0,None,35.6,0.0,30123
2024-05-19,Ambaji,6,5,2024,1,0,None,41.9,0.0,40494
2024-05-19,Pavagadh,6,5,2024,1,0,None,39.5,0.0,30361
2024-05-20,Somnath,0,5,2024,0,0,None,35.2,0.0,26216
2024-05-20,Dwarka,0,5,2024,0,0,None,33.9,1.0,21295
2024-05-20,Ambaji,0,5,2024,0,0,None,39.9,0.0,35028
2024-05-20,Pavagadh,0,5,2024,0,0,None,33.4,0.0,18936
2024-05-21,Somnath,1,5,2024,0,0,None,37.7,0.0,25233
2024-05-21,Dwarka,1,5,2024,0,0,None,35.2,0.0,21398
2024-05-21,Ambaji,1,5,2024,0,0,None,38.7,0.0,31698
2024-05-21,Pavagadh,1,5,2024,0,0,None,34.8,5.0,19047
2024-05-22,Somnath,2,5,2024,0,0,None,40.5,0.0,23110
2024-05-22,Dwarka,2,5,2024,0,0,None,39.1,1.0,23702
2024-05-22,Ambaji,2,5,2024,0,0,None,39.6,0.0,33735
2024-05-22,Pavagadh,2,5,2024,0,0,None,35.9,0.0,21688
2024-05-23,Somnath,3,5,2024,0,0,None,34.3,0.0,24659
2024-05-23,Dwarka,3,5,2024,0,0,None,36.5,0.0,20992
2024-05-23,Ambaji,3,5,2024,0,0,None,37.5,0.0,35486
2024-05-23,Pavagadh,3,5,2024,0,0,None,36.2,0.0,20663
2024-05-24,Somnath,4,5,2024,0,0,None,34.7,0.0,26515
2024-05-24,Dwarka,4,5,2024,0,0,None,37.8,0.0,20953
2024-05-24,Ambaji,4,5,2024,0,0,None,40.4,0.0,38116
2024-05-24,Pavagadh,4,5,2024,0,0,None,37.1,0.0,20801
2024-05-25,Somnath,5,5,2024,1,0,None,34.8,0.0,32203
2024-05-25,Dwarka,5,5,2024,1,0,None,41.1,0.0,27129
2024-05-25,Ambaji,5,5,2024,1,0,None,41.7,0.0,39165
2024-05-25,Pavagadh,5,5,2024,1,0,None,33.7,0.0,28347
2024-05-26,Somnath,6,5,2024,1,0,None,39.5,0.0,36307
2024-05-26,Dwarka,6,5,2024,1,0,None,32.0,0.0,35507
2024-05-26,Ambaji,6,5,2024,1,0,None,36.0,0.0,47786
2024-05-26,Pavagadh,6,5,2024,1,0,None,38.9,0.0,29894
2024-05-27,Somnath,0,5,2024,0,0,None,40.7,0.0,26543
2024-05-27,Dwarka,0,5,2024,0,0,None,33.7,0.0,20719
2024-05-27,Ambaji,0,5,2024,0,0,None,40.5,0.0,35439
2024-05-27,Pavagadh,0,5,2024,0,0,None,42.5,0.0,18531
2024-05-28,Somnath,1,5,2024,0,0,None,41.3,0.0,20657
2024-05-28,Dwarka,1,5,2024,0,0,None,41.8,1.0,21135
2024-05-28,Ambaji,1,5,2024,0,0,None,38.0,0.0,37329
2024-05-28,Pavagadh,1,5,2024,0,0,None,38.0,0.0,18063
2024-05-29,Somnath,2,5,2024,0,0,None,32.1,0.0,22867
2024-05-29,Dwarka,2,5,2024,0,0,None,40.1,0.0,21814
2024-05-29,Ambaji,2,5,2024,0,0,None,39.8,5.0,33224
2024-05-29,Pavagadh,2,5,2024,0,0,None,38.1,0.0,18067
2024-05-30,Somnath,3,5,2024,0,0,None,34.2,0.0,25261
2024-05-30,Dwarka,3,5,2024,0,0,None,32.9,0.0,22087
2024-05-30,Ambaji,3,5,2024,0,0,None,36.7,0.0,36899
2024-05-30,Pavagadh,3,5,2024,0,0,None,37.1,0.0,20821
2024-05-31,Somnath,4,5,2024,0,0,None,38.1,0.0,24905
2024-05-31,Dwarka,4,5,2024,0,0,None,38.3,0.0,23478
2024-05-31,Ambaji,4,5,2024,0,0,None,36.6,0.0,34506
2024-05-31,Pavagadh,4,5,2024,0,0,None,32.0,0.0,18590
2024-06-01,Somnath,5,6,2024,1,0,None,36.4,0.0,30991
2024-06-01,Dwarka,5,6,2024,1,0,None,40.0,0.0,29737
2024-06-01,Ambaji,5,6,2024,1,0,None,37.1,0.0,44464
2024-06-01,Pavagadh,5,6,2024,1,0,None,41.6,0.0,25505
2024-06-02,Somnath,6,6,2024,1,0,None,32.9,0.0,34986
2024-06-02,Dwarka,6,6,2024,1,0,None,37.8,0.0,31915
2024-06-02,Ambaji,6,6,2024,1,0,None,32.4,0.0,54359
2024-06-02,Pavagadh,6,6,2024,1,0,None,41.1,0.0,23860
2024-06-03,Somnath,0,6,2024,0,0,None,40.1,0.0,27036
2024-06-03,Dwarka,0,6,2024,0,0,None,37.7,0.0,23456
2024-06-03,Ambaji,0,6,2024,0,0,None,40.3,0.0,36090
2024-06-03,Pavagadh,0,6,2024,0,0,None,41.7,0.0,16849
2024-06-04,Somnath,1,6,2024,0,0,None,40.2,0.0,22579
2024-06-04,Dwarka,1,6,2024,0,0,None,38.6,0.0,20426
2024-06-04,Ambaji,1,6,2024,0,0,None,33.7,0.0,32308
2024-06-04,Pavagadh,1,6,2024,0,0,None,33.4,0.0,18003
2024-06-05,Somnath,2,6,2024,0,0,None,35.0,0.0,25507
2024-06-05,Dwarka,2,6,2024,0,0,None,42.7,0.0,20155
2024-06-05,Ambaji,2,6,2024,0,0,None,36.3,0.0,32373
2024-06-05,Pavagadh,2,6,2024,0,0,None,37.3,0.0,21501
2024-06-06,Somnath,3,6,2024,0,0,None,42.6,0.0,22796
2024-06-06,Dwarka,3,6,2024,0,0,None,41.6,0.0,19750
2024-06-06,Ambaji,3,6,2024,0,0,None,36.7,0.0,37788
2024-06-06,Pavagadh,3,6,2024,0,0,None,39.2,1.0,21465
2024-06-07,Somnath,4,6,2024,0,0,None,33.4,0.0,24422
2024-06-07,Dwarka,4,6,2024,0,0,None,41.5,0.0,20123
2024-06-07,Ambaji,4,6,2024,0,0,None,40.2,0.0,33173
2024-06-07,Pavagadh,4,6,2024,0,0,None,34.7,0.0,19158
2024-06-08,Somnath,5,6,2024,1,0,None,40.9,0.0,39015
2024-06-08,Dwarka,5,6,2024,1,0,None,38.7,0.0,29109
2024-06-08,Ambaji,5,6,2024,1,0,None,34.8,0.0,47846
2024-06-08,Pavagadh,5,6,2024,1,0,None,38.1,0.0,26818
2024-06-09,Somnath,6,6,2024,1,0,None,35.2,0.0,34957
2024-06-09,Dwarka,6,6,2024,1,0,None,39.1,0.0,31208
2024-06-09,Ambaji,6,6,2024,1,0,None,39.8,0.0,49752
2024-06-09,Pavagadh,6,6,2024,1,0,None,38.3,0.0,29211
2024-06-10,Somnath,0,6,2024,0,0,None,40.4,0.0,24262
2024-06-10,Dwarka,0,6,2024,0,0,None,32.0,0.0,20357
2024-06-10,Ambaji,0,6,2024,0,0,None,35.2,0.0,35071
2024-06-10,Pavagadh,0,6,2024,0,0,None,40.7,0.0,20348
2024-06-11,Somnath,1,6,2024,0,0,None,37.5,1.0,25346
2024-06-11,Dwarka,1,6,2024,0,0,None,37.3,0.0,20114
2024-06-11,Ambaji,1,6,2024,0,0,None,39.2,0.0,37238
2024-06-11,Pavagadh,1,6,2024,0,0,None,40.7,0.0,20644
2024-06-12,Somnath,2,6,2024,0,0,None,40.5,0.0,27029
2024-06-12,Dwarka,2,6,2024,0,0,None,36.8,0.0,22364
2024-06-12,Ambaji,2,6,2024,0,0,None,36.7,0.0,33568
2024-06-12,Pavagadh,2,6,2024,0,0,None,41.5,0.0,17805
2024-06-13,Somnath,3,6,2024,0,0,None,35.1,0.0,24378
2024-06-13,Dwarka,3,6,2024,0,0,None,42.0,0.0,21302
2024-06-13,Ambaji,3,6,2024,0,0,None,34.3,0.0,32110
2024-06-13,Pavagadh,3,6,2024,0,0,None,36.9,0.0,20150
2024-06-14,Somnath,4,6,2024,0,0,None,35.3,0.0,27184
2024-06-14,Dwarka,4,6,2024,0,0,None,39.8,0.0,22440
2024-06-14,Ambaji,4,6,2024,0,0,None,41.8,0.0,27936
2024-06-14,Pavagadh,4,6,2024,0,0,None,37.4,0.0,20629
2024-06-15,Somnath,5,6,2024,1,0,None,37.0,0.0,36584
2024-06-15,Dwarka,5,6,2024,1,0,None,34.2,0.0,31971
2024-06-15,Ambaji,5,6,2024,1,0,None,40.5,0.0,48343
2024-06-15,Pavagadh,5,6,2024,1,0,None,36.5,0.0,23889
2024-06-16,Somnath,6,6,2024,1,0,None,36.7,0.0,39412
2024-06-16,Dwarka,6,6,2024,1,0,None,34.3,0.0,29879
2024-06-16,Ambaji,6,6,2024,1,0,None,39.7,0.0,48359
2024-06-16,Pavagadh,6,6,2024,1,0,None,40.7,0.0,26694
2024-06-17,Somnath,0,6,2024,0,0,None,34.3,0.0,26386
2024-06-17,Dwarka,0,6,2024,0,0,None,34.4,0.0,22765
2024-06-17,Ambaji,0,6,2024,0,0,None,34.4,0.0,35798
2024-06-17,Pavagadh,0,6,2024,0,0,None,34.2,0.0,20124
2024-06-18,Somnath,1,6,2024,0,0,None,39.6,0.0,22850
2024-06-18,Dwarka,1,6,2024,0,0,None,42.2,0.0,20643
2024-06-18,Ambaji,1,6,2024,0,0,None,36.4,5.0,32428
2024-06-18,Pavagadh,1,6,2024,0,0,None,40.1,0.0,21524
2024-06-19,Somnath,2,6,2024,0,0,None,39.9,0.0,27188
2024-06-19,Dwarka,2,6,2024,0,0,None,42.0,0.0,19797
2024-06-19,Ambaji,2,6,2024,0,0,None,42.1,0.0,30740
2024-06-19,Pavagadh,2,6,2024,0,0,None,34.1,0.0,19538
2024-06-20,Somnath,3,6,2024,0,0,None,38.1,1.0,24929
2024-06-20,Dwarka,3,6,2024,0,0,None,32.4,0.0,21233
2024-06-20,Ambaji,3,6,2024,0,0,None,40.6,0.0,36689
2024-06-20,Pavagadh,3,6,2024,0,0,None,42.0,0.0,17649
2024-06-21,Somnath,4,6,2024,0,0,None,39.1,0.0,23565
2024-06-21,Dwarka,4,6,2024,0,0,None,39.0,0.0,20247
2024-06-21,Ambaji,4,6,2024,0,0,None,35.2,0.0,31611
2024-06-21,Pavagadh,4,6,2024,0,0,None,37.3,0.0,19610
2024-06-22,Somnath,5,6,2024,1,0,None,32.7,0.0,35572
2024-06-22,Dwarka,5,6,2024,1,0,None,39.6,0.0,29446
2024-06-22,Ambaji,5,6,2024,1,0,None,36.3,0.0,51625
2024-06-22,Pavagadh,5,6,2024,1,0,None,42.7,1.0,26348
2024-06-23,Somnath,6,6,2024,1,0,None,36.5,0.0,30966
2024-06-23,Dwarka,6,6,2024,1,0,None,39.8,1.0,29887
2024-06-23,Ambaji,6,6,2024,1,0,None,42.3,0.0,48836
2024-06-23,Pavagadh,6,6,2024,1,0,None,39.4,0.0,26626
2024-06-24,Somnath,0,6,2024,0,0,None,39.6,0.0,26050
2024-06-24,Dwarka,0,6,2024,0,0,None,38.1,0.0,23336
2024-06-24,Ambaji,0,6,2024,0,0,None,36.5,0.0,31693
2024-06-24,Pavagadh,0,6,2024,0,0,None,36.4,0.0,19104
2024-06-25,Somnath,1,6,2024,0,0,None,34.8,0.0,24802
2024-06-25,Dwarka,1,6,2024,0,0,None,37.7,0.0,21833
2024-06-25,Ambaji,1,6,2024,0,0,None,41.6,0.0,34234
2024-06-25,Pavagadh,1,6,2024,0,0,None,32.5,0.0,20356
2024-06-26,Somnath,2,6,2024,0,0,None,34.1,0.0,26427
2024-06-26,Dwarka,2,6,2024,0,0,None,38.2,0.0,23164
2024-06-26,Ambaji,2,6,2024,0,0,None,40.2,0.0,34920
2024-06-26,Pavagadh,2,6,2024,0,0,None,39.3,0.0,20516
2024-06-27,Somnath,3,6,2024,0,0,None,34.8,0.0,24053
2024-06-27,Dwarka,3,6,2024,0,0,None,42.3,0.0,20198
2024-06-27,Ambaji,3,6,2024,0,0,None,32.6,0.0,33796
2024-06-27,Pavagadh,3,6,2024,0,0,None,38.7,0.0,18181
2024-06-28,Somnath,4,6,2024,0,0,None,38.7,0.0,23533
2024-06-28,Dwarka,4,6,2024,0,0,None,39.1,0.0,23176
2024-06-28,Ambaji,4,6,2024,0,0,None,33.2,0.0,38485
2024-06-28,Pavagadh,4,6,2024,0,0,None,39.6,0.0,19271
2024-06-29,Somnath,5,6,2024,1,0,None,33.0,1.0,36281
2024-06-29,Dwarka,5,6,2024,1,0,None,33.4,0.0,30030
2024-06-29,Ambaji,5,6,2024,1,0,None,40.7,1.0,43406
2024-06-29,Pavagadh,5,6,2024,1,0,None,38.8,0.0,25843
2024-06-30,Somnath,6,6,2024,1,0,None,35.4,0.0,36673
2024-06-30,Dwarka,6,6,2024,1,0,None,34.4,0.0,28289
2024-06-30,Ambaji,6,6,2024,1,0,None,38.5,0.0,51608
2024-06-30,Pavagadh,6,6,2024,1,0,None,39.8,0.0,30037
2024-07-01,Somnath,0,7,2024,0,0,None,30.5,0.0,26058
2024-07-01,Dwarka,0,7,2024,0,0,None,28.1,0.0,22861
2024-07-01,Ambaji,0,7,2024,0,0,None,29.4,38.1,20709
2024-07-01,Pavagadh,0,7,2024,0,0,None,28.5,0.0,19364
2024-07-02,Somnath,1,7,2024,0,0,None,30.9,18.5,24884
2024-07-02,Dwarka,1,7,2024,0,0,None,30.2,2.2,21898
2024-07-02,Ambaji,1,7,2024,0,0,None,31.8,0.0,33601
2024-07-02,Pavagadh,1,7,2024,0,0,None,31.7,0.0,19457
2024-07-03,Somnath,2,7,2024,0,0,None,29.6,1.5,26530
2024-07-03,Dwarka,2,7,2024,0,0,None,27.1,18.2,23901
2024-07-03,Ambaji,2,7,2024,0,0,None,26.4,14.3,36955
2024-07-03,Pavagadh,2,7,2024,0,0,None,31.5,14.8,18027
2024-07-04,Somnath,3,7,2024,0,0,None,30.7,33.8,20149
2024-07-04,Dwarka,3,7,2024,0,0,None,27.7,14.1,20709
2024-07-04,Ambaji,3,7,2024,0,0,None,27.8,0.1,33176
2024-07-04,Pavagadh,3,7,2024,0,0,None,29.1,0.0,21174
2024-07-05,Somnath,4,7,2024,0,0,None,26.4,22.1,18683
2024-07-05,Dwarka,4,7,2024,0,0,None,28.4,0.8,23159
2024-07-05,Ambaji,4,7,2024,0,0,None,27.8,0.0,37716
2024-07-05,Pavagadh,4,7,2024,0,0,None,30.3,4.9,19901
2024-07-06,Somnath,5,7,2024,1,0,None,28.1,0.0,34604
2024-07-06,Dwarka,5,7,2024,1,0,None,29.7,0.0,31789
2024-07-06,Ambaji,5,7,2024,1,0,None,31.8,1.7,47992
2024-07-06,Pavagadh,5,7,2024,1,0,None,27.2,0.3,28971
2024-07-07,Somnath,6,7,2024,1,0,None,31.1,18.2,35725
2024-07-07,Dwarka,6,7,2024,1,0,None,28.2,44.2,27529
2024-07-07,Ambaji,6,7,2024,1,0,None,27.8,21.1,25681
2024-07-07,Pavagadh,6,7,2024,1,0,None,28.8,0.3,28805
2024-07-08,Somnath,0,7,2024,0,0,None,26.6,0.0,23975
2024-07-08,Dwarka,0,7,2024,0,0,None,27.1,0.0,23850
2024-07-08,Ambaji,0,7,2024,0,0,None,26.6,0.0,37736
2024-07-08,Pavagadh,0,7,2024,0,0,None,29.8,3.7,18485
2024-07-09,Somnath,1,7,2024,0,0,None,29.6,0.0,25943
2024-07-09,Dwarka,1,7,2024,0,0,None,27.1,11.9,22549
2024-07-09,Ambaji,1,7,2024,0,0,None,26.4,0.0,36654
2024-07-09,Pavagadh,1,7,2024,0,0,None,27.1,4.5,21759
2024-07-10,Somnath,2,7,2024,0,0,None,28.4,19.3,24357
2024-07-10,Dwarka,2,7,2024,0,0,None,26.6,0.0,22736
2024-07-10,Ambaji,2,7,2024,0,0,None,27.6,16.4,36423
2024-07-10,Pavagadh,2,7,2024,0,0,None,26.2,0.0,21755
2024-07-11,Somnath,3,7,2024,0,0,None,27.1,17.9,23650
2024-07-11,Dwarka,3,7,2024,0,0,None,30.5,0.0,23384
2024-07-11,Ambaji,3,7,2024,0,0,None,27.6,0.0,34393
2024-07-11,Pavagadh,3,7,2024,0,0,None,27.6,36.0,12105
2024-07-12,Somnath,4,7,2024,0,0,None,27.0,0.0,23050
2024-07-12,Dwarka,4,7,2024,0,0,None,26.1,0.0,20123
2024-07-12,Ambaji,4,7,2024,0,0,None,28.8,0.0,37235
2024-07-12,Pavagadh,4,7,2024,0,0,None,28.8,0.0,20518
2024-07-13,Somnath,5,7,2024,1,0,None,26.7,5.4,32835
2024-07-13,Dwarka,5,7,2024,1,0,None,27.5,7.2,28736
2024-07-13,Ambaji,5,7,2024,1,0,None,30.7,0.0,43678
2024-07-13,Pavagadh,5,7,2024,1,0,None,30.3,0.0,23602
2024-07-14,Somnath,6,7,2024,1,0,None,27.1,0.0,39192
2024-07-14,Dwarka,6,7,2024,1,0,None,29.4,0.0,30731
2024-07-14,Ambaji,6,7,2024,1,0,None,27.9,4.0,52856
2024-07-14,Pavagadh,6,7,2024,1,0,None,29.5,0.6,25721
2024-07-15,Somnath,0,7,2024,0,0,None,28.4,19.4,26057
2024-07-15,Dwarka,0,7,2024,0,0,None,28.1,1.6,21626
2024-07-15,Ambaji,0,7,2024,0,0,None,31.1,0.0,32227
2024-07-15,Pavagadh,0,7,2024,0,0,None,31.1,0.0,19812
2024-07-16,Somnath,1,7,2024,0,0,None,30.2,12.0,25589
2024-07-16,Dwarka,1,7,2024,0,0,None,31.6,7.0,23921
2024-07-16,Ambaji,1,7,2024,0,0,None,27.3,0.0,31511
2024-07-16,Pavagadh,1,7,2024,0,0,None,26.2,21.9,10070
2024-07-17,Somnath,2,7,2024,0,0,None,26.8,10.5,24095
2024-07-17,Dwarka,2,7,2024,0,0,None,27.3,18.1,20325
2024-07-17,Ambaji,2,7,2024,0,0,None,28.9,7.1,37250
2024-07-17,Pavagadh,2,7,2024,0,0,None,31.6,14.9,20706
2024-07-18,Somnath,3,7,2024,0,0,None,31.1,0.0,24839
2024-07-18,Dwarka,3,7,2024,0,0,None,31.9,0.0,22028
2024-07-18,Ambaji,3,7,2024,0,0,None,29.3,0.0,34116
2024-07-18,Pavagadh,3,7,2024,0,0,None,30.0,0.5,21410
2024-07-19,Somnath,4,7,2024,0,0,None,31.6,23.4,20052
2024-07-19,Dwarka,4,7,2024,0,0,None,29.0,10.3,23554
2024-07-19,Ambaji,4,7,2024,0,0,None,30.1,17.5,38255
2024-07-19,Pavagadh,4,7,2024,0,0,None,26.5,30.7,13279
2024-07-20,Somnath,5,7,2024,1,0,None,26.2,0.0,38756
2024-07-20,Dwarka,5,7,2024,1,0,None,29.6,11.6,30558
2024-07-20,Ambaji,5,7,2024,1,0,None,30.4,5.2,45553
2024-07-20,Pavagadh,5,7,2024,1,0,None,26.0,21.2,18316
2024-07-21,Somnath,6,7,2024,1,0,None,26.8,0.0,37845
2024-07-21,Dwarka,6,7,2024,1,0,None,26.4,3.0,29420
2024-07-21,Ambaji,6,7,2024,1,0,None,28.9,3.0,42787
2024-07-21,Pavagadh,6,7,2024,1,0,None,30.3,18.0,26130
2024-07-22,Somnath,0,7,2024,0,0,None,27.9,37.6,19772
2024-07-22,Dwarka,0,7,2024,0,0,None,30.5,0.0,23862
2024-07-22,Ambaji,0,7,2024,0,0,None,29.0,21.7,17862
2024-07-22,Pavagadh,0,7,2024,0,0,None,29.8,0.0,20932
2024-07-23,Somnath,1,7,2024,0,0,None,27.2,0.0,23392
2024-07-23,Dwarka,1,7,2024,0,0,None,26.6,0.0,23803
2024-07-23,Ambaji,1,7,2024,0,0,None,29.4,11.6,31799
2024-07-23,Pavagadh,1,7,2024,0,0,None,30.1,41.2,10142
2024-07-24,Somnath,2,7,2024,0,0,None,29.0,7.7,24072
2024-07-24,Dwarka,2,7,2024,0,0,None,26.9,0.0,21774
2024-07-24,Ambaji,2,7,2024,0,0,None,29.4,12.9,36433
2024-07-24,Pavagadh,2,7,2024,0,0,None,29.8,12.1,18978
2024-07-25,Somnath,3,7,2024,0,0,None,29.5,0.6,26169
2024-07-25,Dwarka,3,7,2024,0,0,None,27.6,0.0,21034
2024-07-25,Ambaji,3,7,2024,0,0,None,32.0,0.4,32033
2024-07-25,Pavagadh,3,7,2024,0,0,None,26.5,4.7,19298
2024-07-26,Somnath,4,7,2024,0,0,None,26.7,6.8,25681
2024-07-26,Dwarka,4,7,2024,0,0,None,27.2,0.0,22070
2024-07-26,Ambaji,4,7,2024,0,0,None,29.7,12.3,34076
2024-07-26,Pavagadh,4,7,2024,0,0,None,31.5,0.0,20550
2024-07-27,Somnath,5,7,2024,1,0,None,30.6,0.0,33908
2024-07-27,Dwarka,5,7,2024,1,0,None,27.1,0.0,27562
2024-07-27,Ambaji,5,7,2024,1,0,None,29.1,17.8,53678
2024-07-27,Pavagadh,5,7,2024,1,0,None,28.1,0.0,27897
2024-07-28,Somnath,6,7,2024,1,0,None,30.5,2.1,34103
2024-07-28,Dwarka,6,7,2024,1,0,None,27.1,10.3,31281
2024-07-28,Ambaji,6,7,2024,1,0,None,26.6,7.8,52329
2024-07-28,Pavagadh,6,7,2024,1,0,None,29.5,0.0,27388
2024-07-29,Somnath,0,7,2024,0,0,None,29.9,0.0,27443
2024-07-29,Dwarka,0,7,2024,0,0,None,28.8,28.7,15325
2024-07-29,Ambaji,0,7,2024,0,0,None,28.7,7.6,38402
2024-07-29,Pavagadh,0,7,2024,0,0,None,28.1,0.0,19001
2024-07-30,Somnath,1,7,2024,0,0,None,27.8,12.7,23630
2024-07-30,Dwarka,1,7,2024,0,0,None,30.3,0.0,21653
2024-07-30,Ambaji,1,7,2024,0,0,None,26.2,11.4,37374
2024-07-30,Pavagadh,1,7,2024,0,0,None,29.6,32.1,10293
2024-07-31,Somnath,2,7,2024,0,0,None,29.4,91.2,18098
2024-07-31,Dwarka,2,7,2024,0,0,None,27.1,12.0,24130
2024-07-31,Ambaji,2,7,2024,0,0,None,29.6,0.0,32996
2024-07-31,Pavagadh,2,7,2024,0,0,None,26.6,0.0,21459
2024-08-01,Somnath,3,8,2024,0,0,None,29.5,12.9,24843
2024-08-01,Dwarka,3,8,2024,0,0,None,26.9,0.0,22145
2024-08-01,Ambaji,3,8,2024,0,0,None,28.4,4.1,34495
2024-08-01,Pavagadh,3,8,2024,0,0,None,29.7,20.7,12399
2024-08-02,Somnath,4,8,2024,0,0,None,31.1,3.3,26183
2024-08-02,Dwarka,4,8,2024,0,0,None,28.5,1.7,22578
2024-08-02,Ambaji,4,8,2024,0,0,None,28.2,58.6,20474
2024-08-02,Pavagadh,4,8,2024,0,0,None,29.8,20.7,11625
2024-08-03,Somnath,5,8,2024,1,0,None,29.6,6.6,36519
2024-08-03,Dwarka,5,8,2024,1,0,None,30.0,23.2,22489
2024-08-03,Ambaji,5,8,2024,1,0,None,27.9,0.0,51026
2024-08-03,Pavagadh,5,8,2024,1,0,None,30.0,0.0,25010
2024-08-04,Somnath,6,8,2024,1,0,None,29.5,8.9,37346
2024-08-04,Dwarka,6,8,2024,1,0,None,26.2,0.0,31120
2024-08-04,Ambaji,6,8,2024,1,0,None,27.8,18.6,49786
2024-08-04,Pavagadh,6,8,2024,1,0,None,30.1,26.8,17446
2024-08-05,Somnath,0,8,2024,0,0,None,27.4,7.2,24163
2024-08-05,Dwarka,0,8,2024,0,0,None,27.3,0.0,20179
2024-08-05,Ambaji,0,8,2024,0,0,None,31.3,58.6,22228
2024-08-05,Pavagadh,0,8,2024,0,0,None,31.9,0.0,18329
2024-08-06,Somnath,1,8,2024,0,0,None,31.7,3.0,25422
2024-08-06,Dwarka,1,8,2024,0,0,None,26.5,46.0,19802
2024-08-06,Ambaji,1,8,2024,0,0,None,29.1,0.0,32283
2024-08-06,Pavagadh,1,8,2024,0,0,None,31.7,29.7,13110
2024-08-07,Somnath,2,8,2024,0,0,None,31.2,0.0,25658
2024-08-07,Dwarka,2,8,2024,0,0,None,31.0,0.0,20511
2024-08-07,Ambaji,2,8,2024,0,0,None,29.9,30.5,19584
2024-08-07,Pavagadh,2,8,2024,0,0,None,28.4,41.2,10075
2024-08-08,Somnath,3,8,2024,0,0,None,30.6,11.3,26002
2024-08-08,Dwarka,3,8,2024,0,0,None,31.7,2.6,22039
2024-08-08,Ambaji,3,8,2024,0,0,None,28.5,5.3,35424
2024-08-08,Pavagadh,3,8,2024,0,0,None,31.3,3.6,20683
2024-08-09,Somnath,4,8,2024,0,0,None,26.3,0.0,24072
2024-08-09,Dwarka,4,8,2024,0,0,None,28.1,6.5,23501
2024-08-09,Ambaji,4,8,2024,0,0,None,31.7,13.1,31993
2024-08-09,Pavagadh,4,8,2024,0,0,None,30.3,0.8,18793
2024-08-10,Somnath,5,8,2024,1,0,None,27.2,16.1,39095
2024-08-10,Dwarka,5,8,2024,1,0,None,28.9,7.3,30365
2024-08-10,Ambaji,5,8,2024,1,0,None,27.4,0.0,43547
2024-08-10,Pavagadh,5,8,2024,1,0,None,26.1,10.8,24807
2024-08-11,Somnath,6,8,2024,1,0,None,27.3,44.5,26420
2024-08-11,Dwarka,6,8,2024,1,0,None,27.4,2.5,36026
2024-08-11,Ambaji,6,8,2024,1,0,None,29.9,0.0,52962
2024-08-11,Pavagadh,6,8,2024,1,0,None,28.5,1.8,27220
2024-08-12,Somnath,0,8,2024,0,0,None,27.5,0.0,24410
2024-08-12,Dwarka,0,8,2024,0,0,None,31.3,14.6,22248
2024-08-12,Ambaji,0,8,2024,0,0,None,31.3,1.0,36412
2024-08-12,Pavagadh,0,8,2024,0,0,None,30.6,6.5,19111
2024-08-13,Somnath,1,8,2024,0,0,None,27.4,0.0,23975
2024-08-13,Dwarka,1,8,2024,0,0,None,29.9,0.0,19896
2024-08-13,Ambaji,1,8,2024,0,0,None,26.2,17.9,33325
2024-08-13,Pavagadh,1,8,2024,0,0,None,26.0,1.4,18877
2024-08-14,Somnath,2,8,2024,0,0,None,28.0,18.4,23779
2024-08-14,Dwarka,2,8,2024,0,0,None,30.0,34.2,15740
2024-08-14,Ambaji,2,8,2024,0,0,None,31.2,0.0,32844
2024-08-14,Pavagadh,2,8,2024,0,0,None,26.6,0.0,18712
2024-08-15,Somnath,3,8,2024,0,1,None,31.2,0.0,39151
2024-08-15,Dwarka,3,8,2024,0,1,None,28.5,0.0,30611
2024-08-15,Ambaji,3,8,2024,0,1,None,30.3,39.3,25864
2024-08-15,Pavagadh,3,8,2024,0,1,None,31.2,29.1,17808
2024-08-16,Somnath,4,8,2024,0,0,None,26.3,36.1,21116
2024-08-16,Dwarka,4,8,2024,0,0,None,31.1,28.0,18570
2024-08-16,Ambaji,4,8,2024,0,0,None,26.9,0.0,37072
2024-08-16,Pavagadh,4,8,2024,0,0,None,27.5,7.1,20641
2024-08-17,Somnath,5,8,2024,1,0,None,32.0,45.7,26067
2024-08-17,Dwarka,5,8,2024,1,0,None,27.6,26.9,23229
2024-08-17,Ambaji,5,8,2024,1,0,None,30.5,0.0,50358
2024-08-17,Pavagadh,5,8,2024,1,0,None,28.9,49.4,17379
2024-08-18,Somnath,6,8,2024,1,0,None,28.6,0.0,33184
2024-08-18,Dwarka,6,8,2024,1,0,None,30.6,0.0,33790
2024-08-18,Ambaji,6,8,2024,1,0,None,28.6,16.8,50562
2024-08-18,Pavagadh,6,8,2024,1,0,None,30.8,0.0,30620
2024-08-19,Somnath,0,8,2024,0,0,None,30.1,40.3,19851
2024-08-19,Dwarka,0,8,2024,0,0,None,27.0,0.0,20772
2024-08-19,Ambaji,0,8,2024,0,0,None,27.2,9.1,33415
2024-08-19,Pavagadh,0,8,2024,0,0,None,30.4,19.1,18783
2024-08-20,Somnath,1,8,2024,0,0,None,27.4,0.0,24355
2024-08-20,Dwarka,1,8,2024,0,0,None,26.7,0.0,20580
2024-08-20,Ambaji,1,8,2024,0,0,None,26.9,1.5,32589
2024-08-20,Pavagadh,1,8,2024,0,0,None,31.1,1.8,21519
2024-08-21,Somnath,2,8,2024,0,0,None,28.7,13.1,22707
2024-08-21,Dwarka,2,8,2024,0,0,None,28.6,47.2,18130
2024-08-21,Ambaji,2,8,2024,0,0,None,26.8,3.8,34947
2024-08-21,Pavagadh,2,8,2024,0,0,None,28.5,0.0,21669
2024-08-22,Somnath,3,8,2024,0,0,None,29.5,12.2,26460
2024-08-22,Dwarka,3,8,2024,0,0,None,26.2,0.7,20873
2024-08-22,Ambaji,3,8,2024,0,0,None,26.6,0.0,32681
2024-08-22,Pavagadh,3,8,2024,0,0,None,26.9,0.0,20063
2024-08-23,Somnath,4,8,2024,0,0,None,30.5,11.4,22534
2024-08-23,Dwarka,4,8,2024,0,0,None,28.5,10.8,21585
2024-08-23,Ambaji,4,8,2024,0,0,None,30.7,15.2,32792
2024-08-23,Pavagadh,4,8,2024,0,0,None,31.2,9.9,19408
2024-08-24,Somnath,5,8,2024,1,0,None,31.4,0.0,35320
2024-08-24,Dwarka,5,8,2024,1,0,None,26.6,27.2,22810
2024-08-24,Ambaji,5,8,2024,1,0,None,30.9,1.8,41665
2024-08-24,Pavagadh,5,8,2024,1,0,None,26.7,0.0,26895
2024-08-25,Somnath,6,8,2024,1,0,None,31.5,0.0,33293
2024-08-25,Dwarka,6,8,2024,1,0,None,31.4,5.6,29727
2024-08-25,Ambaji,6,8,2024,1,0,None,27.4,0.0,49021
2024-08-25,Pavagadh,6,8,2024,1,0,None,30.3,20.8,15420
2024-08-26,Somnath,0,8,2024,0,0,None,29.7,10.0,24109
2024-08-26,Dwarka,0,8,2024,0,0,Janmashtami,26.0,7.7,246541
2024-08-26,Ambaji,0,8,2024,0,0,None,27.8,10.3,35646
2024-08-26,Pavagadh,0,8,2024,0,0,None,29.4,0.0,21076
2024-08-27,Somnath,1,8,2024,0,0,None,26.3,8.1,24305
2024-08-27,Dwarka,1,8,2024,0,0,None,31.7,19.1,24055
2024-08-27,Ambaji,1,8,2024,0,0,None,26.9,5.6,31811
2024-08-27,Pavagadh,1,8,2024,0,0,None,26.7,0.0,21840
2024-08-28,Somnath,2,8,2024,0,0,None,30.1,0.0,23202
2024-08-28,Dwarka,2,8,2024,0,0,None,29.6,7.1,21319
2024-08-28,Ambaji,2,8,2024,0,0,None,29.7,1.6,35769
2024-08-28,Pavagadh,2,8,2024,0,0,None,29.8,2.4,21544
2024-08-29,Somnath,3,8,2024,0,0,None,26.3,0.0,23200
2024-08-29,Dwarka,3,8,2024,0,0,None,29.8,0.0,23338
2024-08-29,Ambaji,3,8,2024,0,0,None,28.4,25.0,21208
2024-08-29,Pavagadh,3,8,2024,0,0,None,30.7,111.3,11833
2024-08-30,Somnath,4,8,2024,0,0,None,30.0,13.2,26493
2024-08-30,Dwarka,4,8,2024,0,0,None,29.4,16.3,19956
2024-08-30,Ambaji,4,8,2024,0,0,None,26.7,8.3,37602
2024-08-30,Pavagadh,4,8,2024,0,0,None,29.9,0.0,18159
2024-08-31,Somnath,5,8,2024,1,0,None,30.3,0.4,34158
2024-08-31,Dwarka,5,8,2024,1,0,None,27.3,23.3,22727
2024-08-31,Ambaji,5,8,2024,1,0,None,26.7,30.4,35767
2024-08-31,Pavagadh,5,8,2024,1,0,None,31.3,0.0,31894
2024-09-01,Somnath,6,9,2024,1,0,None,28.8,13.2,36073
2024-09-01,Dwarka,6,9,2024,1,0,None,30.2,0.0,27740
2024-09-01,Ambaji,6,9,2024,1,0,None,31.3,6.0,48870
2024-09-01,Pavagadh,6,9,2024,1,0,None,28.5,30.8,17875
2024-09-02,Somnath,0,9,2024,0,0,None,31.6,0.0,26959
2024-09-02,Dwarka,0,9,2024,0,0,None,30.3,0.0,21651
2024-09-02,Ambaji,0,9,2024,0,0,None,27.6,24.2,17816
2024-09-02,Pavagadh,0,9,2024,0,0,None,27.4,5.7,21318
2024-09-03,Somnath,1,9,2024,0,0,None,31.9,0.0,25611
2024-09-03,Dwarka,1,9,2024,0,0,None,31.9,11.1,20930
2024-09-03,Ambaji,1,9,2024,0,0,None,31.4,14.1,37096
2024-09-03,Pavagadh,1,9,2024,0,0,None,29.6,14.2,21068
2024-09-04,Somnath,2,9,2024,0,0,None,27.1,0.0,26892
2024-09-04,Dwarka,2,9,2024,0,0,None,31.9,0.4,21643
2024-09-04,Ambaji,2,9,2024,0,0,None,30.0,0.0,38066
2024-09-04,Pavagadh,2,9,2024,0,0,None,31.5,0.0,20730
2024-09-05,Somnath,3,9,2024,0,0,None,26.0,35.6,20342
2024-09-05,Dwarka,3,9,2024,0,0,None,26.6,12.1,23749
2024-09-05,Ambaji,3,9,2024,0,0,None,26.6,16.0,33559
2024-09-05,Pavagadh,3,9,2024,0,0,None,27.0,10.2,20334
2024-09-06,Somnath,4,9,2024,0,0,None,31.4,17.6,23403
2024-09-06,Dwarka,4,9,2024,0,0,None,30.3,0.0,20751
2024-09-06,Ambaji,4,9,2024,0,0,None,30.0,13.5,36181
2024-09-06,Pavagadh,4,9,2024,0,0,None,30.2,0.0,21791
2024-09-07,Somnath,5,9,2024,1,0,None,30.9,0.0,31701
2024-09-07,Dwarka,5,9,2024,1,0,None,26.2,7.2,32493
2024-09-07,Ambaji,5,9,2024,1,0,None,29.9,13.9,49173
2024-09-07,Pavagadh,5,9,2024,1,0,None,31.6,37.8,16655
2024-09-08,Somnath,6,9,2024,1,0,None,29.7,17.2,30917
2024-09-08,Dwarka,6,9,2024,1,0,None,27.5,38.6,26990
2024-09-08,Ambaji,6,9,2024,1,0,None,27.3,21.9,25430
2024-09-08,Pavagadh,6,9,2024,1,0,None,31.9,4.6,28308
2024-09-09,Somnath,0,9,2024,0,0,None,30.2,0.0,27044
2024-09-09,Dwarka,0,9,2024,0,0,None,31.2,0.0,21779
2024-09-09,Ambaji,0,9,2024,0,0,None,30.1,0.0,33025
2024-09-09,Pavagadh,0,9,2024,0,0,None,29.0,34.4,11639
2024-09-10,Somnath,1,9,2024,0,0,None,28.3,0.0,23604
2024-09-10,Dwarka,1,9,2024,0,0,None,30.6,10.1,20299
2024-09-10,Ambaji,1,9,2024,0,0,None,29.2,0.0,36788
2024-09-10,Pavagadh,1,9,2024,0,0,None,26.3,28.7,10896
2024-09-11,Somnath,2,9,2024,0,0,None,28.0,2.8,25909
2024-09-11,Dwarka,2,9,2024,0,0,None,29.8,12.0,23371
2024-09-11,Ambaji,2,9,2024,0,0,None,28.2,18.1,31995
2024-09-11,Pavagadh,2,9,2024,0,0,None,31.0,0.0,21859
2024-09-12,Somnath,3,9,2024,0,0,None,28.6,0.0,26786
2024-09-12,Dwarka,3,9,2024,0,0,None,27.3,7.3,23691
2024-09-12,Ambaji,3,9,2024,0,0,Bhadarvi Poonam,29.0,17.6,328316
2024-09-12,Pavagadh,3,9,2024,0,0,None,29.4,0.0,20566
2024-09-13,Somnath,4,9,2024,0,0,None,30.4,34.5,19983
2024-09-13,Dwarka,4,9,2024,0,0,None,30.7,0.0,22652
2024-09-13,Ambaji,4,9,2024,0,0,Bhadarvi Poonam,26.8,0.3,325877
2024-09-13,Pavagadh,4,9,2024,0,0,None,30.8,0.6,19036
2024-09-14,Somnath,5,9,2024,1,0,None,29.5,0.0,40277
2024-09-14,Dwarka,5,9,2024,1,0,None,31.4,20.6,20436
2024-09-14,Ambaji,5,9,2024,1,0,Bhadarvi Poonam,27.4,28.5,277161
2024-09-14,Pavagadh,5,9,2024,1,0,None,31.6,0.0,28312
2024-09-15,Somnath,6,9,2024,1,0,None,30.9,0.0,39001
2024-09-15,Dwarka,6,9,2024,1,0,None,29.2,0.0,32670
2024-09-15,Ambaji,6,9,2024,1,0,Bhadarvi Poonam,29.9,0.0,365331
2024-09-15,Pavagadh,6,9,2024,1,0,None,28.9,17.3,24365
2024-09-16,Somnath,0,9,2024,0,0,None,31.4,5.9,26384
2024-09-16,Dwarka,0,9,2024,0,0,None,28.5,0.0,21566
2024-09-16,Ambaji,0,9,2024,0,0,Bhadarvi Poonam,30.6,41.2,197623
2024-09-16,Pavagadh,0,9,2024,0,0,None,30.4,0.0,19183
2024-09-17,Somnath,1,9,2024,0,0,None,29.2,4.5,25176
2024-09-17,Dwarka,1,9,2024,0,0,None,31.9,4.2,20869
2024-09-17,Ambaji,1,9,2024,0,0,Bhadarvi Poonam,30.8,7.3,382005
2024-09-17,Pavagadh,1,9,2024,0,0,None,28.4,1.9,18546
2024-09-18,Somnath,2,9,2024,0,0,None,28.1,0.0,23449
2024-09-18,Dwarka,2,9,2024,0,0,None,27.1,2.7,20658
2024-09-18,Ambaji,2,9,2024,0,0,Bhadarvi Poonam,31.9,21.6,246553
2024-09-18,Pavagadh,2,9,2024,0,0,None,29.8,0.0,21713
2024-09-19,Somnath,3,9,2024,0,0,None,27.1,1.5,26686
2024-09-19,Dwarka,3,9,2024,0,0,None,28.7,0.0,21611
2024-09-19,Ambaji,3,9,2024,0,0,None,28.7,14.2,36862
2024-09-19,Pavagadh,3,9,2024,0,0,None,28.1,0.0,18815
2024-09-20,Somnath,4,9,2024,0,0,None,29.3,32.9,20935
2024-09-20,Dwarka,4,9,2024,0,0,None,26.1,0.0,19802
2024-09-20,Ambaji,4,9,2024,0,0,None,28.9,6.5,35957
2024-09-20,Pavagadh,4,9,2024,0,0,None,28.2,0.0,20563
2024-09-21,Somnath,5,9,2024,1,0,None,29.9,0.6,37756
2024-09-21,Dwarka,5,9,2024,1,0,None,29.2,11.6,33242
2024-09-21,Ambaji,5,9,2024,1,0,None,29.9,0.0,44936
2024-09-21,Pavagadh,5,9,2024,1,0,None,29.7,0.0,25898
2024-09-22,Somnath,6,9,2024,1,0,None,29.9,0.0,39489
2024-09-22,Dwarka,6,9,2024,1,0,None,26.7,0.0,29998
2024-09-22,Ambaji,6,9,2024,1,0,None,27.1,2.9,47547
2024-09-22,Pavagadh,6,9,2024,1,0,None,27.6,18.7,24098
2024-09-23,Somnath,0,9,2024,0,0,None,28.2,7.6,26269
2024-09-23,Dwarka,0,9,2024,0,0,None,26.1,4.4,23712
2024-09-23,Ambaji,0,9,2024,0,0,None,27.0,0.0,37139
2024-09-23,Pavagadh,0,9,2024,0,0,None,28.7,0.0,20075
2024-09-24,Somnath,1,9,2024,0,0,None,29.4,15.7,22803
2024-09-24,Dwarka,1,9,2024,0,0,None,29.7,0.0,21167
2024-09-24,Ambaji,1,9,2024,0,0,None,31.9,36.2,21743
2024-09-24,Pavagadh,1,9,2024,0,0,None,31.3,0.0,19381
2024-09-25,Somnath,2,9,2024,0,0,None,30.2,9.4,27188
2024-09-25,Dwarka,2,9,2024,0,0,None,27.6,13.1,21362
2024-09-25,Ambaji,2,9,2024,0,0,None,28.3,14.6,34561
2024-09-25,Pavagadh,2,9,2024,0,0,None,29.0,0.0,21828
2024-09-26,Somnath,3,9,2024,0,0,None,30.2,6.7,26915
2024-09-26,Dwarka,3,9,2024,0,0,None,28.5,0.0,21948
2024-09-26,Ambaji,3,9,2024,0,0,None,31.2,8.5,36401
2024-09-26,Pavagadh,3,9,2024,0,0,None,31.2,0.0,18693
2024-09-27,Somnath,4,9,2024,0,0,None,31.3,1.7,24819
2024-09-27,Dwarka,4,9,2024,0,0,None,30.2,30.7,17723
2024-09-27,Ambaji,4,9,2024,0,0,None,27.3,3.8,33076
2024-09-27,Pavagadh,4,9,2024,0,0,None,27.7,2.7,19697
2024-09-28,Somnath,5,9,2024,1,0,None,26.8,51.6,26103
2024-09-28,Dwarka,5,9,2024,1,0,None,29.1,8.1,31548
2024-09-28,Ambaji,5,9,2024,1,0,None,31.7,0.0,47741
2024-09-28,Pavagadh,5,9,2024,1,0,None,26.0,0.0,27807
2024-09-29,Somnath,6,9,2024,1,0,None,29.5,0.0,32854
2024-09-29,Dwarka,6,9,2024,1,0,None,30.4,0.0,27876
2024-09-29,Ambaji,6,9,2024,1,0,None,30.8,17.8,53704
2024-09-29,Pavagadh,6,9,2024,1,0,None,31.6,7.3,25530
2024-09-30,Somnath,0,9,2024,0,0,None,28.4,0.0,26734
2024-09-30,Dwarka,0,9,2024,0,0,None,31.3,23.3,16571
2024-09-30,Ambaji,0,9,2024,0,0,None,29.0,0.0,34539
2024-09-30,Pavagadh,0,9,2024,0,0,None,31.9,0.0,19959
2024-10-01,Somnath,1,10,2024,0,0,None,20.9,0.0,25552
2024-10-01,Dwarka,1,10,2024,0,0,None,23.8,0.0,22165
2024-10-01,Ambaji,1,10,2024,0,0,None,26.4,0.0,35351
2024-10-01,Pavagadh,1,10,2024,0,0,None,24.8,0.0,21699
2024-10-02,Somnath,2,10,2024,0,1,None,25.4,0.0,45055
2024-10-02,Dwarka,2,10,2024,0,1,None,25.9,0.0,34556
2024-10-02,Ambaji,2,10,2024,0,1,None,23.4,0.0,58196
2024-10-02,Pavagadh,2,10,2024,0,1,None,25.9,0.0,32739
2024-10-03,Somnath,3,10,2024,0,0,None,21.7,0.0,25689
2024-10-03,Dwarka,3,10,2024,0,0,None,21.6,0.0,23912
2024-10-03,Ambaji,3,10,2024,0,0,Navratri,24.4,0.0,170358
2024-10-03,Pavagadh,3,10,2024,0,0,Navratri,18.3,0.0,146394
2024-10-04,Somnath,4,10,2024,0,0,None,21.0,0.0,23923
2024-10-04,Dwarka,4,10,2024,0,0,None,18.4,0.0,21167
2024-10-04,Ambaji,4,10,2024,0,0,Navratri,23.5,0.0,190283
2024-10-04,Pavagadh,4,10,2024,0,0,Navratri,25.5,0.0,196482
2024-10-05,Somnath,5,10,2024,1,0,None,26.7,0.0,37626
2024-10-05,Dwarka,5,10,2024,1,0,None,18.3,2.0,29328
2024-10-05,Ambaji,5,10,2024,1,0,Navratri,26.8,0.0,199315
2024-10-05,Pavagadh,5,10,2024,1,0,Navratri,18.1,0.0,163238
2024-10-06,Somnath,6,10,2024,1,0,None,19.5,0.0,38762
2024-10-06,Dwarka,6,10,2024,1,0,None,23.9,0.0,34098
2024-10-06,Ambaji,6,10,2024,1,0,Navratri,23.0,0.0,202588
2024-10-06,Pavagadh,6,10,2024,1,0,Navratri,24.5,0.0,191558
2024-10-07,Somnath,0,10,2024,0,0,None,22.0,0.0,26921
2024-10-07,Dwarka,0,10,2024,0,0,None,26.8,0.0,22883
2024-10-07,Ambaji,0,10,2024,0,0,Navratri,19.8,0.0,180594
2024-10-07,Pavagadh,0,10,2024,0,0,Navratri,22.7,0.0,148876
2024-10-08,Somnath,1,10,2024,0,0,None,27.2,0.0,23906
2024-10-08,Dwarka,1,10,2024,0,0,None,22.5,0.0,22228
2024-10-08,Ambaji,1,10,2024,0,0,Navratri,22.6,0.0,136382
2024-10-08,Pavagadh,1,10,2024,0,0,Navratri,22.9,0.0,153298
2024-10-09,Somnath,2,10,2024,0,0,None,25.9,0.0,25841
2024-10-09,Dwarka,2,10,2024,0,0,None,24.9,0.0,23719
2024-10-09,Ambaji,2,10,2024,0,0,Navratri,22.0,0.0,167452
2024-10-09,Pavagadh,2,10,2024,0,0,Navratri,21.3,0.0,180252
2024-10-10,Somnath,3,10,2024,0,0,None,20.7,0.0,23683
2024-10-10,Dwarka,3,10,2024,0,0,None,26.3,2.0,22153
2024-10-10,Ambaji,3,10,2024,0,0,Navratri,18.8,0.0,228290
2024-10-10,Pavagadh,3,10,2024,0,0,Navratri,24.3,0.0,171169
2024-10-11,Somnath,4,10,2024,0,0,None,24.6,0.0,26110
2024-10-11,Dwarka,4,10,2024,0,0,None,23.6,0.0,22610
2024-10-11,Ambaji,4,10,2024,0,0,Navratri,19.2,0.0,198466
2024-10-11,Pavagadh,4,10,2024,0,0,Navratri,21.4,0.0,186660
2024-10-12,Somnath,5,10,2024,1,0,None,27.5,0.0,33335
2024-10-12,Dwarka,5,10,2024,1,0,None,27.5,2.0,28766
2024-10-12,Ambaji,5,10,2024,1,0,None,23.5,0.0,47180
2024-10-12,Pavagadh,5,10,2024,1,0,None,27.6,0.0,32013
2024-10-13,Somnath,6,10,2024,1,0,None,26.6,0.0,34280
2024-10-13,Dwarka,6,10,2024,1,0,None,27.5,0.0,27646
2024-10-13,Ambaji,6,10,2024,1,0,None,22.6,0.0,51423
2024-10-13,Pavagadh,6,10,2024,1,0,None,18.9,0.0,30528
2024-10-14,Somnath,0,10,2024,0,0,None,22.5,0.0,24854
2024-10-14,Dwarka,0,10,2024,0,0,None,19.4,0.0,20095
2024-10-14,Ambaji,0,10,2024,0,0,None,22.4,0.0,33205
2024-10-14,Pavagadh,0,10,2024,0,0,None,22.9,0.0,20133
2024-10-15,Somnath,1,10,2024,0,0,None,19.8,0.0,24321
2024-10-15,Dwarka,1,10,2024,0,0,None,20.9,0.0,20451
2024-10-15,Ambaji,1,10,2024,0,0,None,27.0,0.0,36124
2024-10-15,Pavagadh,1,10,2024,0,0,None,21.0,0.0,20406
2024-10-16,Somnath,2,10,2024,0,0,None,21.9,0.0,23342
2024-10-16,Dwarka,2,10,2024,0,0,None,20.2,0.0,23697
2024-10-16,Ambaji,2,10,2024,0,0,None,21.8,0.0,31589
2024-10-16,Pavagadh,2,10,2024,0,0,None,22.1,0.0,19290
2024-10-17,Somnath,3,10,2024,0,0,None,20.4,0.0,25692
2024-10-17,Dwarka,3,10,2024,0,0,None,27.1,0.0,20525
2024-10-17,Ambaji,3,10,2024,0,0,None,25.5,0.0,35410
2024-10-17,Pavagadh,3,10,2024,0,0,None,18.8,0.0,19856
2024-10-18,Somnath,4,10,2024,0,0,None,19.0,0.0,24194
2024-10-18,Dwarka,4,10,2024,0,0,None,25.7,0.0,21974
2024-10-18,Ambaji,4,10,2024,0,0,None,25.7,0.0,37134
2024-10-18,Pavagadh,4,10,2024,0,0,None,26.3,2.0,19776
2024-10-19,Somnath,5,10,2024,1,0,None,21.7,0.0,29772
2024-10-19,Dwarka,5,10,2024,1,0,None,21.3,0.0,29901
2024-10-19,Ambaji,5,10,2024,1,0,None,20.7,0.0,44950
2024-10-19,Pavagadh,5,10,2024,1,0,None,20.5,0.0,26489
2024-10-20,Somnath,6,10,2024,1,0,None,27.5,0.0,40209
2024-10-20,Dwarka,6,10,2024,1,0,None,23.4,0.0,33983
2024-10-20,Ambaji,6,10,2024,1,0,None,27.6,0.0,54904
2024-10-20,Pavagadh,6,10,2024,1,0,None,25.6,0.0,29691
2024-10-21,Somnath,0,10,2024,0,0,None,25.7,0.0,24991
2024-10-21,Dwarka,0,10,2024,0,0,None,24.3,0.0,20889
2024-10-21,Ambaji,0,10,2024,0,0,None,20.5,0.0,33820
2024-10-21,Pavagadh,0,10,2024,0,0,None,23.5,0.0,19038
2024-10-22,Somnath,1,10,2024,0,0,None,19.2,0.0,26023
2024-10-22,Dwarka,1,10,2024,0,0,None,19.8,0.0,23263
2024-10-22,Ambaji,1,10,2024,0,0,None,26.4,0.0,34640
2024-10-22,Pavagadh,1,10,2024,0,0,None,24.9,0.0,18279
2024-10-23,Somnath,2,10,2024,0,0,None,19.4,0.0,24375
2024-10-23,Dwarka,2,10,2024,0,0,None,18.1,0.0,21633
2024-10-23,Ambaji,2,10,2024,0,0,None,21.1,0.0,34685
2024-10-23,Pavagadh,2,10,2024,0,0,None,24.9,0.0,18037
2024-10-24,Somnath,3,10,2024,0,0,None,23.6,2.0,23861
2024-10-24,Dwarka,3,10,2024,0,0,None,24.8,0.0,21170
2024-10-24,Ambaji,3,10,2024,0,0,None,18.8,0.0,33673
2024-10-24,Pavagadh,3,10,2024,0,0,None,20.3,0.0,18797
2024-10-25,Somnath,4,10,2024,0,0,None,20.4,0.0,27314
2024-10-25,Dwarka,4,10,2024,0,0,None,20.5,2.0,20575
2024-10-25,Ambaji,4,10,2024,0,0,None,18.2,0.0,35560
2024-10-25,Pavagadh,4,10,2024,0,0,None,21.5,0.0,19042
2024-10-26,Somnath,5,10,2024,1,0,None,24.3,0.0,35603
2024-10-26,Dwarka,5,10,2024,1,0,None,22.6,0.0,32146
2024-10-26,Ambaji,5,10,2024,1,0,None,21.8,0.0,53715
2024-10-26,Pavagadh,5,10,2024,1,0,None,24.8,0.0,28064
2024-10-27,Somnath,6,10,2024,1,0,None,27.1,0.0,30983
2024-10-27,Dwarka,6,10,2024,1,0,None,21.8,0.0,35065
2024-10-27,Ambaji,6,10,2024,1,0,None,24.7,0.0,52340
2024-10-27,Pavagadh,6,10,2024,1,0,None,19.4,0.0,30148
2024-10-28,Somnath,0,10,2024,0,0,None,20.9,0.0,26010
2024-10-28,Dwarka,0,10,2024,0,0,None,21.3,0.0,20260
2024-10-28,Ambaji,0,10,2024,0,0,None,23.2,0.0,35257
2024-10-28,Pavagadh,0,10,2024,0,0,None,26.5,0.0,21012
2024-10-29,Somnath,1,10,2024,0,0,Diwali Peak,25.7,0.0,67104
2024-10-29,Dwarka,1,10,2024,0,0,Diwali Peak,19.5,0.0,72782
2024-10-29,Ambaji,1,10,2024,0,0,Diwali Peak,21.1,0.0,121465
2024-10-29,Pavagadh,1,10,2024,0,0,Diwali Peak,24.8,0.0,66274
2024-10-30,Somnath,2,10,2024,0,0,Diwali Peak,26.9,0.0,85506
2024-10-30,Dwarka,2,10,2024,0,0,Diwali Peak,22.6,0.0,68866
2024-10-30,Ambaji,2,10,2024,0,0,Diwali Peak,18.3,0.0,125356
2024-10-30,Pavagadh,2,10,2024,0,0,Diwali Peak,26.4,0.0,59855
2024-10-31,Somnath,3,10,2024,0,0,Diwali Peak,24.7,0.0,81267
2024-10-31,Dwarka,3,10,2024,0,0,Diwali Peak,23.7,0.0,63725
2024-10-31,Ambaji,3,10,2024,0,0,Diwali Peak,26.7,0.0,106208
2024-10-31,Pavagadh,3,10,2024,0,0,Diwali Peak,24.6,0.0,55009
2024-11-01,Somnath,4,11,2024,0,0,Diwali Peak,18.3,0.0,87442
2024-11-01,Dwarka,4,11,2024,0,0,Diwali Peak,19.1,0.0,64354
2024-11-01,Ambaji,4,11,2024,0,0,Diwali Peak,26.6,0.0,103555
2024-11-01,Pavagadh,4,11,2024,0,0,Diwali Peak,25.4,0.0,72881
2024-11-02,Somnath,5,11,2024,1,0,Diwali Peak,20.3,0.0,110284
2024-11-02,Dwarka,5,11,2024,1,0,Diwali Peak,25.6,0.0,88259
2024-11-02,Ambaji,5,11,2024,1,0,Diwali Peak,26.9,0.0,147144
2024-11-02,Pavagadh,5,11,2024,1,0,Diwali Peak,26.8,0.0,97365
2024-11-03,Somnath,6,11,2024,1,0,Diwali Peak,24.2,0.0,101846
2024-11-03,Dwarka,6,11,2024,1,0,Diwali Peak,25.1,0.0,104082
2024-11-03,Ambaji,6,11,2024,1,0,Diwali Peak,25.2,0.0,150129
2024-11-03,Pavagadh,6,11,2024,1,0,Diwali Peak,20.0,2.0,86924
2024-11-04,Somnath,0,11,2024,0,0,None,19.3,0.0,26832
2024-11-04,Dwarka,0,11,2024,0,0,None,22.3,0.0,23900
2024-11-04,Ambaji,0,11,2024,0,0,None,20.6,0.0,34793
2024-11-04,Pavagadh,0,11,2024,0,0,None,20.1,0.0,20719
2024-11-05,Somnath,1,11,2024,0,0,None,18.9,0.0,26758
2024-11-05,Dwarka,1,11,2024,0,0,None,18.7,0.0,23342
2024-11-05,Ambaji,1,11,2024,0,0,None,26.6,0.0,33639
2024-11-05,Pavagadh,1,11,2024,0,0,None,23.1,0.0,18610
2024-11-06,Somnath,2,11,2024,0,0,None,23.9,0.0,26749
2024-11-06,Dwarka,2,11,2024,0,0,None,19.1,0.0,22183
2024-11-06,Ambaji,2,11,2024,0,0,None,25.0,0.0,33272
2024-11-06,Pavagadh,2,11,2024,0,0,None,18.1,0.0,21636
2024-11-07,Somnath,3,11,2024,0,0,None,26.0,0.0,27387
2024-11-07,Dwarka,3,11,2024,0,0,None,22.3,0.0,19854
2024-11-07,Ambaji,3,11,2024,0,0,None,27.5,0.0,34235
2024-11-07,Pavagadh,3,11,2024,0,0,None,18.4,0.0,18014
2024-11-08,Somnath,4,11,2024,0,0,None,21.2,0.0,23271
2024-11-08,Dwarka,4,11,2024,0,0,None,23.5,0.0,23246
2024-11-08,Ambaji,4,11,2024,0,0,None,23.6,0.0,37563
2024-11-08,Pavagadh,4,11,2024,0,0,None,25.8,0.0,18002
2024-11-09,Somnath,5,11,2024,1,0,None,22.6,2.0,38978
2024-11-09,Dwarka,5,11,2024,1,0,None,24.2,0.0,29522
2024-11-09,Ambaji,5,11,2024,1,0,None,24.9,0.0,43927
2024-11-09,Pavagadh,5,11,2024,1,0,None,21.2,0.0,30032
2024-11-10,Somnath,6,11,2024,1,0,None,26.0,0.0,34914
2024-11-10,Dwarka,6,11,2024,1,0,None,25.0,0.0,27533
2024-11-10,Ambaji,6,11,2024,1,0,None,22.9,0.0,45913
2024-11-10,Pavagadh,6,11,2024,1,0,None,27.9,0.0,32554
2024-11-11,Somnath,0,11,2024,0,0,None,23.4,0.0,25977
2024-11-11,Dwarka,0,11,2024,0,0,None,26.5,0.0,20851
2024-11-11,Ambaji,0,11,2024,0,0,None,26.0,0.0,32883
2024-11-11,Pavagadh,0,11,2024,0,0,None,27.5,0.0,19468
2024-11-12,Somnath,1,11,2024,0,0,None,18.6,0.0,24086
2024-11-12,Dwarka,1,11,2024,0,0,None,18.7,0.0,24191
2024-11-12,Ambaji,1,11,2024,0,0,None,21.5,0.0,31960
2024-11-12,Pavagadh,1,11,2024,0,0,None,21.7,0.0,18221
2024-11-13,Somnath,2,11,2024,0,0,None,23.9,0.0,24764
2024-11-13,Dwarka,2,11,2024,0,0,None,23.2,0.0,23040
2024-11-13,Ambaji,2,11,2024,0,0,None,21.6,0.0,32658
2024-11-13,Pavagadh,2,11,2024,0,0,None,19.3,0.0,18260
2024-11-14,Somnath,3,11,2024,0,0,None,26.1,0.0,23741
2024-11-14,Dwarka,3,11,2024,0,0,None,22.9,0.0,24134
2024-11-14,Ambaji,3,11,2024,0,0,None,18.7,0.0,33920
2024-11-14,Pavagadh,3,11,2024,0,0,None,23.0,0.0,18640
2024-11-15,Somnath,4,11,2024,0,0,None,20.4,0.0,23890
2024-11-15,Dwarka,4,11,2024,0,0,None,24.9,0.0,22239
2024-11-15,Ambaji,4,11,2024,0,0,None,18.0,0.0,37400
2024-11-15,Pavagadh,4,11,2024,0,0,None,20.7,0.0,21498
2024-11-16,Somnath,5,11,2024,1,0,None,19.5,0.0,36567
2024-11-16,Dwarka,5,11,2024,1,0,None,26.5,0.0,32903
2024-11-16,Ambaji,5,11,2024,1,0,None,25.7,0.0,44150
2024-11-16,Pavagadh,5,11,2024,1,0,None,27.4,0.0,27091
2024-11-17,Somnath,6,11,2024,1,0,None,18.9,0.0,33684
2024-11-17,Dwarka,6,11,2024,1,0,None,26.7,0.0,31002
2024-11-17,Ambaji,6,11,2024,1,0,None,26.7,0.0,45926
2024-11-17,Pavagadh,6,11,2024,1,0,None,26.3,0.0,28007
2024-11-18,Somnath,0,11,2024,0,0,None,27.8,0.0,22750
2024-11-18,Dwarka,0,11,2024,0,0,None,23.0,0.0,22797
2024-11-18,Ambaji,0,11,2024,0,0,None,27.0,0.0,35749
2024-11-18,Pavagadh,0,11,2024,0,0,None,23.4,2.0,20317
2024-11-19,Somnath,1,11,2024,0,0,None,27.3,0.0,23947
2024-11-19,Dwarka,1,11,2024,0,0,None,18.1,0.0,23590
2024-11-19,Ambaji,1,11,2024,0,0,None,26.4,0.0,32596
2024-11-19,Pavagadh,1,11,2024,0,0,None,19.1,0.0,19685
2024-11-20,Somnath,2,11,2024,0,0,None,24.5,0.0,26849
2024-11-20,Dwarka,2,11,2024,0,0,None,23.7,0.0,23035
2024-11-20,Ambaji,2,11,2024,0,0,None,21.5,0.0,31662
2024-11-20,Pavagadh,2,11,2024,0,0,None,26.2,2.0,21818
2024-11-21,Somnath,3,11,2024,0,0,None,21.6,0.0,23681
2024-11-21,Dwarka,3,11,2024,0,0,None,21.0,0.0,23087
2024-11-21,Ambaji,3,11,2024,0,0,None,18.2,0.0,35395
2024-11-21,Pavagadh,3,11,2024,0,0,None,20.2,0.0,20158
2024-11-22,Somnath,4,11,2024,0,0,None,24.4,0.0,24282
2024-11-22,Dwarka,4,11,2024,0,0,None,20.4,0.0,19978
2024-11-22,Ambaji,4,11,2024,0,0,None,19.8,0.0,31521
2024-11-22,Pavagadh,4,11,2024,0,0,None,18.4,0.0,19680
2024-11-23,Somnath,5,11,2024,1,0,None,21.3,0.0,35956
2024-11-23,Dwarka,5,11,2024,1,0,None,27.1,0.0,28661
2024-11-23,Ambaji,5,11,2024,1,0,None,24.7,0.0,50703
2024-11-23,Pavagadh,5,11,2024,1,0,None,23.2,0.0,28913
2024-11-24,Somnath,6,11,2024,1,0,None,25.4,0.0,36268
2024-11-24,Dwarka,6,11,2024,1,0,None,27.6,0.0,32197
2024-11-24,Ambaji,6,11,2024,1,0,None,24.1,0.0,53218
2024-11-24,Pavagadh,6,11,2024,1,0,None,24.7,0.0,25462
2024-11-25,Somnath,0,11,2024,0,0,None,22.5,0.0,24606
2024-11-25,Dwarka,0,11,2024,0,0,None,18.0,0.0,20098
2024-11-25,Ambaji,0,11,2024,0,0,None,25.8,0.0,37144
2024-11-25,Pavagadh,0,11,2024,0,0,None,18.3,0.0,21613
2024-11-26,Somnath,1,11,2024,0,0,None,19.2,0.0,26477
2024-11-26,Dwarka,1,11,2024,0,0,None,22.5,0.0,20800
2024-11-26,Ambaji,1,11,2024,0,0,None,27.2,0.0,33024
2024-11-26,Pavagadh,1,11,2024,0,0,None,23.3,0.0,20746
2024-11-27,Somnath,2,11,2024,0,0,None,23.2,0.0,22836
2024-11-27,Dwarka,2,11,2024,0,0,None,19.4,0.0,21176
2024-11-27,Ambaji,2,11,2024,0,0,None,26.3,0.0,32396
2024-11-27,Pavagadh,2,11,2024,0,0,None,21.0,0.0,21051
2024-11-28,Somnath,3,11,2024,0,0,None,27.2,0.0,23029
2024-11-28,Dwarka,3,11,2024,0,0,None,20.1,0.0,23258
2024-11-28,Ambaji,3,11,2024,0,0,None,24.9,0.0,37371
2024-11-28,Pavagadh,3,11,2024,0,0,None,26.6,0.0,19100
2024-11-29,Somnath,4,11,2024,0,0,None,19.3,0.0,24500
2024-11-29,Dwarka,4,11,2024,0,0,None,22.3,0.0,20978
2024-11-29,Ambaji,4,11,2024,0,0,None,24.3,0.0,33384
2024-11-29,Pavagadh,4,11,2024,0,0,None,20.7,0.0,20904
2024-11-30,Somnath,5,11,2024,1,0,None,27.6,0.0,38018
2024-11-30,Dwarka,5,11,2024,1,0,None,19.2,0.0,32000
2024-11-30,Ambaji,5,11,2024,1,0,None,21.1,0.0,47506
2024-11-30,Pavagadh,5,11,2024,1,0,None,25.1,0.0,29544
2024-12-01,Somnath,6,12,2024,1,0,None,27.2,0.0,32423
2024-12-01,Dwarka,6,12,2024,1,0,None,18.1,0.0,30623
2024-12-01,Ambaji,6,12,2024,1,0,None,22.1,0.0,44054
2024-12-01,Pavagadh,6,12,2024,1,0,None,19.3,0.0,24981
2024-12-02,Somnath,0,12,2024,0,0,None,23.8,0.0,24214
2024-12-02,Dwarka,0,12,2024,0,0,None,18.5,0.0,20407
2024-12-02,Ambaji,0,12,2024,0,0,None,21.5,0.0,36904
2024-12-02,Pavagadh,0,12,2024,0,0,None,22.8,0.0,20783
2024-12-03,Somnath,1,12,2024,0,0,None,24.0,0.0,24063
2024-12-03,Dwarka,1,12,2024,0,0,None,27.8,0.0,21666
2024-12-03,Ambaji,1,12,2024,0,0,None,19.5,0.0,32433
2024-12-03,Pavagadh,1,12,2024,0,0,None,19.1,0.0,19746
2024-12-04,Somnath,2,12,2024,0,0,None,27.8,0.0,24919
2024-12-04,Dwarka,2,12,2024,0,0,None,20.0,0.0,21523
2024-12-04,Ambaji,2,12,2024,0,0,None,24.5,0.0,35451
2024-12-04,Pavagadh,2,12,2024,0,0,None,22.7,0.0,20150
2024-12-05,Somnath,3,12,2024,0,0,None,21.8,0.0,24976
2024-12-05,Dwarka,3,12,2024,0,0,None,27.0,0.0,20293
2024-12-05,Ambaji,3,12,2024,0,0,None,21.8,0.0,34251
2024-12-05,Pavagadh,3,12,2024,0,0,None,20.1,0.0,20271
2024-12-06,Somnath,4,12,2024,0,0,None,23.0,0.0,23151
2024-12-06,Dwarka,4,12,2024,0,0,None,26.6,0.0,20400
2024-12-06,Ambaji,4,12,2024,0,0,None,26.2,0.0,35732
2024-12-06,Pavagadh,4,12,2024,0,0,None,26.9,0.0,21571
2024-12-07,Somnath,5,12,2024,1,0,None,22.2,0.0,35896
2024-12-07,Dwarka,5,12,2024,1,0,None,21.4,0.0,34510
2024-12-07,Ambaji,5,12,2024,1,0,None,27.5,0.0,50379
2024-12-07,Pavagadh,5,12,2024,1,0,None,22.9,0.0,31096
2024-12-08,Somnath,6,12,2024,1,0,None,24.5,0.0,36201
2024-12-08,Dwarka,6,12,2024,1,0,None,19.8,0.0,32246
2024-12-08,Ambaji,6,12,2024,1,0,None,25.2,0.0,54255
2024-12-08,Pavagadh,6,12,2024,1,0,None,24.1,0.0,30515
2024-12-09,Somnath,0,12,2024,0,0,None,27.0,0.0,23111
2024-12-09,Dwarka,0,12,2024,0,0,None,18.0,0.0,21720
2024-12-09,Ambaji,0,12,2024,0,0,None,23.5,0.0,34060
2024-12-09,Pavagadh,0,12,2024,0,0,None,20.1,0.0,18036
2024-12-10,Somnath,1,12,2024,0,0,None,26.3,0.0,25613
2024-12-10,Dwarka,1,12,2024,0,0,None,21.2,0.0,22177
2024-12-10,Ambaji,1,12,2024,0,0,None,20.1,0.0,32267
2024-12-10,Pavagadh,1,12,2024,0,0,None,22.8,0.0,20196
2024-12-11,Somnath,2,12,2024,0,0,None,25.5,0.0,22744
2024-12-11,Dwarka,2,12,2024,0,0,None,18.6,0.0,21593
2024-12-11,Ambaji,2,12,2024,0,0,None,23.4,0.0,37377
2024-12-11,Pavagadh,2,12,2024,0,0,None,24.9,0.0,19057
2024-12-12,Somnath,3,12,2024,0,0,None,22.3,0.0,25622
2024-12-12,Dwarka,3,12,2024,0,0,None,26.2,0.0,20001
2024-12-12,Ambaji,3,12,2024,0,0,None,27.4,0.0,37901
2024-12-12,Pavagadh,3,12,2024,0,0,None,26.1,0.0,18226
2024-12-13,Somnath,4,12,2024,0,0,None,27.5,0.0,23748
2024-12-13,Dwarka,4,12,2024,0,0,None,23.3,0.0,20797
2024-12-13,Ambaji,4,12,2024,0,0,None,18.9,0.0,31833
2024-12-13,Pavagadh,4,12,2024,0,0,None,18.7,0.0,18633
2024-12-14,Somnath,5,12,2024,1,0,None,20.5,0.0,34830
2024-12-14,Dwarka,5,12,2024,1,0,None,23.6,0.0,32747
2024-12-14,Ambaji,5,12,2024,1,0,None,22.5,0.0,48967
2024-12-14,Pavagadh,5,12,2024,1,0,None,27.4,0.0,27410
2024-12-15,Somnath,6,12,2024,1,0,None,27.6,0.0,33797
2024-12-15,Dwarka,6,12,2024,1,0,None,19.4,0.0,28760
2024-12-15,Ambaji,6,12,2024,1,0,None,18.8,0.0,50814
2024-12-15,Pavagadh,6,12,2024,1,0,None,25.4,0.0,27425
2024-12-16,Somnath,0,12,2024,0,0,None,24.8,0.0,24100
2024-12-16,Dwarka,0,12,2024,0,0,None,21.8,0.0,20357
2024-12-16,Ambaji,0,12,2024,0,0,None,25.4,0.0,36342
2024-12-16,Pavagadh,0,12,2024,0,0,None,27.3,0.0,20950
2024-12-17,Somnath,1,12,2024,0,0,None,19.9,0.0,25678
2024-12-17,Dwarka,1,12,2024,0,0,None,25.7,0.0,21170
2024-12-17,Ambaji,1,12,2024,0,0,None,24.4,0.0,33923
2024-12-17,Pavagadh,1,12,2024,0,0,None,23.2,0.0,20402
2024-12-18,Somnath,2,12,2024,0,0,None,25.6,0.0,27349
2024-12-18,Dwarka,2,12,2024,0,0,None,25.4,2.0,23071
2024-12-18,Ambaji,2,12,2024,0,0,None,23.1,0.0,36649
2024-12-18,Pavagadh,2,12,2024,0,0,None,24.9,0.0,20887
2024-12-19,Somnath,3,12,2024,0,0,None,26.7,0.0,25324
2024-12-19,Dwarka,3,12,2024,0,0,None,24.0,0.0,24146
2024-12-19,Ambaji,3,12,2024,0,0,None,25.9,0.0,34009
2024-12-19,Pavagadh,3,12,2024,0,0,None,25.2,0.0,19856
2024-12-20,Somnath,4,12,2024,0,0,None,21.4,0.0,26456
2024-12-20,Dwarka,4,12,2024,0,0,None,21.3,0.0,23819
2024-12-20,Ambaji,4,12,2024,0,0,None,23.5,0.0,36892
2024-12-20,Pavagadh,4,12,2024,0,0,None,21.2,0.0,18182
2024-12-21,Somnath,5,12,2024,1,0,None,23.0,0.0,32630
2024-12-21,Dwarka,5,12,2024,1,0,None,24.2,0.0,30088
2024-12-21,Ambaji,5,12,2024,1,0,None,19.3,0.0,49193
2024-12-21,Pavagadh,5,12,2024,1,0,None,21.4,0.0,28201
2024-12-22,Somnath,6,12,2024,1,0,None,24.1,2.0,39469
2024-12-22,Dwarka,6,12,2024,1,0,None,24.0,0.0,30126
2024-12-22,Ambaji,6,12,2024,1,0,None,23.2,0.0,45543
2024-12-22,Pavagadh,6,12,2024,1,0,None,21.7,2.0,31264
2024-12-23,Somnath,0,12,2024,0,0,None,26.9,0.0,23879
2024-12-23,Dwarka,0,12,2024,0,0,None,21.7,0.0,21458
2024-12-23,Ambaji,0,12,2024,0,0,None,18.9,0.0,31530
2024-12-23,Pavagadh,0,12,2024,0,0,None,20.7,0.0,18852
2024-12-24,Somnath,1,12,2024,0,0,None,18.6,0.0,26637
2024-12-24,Dwarka,1,12,2024,0,0,None,23.9,0.0,19802
2024-12-24,Ambaji,1,12,2024,0,0,None,22.7,0.0,33853
2024-12-24,Pavagadh,1,12,2024,0,0,None,24.0,0.0,18726
2024-12-25,Somnath,2,12,2024,0,1,None,25.7,0.0,35345
2024-12-25,Dwarka,2,12,2024,0,1,None,27.2,0.0,32297
2024-12-25,Ambaji,2,12,2024,0,1,None,22.7,0.0,52656
2024-12-25,Pavagadh,2,12,2024,0,1,None,25.8,0.0,30813
2024-12-26,Somnath,3,12,2024,0,0,None,25.7,0.0,22952
2024-12-26,Dwarka,3,12,2024,0,0,None,26.4,0.0,20566
2024-12-26,Ambaji,3,12,2024,0,0,None,25.3,0.0,32356
2024-12-26,Pavagadh,3,12,2024,0,0,None,21.4,0.0,18707
2024-12-27,Somnath,4,12,2024,0,0,None,21.4,0.0,24280
2024-12-27,Dwarka,4,12,2024,0,0,None,25.1,0.0,23142
2024-12-27,Ambaji,4,12,2024,0,0,None,24.4,0.0,34525
2024-12-27,Pavagadh,4,12,2024,0,0,None,25.0,0.0,21473
2024-12-28,Somnath,5,12,2024,1,0,None,27.3,0.0,38169
2024-12-28,Dwarka,5,12,2024,1,0,None,18.4,0.0,28627
2024-12-28,Ambaji,5,12,2024,1,0,None,22.9,0.0,46733
2024-12-28,Pavagadh,5,12,2024,1,0,None,20.9,0.0,28453
2024-12-29,Somnath,6,12,2024,1,0,None,26.3,0.0,35505
2024-12-29,Dwarka,6,12,2024,1,0,None,25.2,0.0,30916
2024-12-29,Ambaji,6,12,2024,1,0,None,24.6,0.0,50847
2024-12-29,Pavagadh,6,12,2024,1,0,None,20.1,0.0,27441
2024-12-30,Somnath,0,12,2024,0,0,None,22.1,0.0,24026
2024-12-30,Dwarka,0,12,2024,0,0,None,25.0,0.0,19931
2024-12-30,Ambaji,0,12,2024,0,0,None,18.5,0.0,37423
2024-12-30,Pavagadh,0,12,2024,0,0,None,18.4,0.0,21404
2024-12-31,Somnath,1,12,2024,0,0,None,18.0,0.0,27099
2024-12-31,Dwarka,1,12,2024,0,0,None,18.8,0.0,22032
2024-12-31,Ambaji,1,12,2024,0,0,None,19.5,0.0,35018
2024-12-31,Pavagadh,1,12,2024,0,0,None,25.4,0.0,20765
2025-01-01,Somnath,2,1,2025,0,0,None,23.5,0.0,25822
2025-01-01,Dwarka,2,1,2025,0,0,None,19.9,0.0,22216
2025-01-01,Ambaji,2,1,2025,0,0,None,22.6,0.0,36686
2025-01-01,Pavagadh,2,1,2025,0,0,None,24.6,0.0,21567
2025-01-02,Somnath,3,1,2025,0,0,None,27.9,0.0,24241
2025-01-02,Dwarka,3,1,2025,0,0,None,25.8,0.0,22056
2025-01-02,Ambaji,3,1,2025,0,0,None,23.2,2.0,38437
2025-01-02,Pavagadh,3,1,2025,0,0,None,26.0,0.0,20188
2025-01-03,Somnath,4,1,2025,0,0,None,21.2,0.0,26232
2025-01-03,Dwarka,4,1,2025,0,0,None,25.7,0.0,21553
2025-01-03,Ambaji,4,1,2025,0,0,None,23.4,0.0,34080
2025-01-03,Pavagadh,4,1,2025,0,0,None,18.9,0.0,21005
2025-01-04,Somnath,5,1,2025,1,0,None,24.2,0.0,31741
2025-01-04,Dwarka,5,1,2025,1,0,None,23.4,0.0,26408
2025-01-04,Ambaji,5,1,2025,1,0,None,20.3,0.0,54376
2025-01-04,Pavagadh,5,1,2025,1,0,None,23.2,0.0,26730
2025-01-05,Somnath,6,1,2025,1,0,None,21.5,0.0,33126
2025-01-05,Dwarka,6,1,2025,1,0,None,25.7,0.0,34637
2025-01-05,Ambaji,6,1,2025,1,0,None,22.9,0.0,52706
2025-01-05,Pavagadh,6,1,2025,1,0,None,20.9,0.0,31505
2025-01-06,Somnath,0,1,2025,0,0,None,26.2,0.0,24745
2025-01-06,Dwarka,0,1,2025,0,0,None,19.0,0.0,22906
2025-01-06,Ambaji,0,1,2025,0,0,None,27.1,0.0,33393
2025-01-06,Pavagadh,0,1,2025,0,0,None,20.0,0.0,18803
2025-01-07,Somnath,1,1,2025,0,0,None,21.0,0.0,26552
2025-01-07,Dwarka,1,1,2025,0,0,None,27.0,0.0,22281
2025-01-07,Ambaji,1,1,2025,0,0,None,25.7,0.0,37261
2025-01-07,Pavagadh,1,1,2025,0,0,None,18.2,0.0,21103
2025-01-08,Somnath,2,1,2025,0,0,None,21.0,0.0,23569
2025-01-08,Dwarka,2,1,2025,0,0,None,23.8,0.0,22944
2025-01-08,Ambaji,2,1,2025,0,0,None,27.8,0.0,34865
2025-01-08,Pavagadh,2,1,2025,0,0,None,26.8,0.0,21505
2025-01-09,Somnath,3,1,2025,0,0,None,22.3,0.0,26850
2025-01-09,Dwarka,3,1,2025,0,0,None,26.5,0.0,20766
2025-01-09,Ambaji,3,1,2025,0,0,None,22.4,0.0,32763
2025-01-09,Pavagadh,3,1,2025,0,0,None,22.9,0.0,20367
2025-01-10,Somnath,4,1,2025,0,0,None,26.5,0.0,22932
2025-01-10,Dwarka,4,1,2025,0,0,None,19.6,0.0,22513
2025-01-10,Ambaji,4,1,2025,0,0,None,18.6,0.0,31946
2025-01-10,Pavagadh,4,1,2025,0,0,None,19.6,0.0,20230
2025-01-11,Somnath,5,1,2025,1,0,None,26.8,0.0,34021
2025-01-11,Dwarka,5,1,2025,1,0,None,24.3,0.0,29474
2025-01-11,Ambaji,5,1,2025,1,0,None,21.6,0.0,50581
2025-01-11,Pavagadh,5,1,2025,1,0,None,25.3,0.0,32328
2025-01-12,Somnath,6,1,2025,1,0,None,26.1,0.0,33930
2025-01-12,Dwarka,6,1,2025,1,0,None,22.6,0.0,30615
2025-01-12,Ambaji,6,1,2025,1,0,None,24.2,0.0,47042
2025-01-12,Pavagadh,6,1,2025,1,0,None,25.0,0.0,27747
2025-01-13,Somnath,0,1,2025,0,0,None,21.3,0.0,23312
2025-01-13,Dwarka,0,1,2025,0,0,None,27.9,0.0,21072
2025-01-13,Ambaji,0,1,2025,0,0,None,25.4,0.0,36074
2025-01-13,Pavagadh,0,1,2025,0,0,None,18.6,0.0,21913
2025-01-14,Somnath,1,1,2025,0,0,None,19.2,0.0,22853
2025-01-14,Dwarka,1,1,2025,0,0,None,24.7,0.0,21163
2025-01-14,Ambaji,1,1,2025,0,0,None,21.4,0.0,38091
2025-01-14,Pavagadh,1,1,2025,0,0,None,27.1,0.0,18425
2025-01-15,Somnath,2,1,2025,0,0,None,20.3,0.0,27351
2025-01-15,Dwarka,2,1,2025,0,0,None,24.0,0.0,23396
2025-01-15,Ambaji,2,1,2025,0,0,None,19.4,0.0,38322
2025-01-15,Pavagadh,2,1,2025,0,0,None,27.7,0.0,20198
2025-01-16,Somnath,3,1,2025,0,0,None,23.8,0.0,25233
2025-01-16,Dwarka,3,1,2025,0,0,None,24.5,0.0,21188
2025-01-16,Ambaji,3,1,2025,0,0,None,18.6,0.0,37125
2025-01-16,Pavagadh,3,1,2025,0,0,None,25.6,0.0,20497
2025-01-17,Somnath,4,1,2025,0,0,None,19.8,0.0,25605
2025-01-17,Dwarka,4,1,2025,0,0,None,26.5,0.0,19920
2025-01-17,Ambaji,4,1,2025,0,0,None,27.1,0.0,34691
2025-01-17,Pavagadh,4,1,2025,0,0,None,18.8,0.0,20096
2025-01-18,Somnath,5,1,2025,1,0,None,26.2,0.0,34203
2025-01-18,Dwarka,5,1,2025,1,0,None,19.4,0.0,27788
2025-01-18,Ambaji,5,1,2025,1,0,None,26.3,0.0,50371
2025-01-18,Pavagadh,5,1,2025,1,0,None,27.8,0.0,28710
2025-01-19,Somnath,6,1,2025,1,0,None,19.5,0.0,32796
2025-01-19,Dwarka,6,1,2025,1,0,None,19.0,0.0,32252
2025-01-19,Ambaji,6,1,2025,1,0,None,25.7,0.0,48121
2025-01-19,Pavagadh,6,1,2025,1,0,None,27.8,0.0,27154
2025-01-20,Somnath,0,1,2025,0,0,None,19.1,0.0,25705
2025-01-20,Dwarka,0,1,2025,0,0,None,23.3,0.0,22348
2025-01-20,Ambaji,0,1,2025,0,0,None,20.3,0.0,33685
2025-01-20,Pavagadh,0,1,2025,0,0,None,26.6,0.0,19391
2025-01-21,Somnath,1,1,2025,0,0,None,21.9,0.0,26444
2025-01-21,Dwarka,1,1,2025,0,0,None,25.3,0.0,20646
2025-01-21,Ambaji,1,1,2025,0,0,None,27.1,0.0,31577
2025-01-21,Pavagadh,1,1,2025,0,0,None,24.7,0.0,18503
2025-01-22,Somnath,2,1,2025,0,0,None,27.6,0.0,24846
2025-01-22,Dwarka,2,1,2025,0,0,None,22.0,0.0,23992
2025-01-22,Ambaji,2,1,2025,0,0,None,25.0,0.0,35918
2025-01-22,Pavagadh,2,1,2025,0,0,None,26.4,0.0,18458
2025-01-23,Somnath,3,1,2025,0,0,None,25.0,0.0,27331
2025-01-23,Dwarka,3,1,2025,0,0,None,25.3,0.0,20395
2025-01-23,Ambaji,3,1,2025,0,0,None,22.8,0.0,32740
2025-01-23,Pavagadh,3,1,2025,0,0,None,24.5,0.0,18628
2025-01-24,Somnath,4,1,2025,0,0,None,25.1,0.0,22539
2025-01-24,Dwarka,4,1,2025,0,0,None,18.3,0.0,24082
2025-01-24,Ambaji,4,1,2025,0,0,None,25.7,0.0,32001
2025-01-24,Pavagadh,4,1,2025,0,0,None,24.2,0.0,21170
2025-01-25,Somnath,5,1,2025,1,0,None,20.4,0.0,36023
2025-01-25,Dwarka,5,1,2025,1,0,None,20.7,0.0,30751
2025-01-25,Ambaji,5,1,2025,1,0,None,27.6,0.0,46521
2025-01-25,Pavagadh,5,1,2025,1,0,None,19.8,0.0,28786
2025-01-26,Somnath,6,1,2025,1,1,None,21.3,0.0,40524
2025-01-26,Dwarka,6,1,2025,1,1,None,23.2,2.0,29146
2025-01-26,Ambaji,6,1,2025,1,1,None,26.9,0.0,49283
2025-01-26,Pavagadh,6,1,2025,1,1,None,24.2,0.0,28254
2025-01-27,Somnath,0,1,2025,0,0,None,20.6,0.0,25366
2025-01-27,Dwarka,0,1,2025,0,0,None,18.7,0.0,20465
2025-01-27,Ambaji,0,1,2025,0,0,None,23.9,0.0,32953
2025-01-27,Pavagadh,0,1,2025,0,0,None,23.5,0.0,18993
2025-01-28,Somnath,1,1,2025,0,0,None,27.1,0.0,24034
2025-01-28,Dwarka,1,1,2025,0,0,None,26.8,0.0,22391
2025-01-28,Ambaji,1,1,2025,0,0,None,21.7,0.0,34101
2025-01-28,Pavagadh,1,1,2025,0,0,None,20.5,0.0,20981
2025-01-29,Somnath,2,1,2025,0,0,None,23.4,0.0,24610
2025-01-29,Dwarka,2,1,2025,0,0,None,26.0,0.0,20663
2025-01-29,Ambaji,2,1,2025,0,0,None,26.9,0.0,38247
2025-01-29,Pavagadh,2,1,2025,0,0,None,23.7,0.0,21454
2025-01-30,Somnath,3,1,2025,0,0,None,18.5,0.0,23855
2025-01-30,Dwarka,3,1,2025,0,0,None,18.6,0.0,22379
2025-01-30,Ambaji,3,1,2025,0,0,None,18.5,0.0,35975
2025-01-30,Pavagadh,3,1,2025,0,0,None,22.5,0.0,19030
2025-01-31,Somnath,4,1,2025,0,0,None,20.8,0.0,25192
2025-01-31,Dwarka,4,1,2025,0,0,None,21.7,0.0,21813
2025-01-31,Ambaji,4,1,2025,0,0,None,26.5,0.0,35165
2025-01-31,Pavagadh,4,1,2025,0,0,None,20.0,0.0,19026
2025-02-01,Somnath,5,2,2025,1,0,None,22.6,0.0,39748
2025-02-01,Dwarka,5,2,2025,1,0,None,23.9,0.0,34087
2025-02-01,Ambaji,5,2,2025,1,0,None,26.0,0.0,54359
2025-02-01,Pavagadh,5,2,2025,1,0,None,24.1,0.0,29143
2025-02-02,Somnath,6,2,2025,1,0,None,26.1,0.0,40205
2025-02-02,Dwarka,6,2,2025,1,0,None,23.3,0.0,31202
2025-02-02,Ambaji,6,2,2025,1,0,None,21.4,0.0,46504
2025-02-02,Pavagadh,6,2,2025,1,0,None,23.9,0.0,28343
2025-02-03,Somnath,0,2,2025,0,0,None,24.7,0.0,24127
2025-02-03,Dwarka,0,2,2025,0,0,None,26.7,0.0,21448
2025-02-03,Ambaji,0,2,2025,0,0,None,24.4,0.0,35056
2025-02-03,Pavagadh,0,2,2025,0,0,None,25.2,0.0,18875
2025-02-04,Somnath,1,2,2025,0,0,None,19.2,0.0,22606
2025-02-04,Dwarka,1,2,2025,0,0,None,23.5,0.0,23609
2025-02-04,Ambaji,1,2,2025,0,0,None,27.8,0.0,34647
2025-02-04,Pavagadh,1,2,2025,0,0,None,21.5,0.0,20432
2025-02-05,Somnath,2,2,2025,0,0,None,21.4,0.0,25724
2025-02-05,Dwarka,2,2,2025,0,0,None,23.5,0.0,23942
2025-02-05,Ambaji,2,2,2025,0,0,None,25.8,0.0,36813
2025-02-05,Pavagadh,2,2,2025,0,0,None,22.5,0.0,21546
2025-02-06,Somnath,3,2,2025,0,0,None,20.5,0.0,24663
2025-02-06,Dwarka,3,2,2025,0,0,None,18.5,0.0,23098
2025-02-06,Ambaji,3,2,2025,0,0,None,21.5,0.0,35632
2025-02-06,Pavagadh,3,2,2025,0,0,None,18.7,0.0,20106
2025-02-07,Somnath,4,2,2025,0,0,None,24.2,0.0,25877
2025-02-07,Dwarka,4,2,2025,0,0,None,19.0,0.0,22484
2025-02-07,Ambaji,4,2,2025,0,0,None,25.1,0.0,33049
2025-02-07,Pavagadh,4,2,2025,0,0,None,26.3,0.0,20301
2025-02-08,Somnath,5,2,2025,1,0,None,23.5,0.0,31549
2025-02-08,Dwarka,5,2,2025,1,0,None,18.7,0.0,31847
2025-02-08,Ambaji,5,2,2025,1,0,None,25.8,0.0,50664
2025-02-08,Pavagadh,5,2,2025,1,0,None,21.6,0.0,27138
2025-02-09,Somnath,6,2,2025,1,0,None,18.6,0.0,39421
2025-02-09,Dwarka,6,2,2025,1,0,None,19.7,0.0,27547
2025-02-09,Ambaji,6,2,2025,1,0,None,22.5,0.0,48385
2025-02-09,Pavagadh,6,2,2025,1,0,None,20.0,0.0,27587
2025-02-10,Somnath,0,2,2025,0,0,None,25.2,0.0,23598
2025-02-10,Dwarka,0,2,2025,0,0,None,18.6,0.0,20229
2025-02-10,Ambaji,0,2,2025,0,0,None,22.2,0.0,32585
2025-02-10,Pavagadh,0,2,2025,0,0,None,27.3,0.0,18944
2025-02-11,Somnath,1,2,2025,0,0,None,25.2,0.0,23384
2025-02-11,Dwarka,1,2,2025,0,0,None,21.7,0.0,23050
2025-02-11,Ambaji,1,2,2025,0,0,None,25.6,0.0,36158
2025-02-11,Pavagadh,1,2,2025,0,0,None,23.1,0.0,20930
2025-02-12,Somnath,2,2,2025,0,0,None,18.3,0.0,25649
2025-02-12,Dwarka,2,2,2025,0,0,None,18.7,0.0,23754
2025-02-12,Ambaji,2,2,2025,0,0,None,27.5,0.0,32560
2025-02-12,Pavagadh,2,2,2025,0,0,None,21.7,0.0,20608
2025-02-13,Somnath,3,2,2025,0,0,None,25.7,0.0,26803
2025-02-13,Dwarka,3,2,2025,0,0,None,19.0,0.0,23802
2025-02-13,Ambaji,3,2,2025,0,0,None,26.4,0.0,34510
2025-02-13,Pavagadh,3,2,2025,0,0,None,23.5,0.0,19016
2025-02-14,Somnath,4,2,2025,0,0,None,22.0,0.0,23531
2025-02-14,Dwarka,4,2,2025,0,0,None,28.0,0.0,22230
2025-02-14,Ambaji,4,2,2025,0,0,None,23.5,0.0,33190
2025-02-14,Pavagadh,4,2,2025,0,0,None,23.7,0.0,19547
2025-02-15,Somnath,5,2,2025,1,0,None,20.2,0.0,38612
2025-02-15,Dwarka,5,2,2025,1,0,None,19.7,0.0,27987
2025-02-15,Ambaji,5,2,2025,1,0,None,19.3,0.0,45123
2025-02-15,Pavagadh,5,2,2025,1,0,None,18.3,0.0,30453
2025-02-16,Somnath,6,2,2025,1,0,None,22.8,0.0,36986
2025-02-16,Dwarka,6,2,2025,1,0,None,21.5,0.0,33139
2025-02-16,Ambaji,6,2,2025,1,0,None,19.9,0.0,45438
2025-02-16,Pavagadh,6,2,2025,1,0,None,20.5,0.0,27069
2025-02-17,Somnath,0,2,2025,0,0,None,23.5,0.0,25406
2025-02-17,Dwarka,0,2,2025,0,0,None,18.2,0.0,22009
2025-02-17,Ambaji,0,2,2025,0,0,None,24.9,0.0,31748
2025-02-17,Pavagadh,0,2,2025,0,0,None,23.4,0.0,20779
2025-02-18,Somnath,1,2,2025,0,0,None,20.8,0.0,25511
2025-02-18,Dwarka,1,2,2025,0,0,None,25.9,2.0,23797
2025-02-18,Ambaji,1,2,2025,0,0,None,23.9,0.0,32571
2025-02-18,Pavagadh,1,2,2025,0,0,None,18.4,0.0,21897
2025-02-19,Somnath,2,2,2025,0,0,None,25.1,0.0,25843
2025-02-19,Dwarka,2,2,2025,0,0,None,18.4,0.0,20843
2025-02-19,Ambaji,2,2,2025,0,0,None,18.5,0.0,36557
2025-02-19,Pavagadh,2,2,2025,0,0,None,23.5,0.0,19638
2025-02-20,Somnath,3,2,2025,0,0,None,25.5,0.0,26871
2025-02-20,Dwarka,3,2,2025,0,0,None,18.0,0.0,20714
2025-02-20,Ambaji,3,2,2025,0,0,None,22.1,0.0,32571
2025-02-20,Pavagadh,3,2,2025,0,0,None,27.2,0.0,19677
2025-02-21,Somnath,4,2,2025,0,0,None,23.8,0.0,25411
2025-02-21,Dwarka,4,2,2025,0,0,None,26.6,0.0,22808
2025-02-21,Ambaji,4,2,2025,0,0,None,19.1,0.0,35950
2025-02-21,Pavagadh,4,2,2025,0,0,None,18.1,0.0,18365
2025-02-22,Somnath,5,2,2025,1,0,None,21.7,0.0,35636
2025-02-22,Dwarka,5,2,2025,1,0,None,19.4,0.0,26461
2025-02-22,Ambaji,5,2,2025,1,0,None,23.6,0.0,47412
2025-02-22,Pavagadh,5,2,2025,1,0,None,19.5,0.0,28586
2025-02-23,Somnath,6,2,2025,1,0,None,22.9,0.0,36646
2025-02-23,Dwarka,6,2,2025,1,0,None,23.1,0.0,31444
2025-02-23,Ambaji,6,2,2025,1,0,None,19.7,0.0,46825
2025-02-23,Pavagadh,6,2,2025,1,0,None,19.8,0.0,29334
2025-02-24,Somnath,0,2,2025,0,0,None,24.7,0.0,25028
2025-02-24,Dwarka,0,2,2025,0,0,None,23.7,0.0,20533
2025-02-24,Ambaji,0,2,2025,0,0,None,23.0,0.0,37162
2025-02-24,Pavagadh,0,2,2025,0,0,None,25.3,0.0,19125
2025-02-25,Somnath,1,2,2025,0,0,None,22.4,0.0,25489
2025-02-25,Dwarka,1,2,2025,0,0,None,18.7,0.0,22554
2025-02-25,Ambaji,1,2,2025,0,0,None,18.1,0.0,35968
2025-02-25,Pavagadh,1,2,2025,0,0,None,25.9,0.0,18011
2025-02-26,Somnath,2,2,2025,0,0,Maha Shivratri,25.7,0.0,350773
2025-02-26,Dwarka,2,2,2025,0,0,None,23.9,0.0,21571
2025-02-26,Ambaji,2,2,2025,0,0,None,26.8,0.0,36327
2025-02-26,Pavagadh,2,2,2025,0,0,None,20.3,0.0,20493
2025-02-27,Somnath,3,2,2025,0,0,None,19.1,0.0,22579
2025-02-27,Dwarka,3,2,2025,0,0,None,18.5,0.0,21376
2025-02-27,Ambaji,3,2,2025,0,0,None,21.0,0.0,34367
2025-02-27,Pavagadh,3,2,2025,0,0,None,20.4,0.0,18434
2025-02-28,Somnath,4,2,2025,0,0,None,24.0,0.0,27012
2025-02-28,Dwarka,4,2,2025,0,0,None,22.6,0.0,23884
2025-02-28,Ambaji,4,2,2025,0,0,None,23.0,0.0,34042
2025-02-28,Pavagadh,4,2,2025,0,0,None,25.1,0.0,20353
2025-03-01,Somnath,5,3,2025,1,0,None,36.9,0.0,36003
2025-03-01,Dwarka,5,3,2025,1,0,None,34.5,0.0,33989
2025-03-01,Ambaji,5,3,2025,1,0,None,35.4,1.0,52528
2025-03-01,Pavagadh,5,3,2025,1,0,None,34.1,5.0,27425
2025-03-02,Somnath,6,3,2025,1,0,None,40.1,0.0,36183
2025-03-02,Dwarka,6,3,2025,1,0,None,32.6,0.0,32345
2025-03-02,Ambaji,6,3,2025,1,0,None,34.1,0.0,51143
2025-03-02,Pavagadh,6,3,2025,1,0,None,41.4,0.0,25246
2025-03-03,Somnath,0,3,2025,0,0,None,37.6,0.0,25268
2025-03-03,Dwarka,0,3,2025,0,0,None,38.8,0.0,21092
2025-03-03,Ambaji,0,3,2025,0,0,None,33.1,0.0,36681
2025-03-03,Pavagadh,0,3,2025,0,0,None,34.7,0.0,19613
2025-03-04,Somnath,1,3,2025,0,0,None,36.6,0.0,23571
2025-03-04,Dwarka,1,3,2025,0,0,None,34.1,5.0,22178
2025-03-04,Ambaji,1,3,2025,0,0,None,34.1,0.0,37531
2025-03-04,Pavagadh,1,3,2025,0,0,None,38.6,0.0,21547
2025-03-05,Somnath,2,3,2025,0,0,None,36.9,5.0,23908
2025-03-05,Dwarka,2,3,2025,0,0,None,37.8,0.0,21734
2025-03-05,Ambaji,2,3,2025,0,0,None,33.9,0.0,33389
2025-03-05,Pavagadh,2,3,2025,0,0,None,35.1,1.0,18153
2025-03-06,Somnath,3,3,2025,0,0,None,37.5,0.0,25803
2025-03-06,Dwarka,3,3,2025,0,0,None,40.3,0.0,24004
2025-03-06,Ambaji,3,3,2025,0,0,None,40.3,0.0,35226
2025-03-06,Pavagadh,3,3,2025,0,0,None,39.2,0.0,19105
2025-03-07,Somnath,4,3,2025,0,0,None,35.4,0.0,24203
2025-03-07,Dwarka,4,3,2025,0,0,None,37.9,0.0,22073
2025-03-07,Ambaji,4,3,2025,0,0,None,42.1,0.0,29594
2025-03-07,Pavagadh,4,3,2025,0,0,None,41.6,1.0,17974
2025-03-08,Somnath,5,3,2025,1,0,None,36.3,1.0,31648
2025-03-08,Dwarka,5,3,2025,1,0,None,35.1,1.0,33070
2025-03-08,Ambaji,5,3,2025,1,0,None,33.1,0.0,43361
2025-03-08,Pavagadh,5,3,2025,1,0,None,38.8,0.0,31380
2025-03-09,Somnath,6,3,2025,1,0,None,32.6,0.0,38532
2025-03-09,Dwarka,6,3,2025,1,0,None,40.8,0.0,30018
2025-03-09,Ambaji,6,3,2025,1,0,None,32.2,0.0,50511
2025-03-09,Pavagadh,6,3,2025,1,0,None,38.3,0.0,30212
2025-03-10,Somnath,0,3,2025,0,0,None,37.3,0.0,26499
2025-03-10,Dwarka,0,3,2025,0,0,None,38.8,0.0,23764
2025-03-10,Ambaji,0,3,2025,0,0,None,35.1,0.0,35717
2025-03-10,Pavagadh,0,3,2025,0,0,None,35.8,0.0,20790
2025-03-11,Somnath,1,3,2025,0,0,None,40.1,0.0,23790
2025-03-11,Dwarka,1,3,2025,0,0,None,40.2,0.0,23506
2025-03-11,Ambaji,1,3,2025,0,0,None,37.4,0.0,32187
2025-03-11,Pavagadh,1,3,2025,0,0,None,41.4,0.0,16811
2025-03-12,Somnath,2,3,2025,0,0,None,38.6,0.0,27116
2025-03-12,Dwarka,2,3,2025,0,0,None,41.5,0.0,20417
2025-03-12,Ambaji,2,3,2025,0,0,None,40.8,0.0,38452
2025-03-12,Pavagadh,2,3,2025,0,0,None,35.9,0.0,20293
2025-03-13,Somnath,3,3,2025,0,0,None,40.4,0.0,23681
2025-03-13,Dwarka,3,3,2025,0,0,None,40.8,0.0,20694
2025-03-13,Ambaji,3,3,2025,0,0,None,41.6,0.0,29235
2025-03-13,Pavagadh,3,3,2025,0,0,None,41.8,0.0,16569
2025-03-14,Somnath,4,3,2025,0,0,None,39.8,0.0,27438
2025-03-14,Dwarka,4,3,2025,0,0,None,40.4,0.0,23004
2025-03-14,Ambaji,4,3,2025,0,0,None,34.8,1.0,31634
2025-03-14,Pavagadh,4,3,2025,0,0,None,34.6,0.0,18316
2025-03-15,Somnath,5,3,2025,1,0,None,35.8,0.0,34460
2025-03-15,Dwarka,5,3,2025,1,0,None,41.7,0.0,27068
2025-03-15,Ambaji,5,3,2025,1,0,None,39.2,0.0,51775
2025-03-15,Pavagadh,5,3,2025,1,0,None,37.9,0.0,26607
2025-03-16,Somnath,6,3,2025,1,0,None,38.2,0.0,30462
2025-03-16,Dwarka,6,3,2025,1,0,None,41.9,0.0,26308
2025-03-16,Ambaji,6,3,2025,1,0,None,37.4,0.0,54916
2025-03-16,Pavagadh,6,3,2025,1,0,None,35.3,0.0,32407
2025-03-17,Somnath,0,3,2025,0,0,None,36.8,0.0,23220
2025-03-17,Dwarka,0,3,2025,0,0,None,37.2,0.0,24175
2025-03-17,Ambaji,0,3,2025,0,0,None,34.0,0.0,35815
2025-03-17,Pavagadh,0,3,2025,0,0,None,35.8,0.0,21893
2025-03-18,Somnath,1,3,2025,0,0,None,37.6,1.0,22715
2025-03-18,Dwarka,1,3,2025,0,0,None,33.3,1.0,20366
2025-03-18,Ambaji,1,3,2025,0,0,None,40.1,0.0,34347
2025-03-18,Pavagadh,1,3,2025,0,0,None,39.3,0.0,21727
2025-03-19,Somnath,2,3,2025,0,0,None,34.8,0.0,24211
2025-03-19,Dwarka,2,3,2025,0,0,None,39.9,0.0,21813
2025-03-19,Ambaji,2,3,2025,0,0,None,34.0,0.0,36509
2025-03-19,Pavagadh,2,3,2025,0,0,None,34.6,0.0,19983
2025-03-20,Somnath,3,3,2025,0,0,None,33.0,0.0,26846
2025-03-20,Dwarka,3,3,2025,0,0,None,42.9,0.0,17428
2025-03-20,Ambaji,3,3,2025,0,0,None,40.7,0.0,33495
2025-03-20,Pavagadh,3,3,2025,0,0,None,36.3,0.0,19652
2025-03-21,Somnath,4,3,2025,0,0,None,40.3,0.0,26124
2025-03-21,Dwarka,4,3,2025,0,0,None,37.1,0.0,22434
2025-03-21,Ambaji,4,3,2025,0,0,None,37.0,0.0,33359
2025-03-21,Pavagadh,4,3,2025,0,0,None,42.8,1.0,16374
2025-03-22,Somnath,5,3,2025,1,0,None,33.9,0.0,34637
2025-03-22,Dwarka,5,3,2025,1,0,None,40.1,0.0,29552
2025-03-22,Ambaji,5,3,2025,1,0,None,39.4,0.0,42452
2025-03-22,Pavagadh,5,3,2025,1,0,None,41.9,0.0,28389
2025-03-23,Somnath,6,3,2025,1,0,None,33.9,0.0,36718
2025-03-23,Dwarka,6,3,2025,1,0,None,36.5,0.0,29455
2025-03-23,Ambaji,6,3,2025,1,0,None,33.4,0.0,47803
2025-03-23,Pavagadh,6,3,2025,1,0,None,40.6,1.0,28454
2025-03-24,Somnath,0,3,2025,0,0,None,41.7,0.0,23222
2025-03-24,Dwarka,0,3,2025,0,0,None,35.0,0.0,20929
2025-03-24,Ambaji,0,3,2025,0,0,None,38.4,0.0,33511
2025-03-24,Pavagadh,0,3,2025,0,0,None,39.8,0.0,18261
2025-03-25,Somnath,1,3,2025,0,0,None,36.4,5.0,23805
2025-03-25,Dwarka,1,3,2025,0,0,None,34.9,0.0,20995
2025-03-25,Ambaji,1,3,2025,0,0,None,38.3,1.0,35753
2025-03-25,Pavagadh,1,3,2025,0,0,None,36.5,0.0,18096
2025-03-26,Somnath,2,3,2025,0,0,None,32.0,0.0,24950
2025-03-26,Dwarka,2,3,2025,0,0,None,32.4,0.0,21369
2025-03-26,Ambaji,2,3,2025,0,0,None,40.6,0.0,37025
2025-03-26,Pavagadh,2,3,2025,0,0,None,39.0,0.0,21874
2025-03-27,Somnath,3,3,2025,0,0,None,34.0,0.0,26546
2025-03-27,Dwarka,3,3,2025,0,0,None,34.1,0.0,23605
2025-03-27,Ambaji,3,3,2025,0,0,None,39.0,0.0,36008
2025-03-27,Pavagadh,3,3,2025,0,0,None,40.9,0.0,20286
2025-03-28,Somnath,4,3,2025,0,0,None,42.9,1.0,20703
2025-03-28,Dwarka,4,3,2025,0,0,None,39.7,0.0,22745
2025-03-28,Ambaji,4,3,2025,0,0,None,35.9,0.0,34071
2025-03-28,Pavagadh,4,3,2025,0,0,None,42.4,0.0,18100
2025-03-29,Somnath,5,3,2025,1,0,None,36.4,0.0,37837
2025-03-29,Dwarka,5,3,2025,1,0,None,39.3,0.0,30845
2025-03-29,Ambaji,5,3,2025,1,0,None,37.1,0.0,53954
2025-03-29,Pavagadh,5,3,2025,1,0,None,40.8,0.0,27857
2025-03-30,Somnath,6,3,2025,1,0,None,32.6,0.0,35737
2025-03-30,Dwarka,6,3,2025,1,0,None,35.6,0.0,31662
2025-03-30,Ambaji,6,3,2025,1,0,None,38.4,0.0,56040
2025-03-30,Pavagadh,6,3,2025,1,0,None,39.1,0.0,24142
2025-03-31,Somnath,0,3,2025,0,0,None,38.1,0.0,24077
2025-03-31,Dwarka,0,3,2025,0,0,None,38.0,0.0,24141
2025-03-31,Ambaji,0,3,2025,0,0,None,40.4,0.0,38381
2025-03-31,Pavagadh,0,3,2025,0,0,None,33.0,0.0,18235
2025-04-01,Somnath,1,4,2025,0,0,None,35.7,0.0,24082
2025-04-01,Dwarka,1,4,2025,0,0,None,42.4,0.0,19961
2025-04-01,Ambaji,1,4,2025,0,0,None,39.5,5.0,35322
2025-04-01,Pavagadh,1,4,2025,0,0,None,40.3,0.0,18684
2025-04-02,Somnath,2,4,2025,0,0,None,36.7,0.0,24603
2025-04-02,Dwarka,2,4,2025,0,0,None,39.6,0.0,23998
2025-04-02,Ambaji,2,4,2025,0,0,None,42.8,0.0,31118
2025-04-02,Pavagadh,2,4,2025,0,0,None,35.9,5.0,18162
2025-04-03,Somnath,3,4,2025,0,0,None,36.5,0.0,26131
2025-04-03,Dwarka,3,4,2025,0,0,None,34.1,0.0,21447
2025-04-03,Ambaji,3,4,2025,0,0,None,42.1,5.0,33248
2025-04-03,Pavagadh,3,4,2025,0,0,None,33.6,1.0,21107
2025-04-04,Somnath,4,4,2025,0,0,None,35.2,0.0,22838
2025-04-04,Dwarka,4,4,2025,0,0,None,39.2,0.0,22666
2025-04-04,Ambaji,4,4,2025,0,0,None,39.4,0.0,38140
2025-04-04,Pavagadh,4,4,2025,0,0,None,40.6,0.0,21674
2025-04-05,Somnath,5,4,2025,1,0,None,41.4,0.0,32109
2025-04-05,Dwarka,5,4,2025,1,0,None,38.7,0.0,29631
2025-04-05,Ambaji,5,4,2025,1,0,None,32.1,0.0,44236
2025-04-05,Pavagadh,5,4,2025,1,0,None,42.2,0.0,25227
2025-04-06,Somnath,6,4,2025,1,0,None,37.8,0.0,36038
2025-04-06,Dwarka,6,4,2025,1,0,None,35.5,0.0,28946
2025-04-06,Ambaji,6,4,2025,1,0,None,42.0,0.0,40472
2025-04-06,Pavagadh,6,4,2025,1,0,None,34.0,0.0,30500
2025-04-07,Somnath,0,4,2025,0,0,None,41.4,0.0,23239
2025-04-07,Dwarka,0,4,2025,0,0,None,38.4,0.0,21567
2025-04-07,Ambaji,0,4,2025,0,0,None,32.6,0.0,31892
2025-04-07,Pavagadh,0,4,2025,0,0,None,42.6,0.0,16977
2025-04-08,Somnath,1,4,2025,0,0,None,32.8,0.0,25501
2025-04-08,Dwarka,1,4,2025,0,0,None,40.8,0.0,21638
2025-04-08,Ambaji,1,4,2025,0,0,None,42.7,0.0,29749
2025-04-08,Pavagadh,1,4,2025,0,0,None,33.5,0.0,20788
2025-04-09,Somnath,2,4,2025,0,0,None,36.5,0.0,26638
2025-04-09,Dwarka,2,4,2025,0,0,None,33.0,0.0,23788
2025-04-09,Ambaji,2,4,2025,0,0,None,41.0,0.0,35867
2025-04-09,Pavagadh,2,4,2025,0,0,None,35.2,1.0,19967
2025-04-10,Somnath,3,4,2025,0,0,None,35.1,0.0,22584
2025-04-10,Dwarka,3,4,2025,0,0,None,34.8,0.0,20396
2025-04-10,Ambaji,3,4,2025,0,0,None,32.4,0.0,32224
2025-04-10,Pavagadh,3,4,2025,0,0,None,32.5,0.0,18809
2025-04-11,Somnath,4,4,2025,0,0,None,36.6,0.0,24111
2025-04-11,Dwarka,4,4,2025,0,0,None,33.6,1.0,22065
2025-04-11,Ambaji,4,4,2025,0,0,None,40.2,0.0,33494
2025-04-11,Pavagadh,4,4,2025,0,0,None,38.2,0.0,19407
2025-04-12,Somnath,5,4,2025,1,0,None,39.4,0.0,30991
2025-04-12,Dwarka,5,4,2025,1,0,None,35.8,0.0,28499
2025-04-12,Ambaji,5,4,2025,1,0,None,34.3,1.0,50253
2025-04-12,Pavagadh,5,4,2025,1,0,None,32.1,0.0,28511
2025-04-13,Somnath,6,4,2025,1,0,None,32.5,0.0,33239
2025-04-13,Dwarka,6,4,2025,1,0,None,42.7,0.0,27403
2025-04-13,Ambaji,6,4,2025,1,0,None,41.5,0.0,49882
2025-04-13,Pavagadh,6,4,2025,1,0,None,39.1,0.0,28852
2025-04-14,Somnath,0,4,2025,0,0,None,34.8,0.0,24153
2025-04-14,Dwarka,0,4,2025,0,0,None,38.8,0.0,21998
2025-04-14,Ambaji,0,4,2025,0,0,None,36.4,0.0,33527
2025-04-14,Pavagadh,0,4,2025,0,0,None,39.6,0.0,18452
2025-04-15,Somnath,1,4,2025,0,0,None,39.1,0.0,23275
2025-04-15,Dwarka,1,4,2025,0,0,None,38.9,0.0,22269
2025-04-15,Ambaji,1,4,2025,0,0,None,42.7,0.0,31055
2025-04-15,Pavagadh,1,4,2025,0,0,None,38.9,0.0,20229
2025-04-16,Somnath,2,4,2025,0,0,None,32.8,0.0,25315
2025-04-16,Dwarka,2,4,2025,0,0,None,39.3,0.0,21643
2025-04-16,Ambaji,2,4,2025,0,0,None,37.5,0.0,31623
2025-04-16,Pavagadh,2,4,2025,0,0,None,36.9,0.0,19276
2025-04-17,Somnath,3,4,2025,0,0,None,37.7,0.0,24926
2025-04-17,Dwarka,3,4,2025,0,0,None,42.2,0.0,20749
2025-04-17,Ambaji,3,4,2025,0,0,None,41.9,0.0,31932
2025-04-17,Pavagadh,3,4,2025,0,0,None,41.6,0.0,18615
2025-04-18,Somnath,4,4,2025,0,0,None,32.3,0.0,24610
2025-04-18,Dwarka,4,4,2025,0,0,None,37.5,0.0,21770
2025-04-18,Ambaji,4,4,2025,0,0,None,38.0,0.0,35484
2025-04-18,Pavagadh,4,4,2025,0,0,None,35.8,0.0,21785
2025-04-19,Somnath,5,4,2025,1,0,None,32.9,0.0,34664
2025-04-19,Dwarka,5,4,2025,1,0,None,34.6,0.0,31444
2025-04-19,Ambaji,5,4,2025,1,0,None,35.7,5.0,55584
2025-04-19,Pavagadh,5,4,2025,1,0,None,32.7,0.0,27594
2025-04-20,Somnath,6,4,2025,1,0,None,32.1,0.0,35702
2025-04-20,Dwarka,6,4,2025,1,0,None,37.9,0.0,28192
2025-04-20,Ambaji,6,4,2025,1,0,None,37.4,0.0,50306
2025-04-20,Pavagadh,6,4,2025,1,0,None,40.9,0.0,27386
2025-04-21,Somnath,0,4,2025,0,0,None,34.1,0.0,27457
2025-04-21,Dwarka,0,4,2025,0,0,None,38.2,1.0,22625
2025-04-21,Ambaji,0,4,2025,0,0,None,38.2,0.0,33150
2025-04-21,Pavagadh,0,4,2025,0,0,None,32.9,0.0,20245
2025-04-22,Somnath,1,4,2025,0,0,None,37.6,0.0,23460
2025-04-22,Dwarka,1,4,2025,0,0,None,35.9,0.0,20620
2025-04-22,Ambaji,1,4,2025,0,0,None,42.0,0.0,31351
2025-04-22,Pavagadh,1,4,2025,0,0,None,38.0,0.0,21959
2025-04-23,Somnath,2,4,2025,0,0,None,38.8,0.0,27067
2025-04-23,Dwarka,2,4,2025,0,0,None,33.1,0.0,21715
2025-04-23,Ambaji,2,4,2025,0,0,None,40.5,0.0,37012
2025-04-23,Pavagadh,2,4,2025,0,0,None,36.9,0.0,20875
2025-04-24,Somnath,3,4,2025,0,0,None,35.5,0.0,25607
2025-04-24,Dwarka,3,4,2025,0,0,None,39.4,0.0,20737
2025-04-24,Ambaji,3,4,2025,0,0,None,35.0,0.0,38238
2025-04-24,Pavagadh,3,4,2025,0,0,None,42.4,0.0,17006
2025-04-25,Somnath,4,4,2025,0,0,None,41.5,0.0,20909
2025-04-25,Dwarka,4,4,2025,0,0,None,41.6,0.0,18641
2025-04-25,Ambaji,4,4,2025,0,0,None,34.2,0.0,33810
2025-04-25,Pavagadh,4,4,2025,0,0,None,37.9,0.0,21929
2025-04-26,Somnath,5,4,2025,1,0,None,34.8,0.0,32020
2025-04-26,Dwarka,5,4,2025,1,0,None,41.2,0.0,28453
2025-04-26,Ambaji,5,4,2025,1,0,None,42.7,0.0,40443
2025-04-26,Pavagadh,5,4,2025,1,0,None,42.6,0.0,23751
2025-04-27,Somnath,6,4,2025,1,0,None,39.7,0.0,33943
2025-04-27,Dwarka,6,4,2025,1,0,None,37.2,0.0,30533
2025-04-27,Ambaji,6,4,2025,1,0,None,34.3,0.0,42562
2025-04-27,Pavagadh,6,4,2025,1,0,None,36.1,0.0,25834
2025-04-28,Somnath,0,4,2025,0,0,None,36.8,5.0,22549
2025-04-28,Dwarka,0,4,2025,0,0,None,36.0,0.0,20499
2025-04-28,Ambaji,0,4,2025,0,0,None,38.2,0.0,33059
2025-04-28,Pavagadh,0,4,2025,0,0,None,41.8,0.0,16579
2025-04-29,Somnath,1,4,2025,0,0,None,35.1,0.0,24133
2025-04-29,Dwarka,1,4,2025,0,0,None,39.1,0.0,22046
2025-04-29,Ambaji,1,4,2025,0,0,None,38.7,0.0,38496
2025-04-29,Pavagadh,1,4,2025,0,0,None,37.0,1.0,19961
2025-04-30,Somnath,2,4,2025,0,0,None,40.6,0.0,26920
2025-04-30,Dwarka,2,4,2025,0,0,None,36.9,0.0,21851
2025-04-30,Ambaji,2,4,2025,0,0,None,41.4,5.0,30444
2025-04-30,Pavagadh,2,4,2025,0,0,None,32.9,0.0,21716
2025-05-01,Somnath,3,5,2025,0,0,None,38.0,0.0,25857
2025-05-01,Dwarka,3,5,2025,0,0,None,38.2,0.0,20797
2025-05-01,Ambaji,3,5,2025,0,0,None,38.5,0.0,32474
2025-05-01,Pavagadh,3,5,2025,0,0,None,35.5,0.0,18147
2025-05-02,Somnath,4,5,2025,0,0,None,41.2,0.0,21786
2025-05-02,Dwarka,4,5,2025,0,0,None,36.7,0.0,23791
2025-05-02,Ambaji,4,5,2025,0,0,None,35.2,0.0,33668
2025-05-02,Pavagadh,4,5,2025,0,0,None,35.3,0.0,20713
2025-05-03,Somnath,5,5,2025,1,0,None,34.9,0.0,38695
2025-05-03,Dwarka,5,5,2025,1,0,None,41.4,0.0,26668
2025-05-03,Ambaji,5,5,2025,1,0,None,40.7,0.0,52369
2025-05-03,Pavagadh,5,5,2025,1,0,None,42.2,0.0,24718
2025-05-04,Somnath,6,5,2025,1,0,None,36.8,0.0,38173
2025-05-04,Dwarka,6,5,2025,1,0,None,32.9,0.0,32502
2025-05-04,Ambaji,6,5,2025,1,0,None,38.3,0.0,43116
2025-05-04,Pavagadh,6,5,2025,1,0,None,33.5,0.0,31205
2025-05-05,Somnath,0,5,2025,0,0,None,34.8,0.0,25346
2025-05-05,Dwarka,0,5,2025,0,0,None,32.9,0.0,21926
2025-05-05,Ambaji,0,5,2025,0,0,None,42.6,0.0,29301
2025-05-05,Pavagadh,0,5,2025,0,0,None,34.3,0.0,21787
2025-05-06,Somnath,1,5,2025,0,0,None,33.0,0.0,23689
2025-05-06,Dwarka,1,5,2025,0,0,None,37.6,0.0,22998
2025-05-06,Ambaji,1,5,2025,0,0,None,40.1,0.0,35637
2025-05-06,Pavagadh,1,5,2025,0,0,None,41.3,0.0,16047
2025-05-07,Somnath,2,5,2025,0,0,None,32.4,0.0,24289
2025-05-07,Dwarka,2,5,2025,0,0,None,33.1,0.0,22233
2025-05-07,Ambaji,2,5,2025,0,0,None,34.5,0.0,36175
2025-05-07,Pavagadh,2,5,2025,0,0,None,34.1,5.0,18709
2025-05-08,Somnath,3,5,2025,0,0,None,40.5,1.0,26127
2025-05-08,Dwarka,3,5,2025,0,0,None,39.3,1.0,20984
2025-05-08,Ambaji,3,5,2025,0,0,None,35.0,0.0,37674
2025-05-08,Pavagadh,3,5,2025,0,0,None,38.8,1.0,18891
2025-05-09,Somnath,4,5,2025,0,0,None,41.1,1.0,24379
2025-05-09,Dwarka,4,5,2025,0,0,None,34.2,1.0,23772
2025-05-09,Ambaji,4,5,2025,0,0,None,32.7,0.0,35201
2025-05-09,Pavagadh,4,5,2025,0,0,None,32.6,0.0,18020
2025-05-10,Somnath,5,5,2025,1,0,None,37.8,0.0,36028
2025-05-10,Dwarka,5,5,2025,1,0,None,39.2,0.0,34125
2025-05-10,Ambaji,5,5,2025,1,0,None,35.9,0.0,48171
2025-05-10,Pavagadh,5,5,2025,1,0,None,36.4,0.0,28361
2025-05-11,Somnath,6,5,2025,1,0,None,42.1,0.0,31106
2025-05-11,Dwarka,6,5,2025,1,0,None,42.0,0.0,29769
2025-05-11,Ambaji,6,5,2025,1,0,None,39.7,0.0,44541
2025-05-11,Pavagadh,6,5,2025,1,0,None,36.0,1.0,28254
2025-05-12,Somnath,0,5,2025,0,0,None,38.0,0.0,24831
2025-05-12,Dwarka,0,5,2025,0,0,None,40.4,0.0,20596
2025-05-12,Ambaji,0,5,2025,0,0,None,35.0,0.0,36349
2025-05-12,Pavagadh,0,5,2025,0,0,None,37.6,0.0,21157
2025-05-13,Somnath,1,5,2025,0,0,None,38.0,1.0,23677
2025-05-13,Dwarka,1,5,2025,0,0,None,42.1,0.0,19694
2025-05-13,Ambaji,1,5,2025,0,0,None,36.1,1.0,33406
2025-05-13,Pavagadh,1,5,2025,0,0,None,39.4,0.0,18788
2025-05-14,Somnath,2,5,2025,0,0,None,42.7,0.0,24307
2025-05-14,Dwarka,2,5,2025,0,0,None,39.1,0.0,23190
2025-05-14,Ambaji,2,5,2025,0,0,None,32.3,0.0,31724
2025-05-14,Pavagadh,2,5,2025,0,0,None,35.4,0.0,21646
2025-05-15,Somnath,3,5,2025,0,0,None,38.9,0.0,26755
2025-05-15,Dwarka,3,5,2025,0,0,None,40.1,0.0,22517
2025-05-15,Ambaji,3,5,2025,0,0,None,42.8,0.0,32325
2025-05-15,Pavagadh,3,5,2025,0,0,None,36.3,1.0,19425
2025-05-16,Somnath,4,5,2025,0,0,None,33.0,1.0,26146
2025-05-16,Dwarka,4,5,2025,0,0,None,35.8,0.0,23883
2025-05-16,Ambaji,4,5,2025,0,0,None,35.0,0.0,33004
2025-05-16,Pavagadh,4,5,2025,0,0,None,42.9,0.0,19026
2025-05-17,Somnath,5,5,2025,1,0,None,42.1,1.0,33362
2025-05-17,Dwarka,5,5,2025,1,0,None,36.3,0.0,34504
2025-05-17,Ambaji,5,5,2025,1,0,None,33.5,0.0,53020
2025-05-17,Pavagadh,5,5,2025,1,0,None,32.3,0.0,28327
2025-05-18,Somnath,6,5,2025,1,0,None,38.8,0.0,39572
2025-05-18,Dwarka,6,5,2025,1,0,None,35.6,0.0,32056
2025-05-18,Ambaji,6,5,2025,1,0,None,36.8,0.0,50864
2025-05-18,Pavagadh,6,5,2025,1,0,None,34.9,5.0,29307
2025-05-19,Somnath,0,5,2025,0,0,None,39.1,0.0,23419
2025-05-19,Dwarka,0,5,2025,0,0,None,32.7,0.0,22285
2025-05-19,Ambaji,0,5,2025,0,0,None,35.1,0.0,32017
2025-05-19,Pavagadh,0,5,2025,0,0,None,40.7,0.0,18855
2025-05-20,Somnath,1,5,2025,0,0,None,35.3,0.0,26366
2025-05-20,Dwarka,1,5,2025,0,0,None,41.0,0.0,24066
2025-05-20,Ambaji,1,5,2025,0,0,None,39.9,0.0,34844
2025-05-20,Pavagadh,1,5,2025,0,0,None,39.3,0.0,21607
2025-05-21,Somnath,2,5,2025,0,0,None,40.3,0.0,27065
2025-05-21,Dwarka,2,5,2025,0,0,None,36.4,0.0,23245
2025-05-21,Ambaji,2,5,2025,0,0,None,39.1,0.0,33317
2025-05-21,Pavagadh,2,5,2025,0,0,None,37.7,0.0,20523
2025-05-22,Somnath,3,5,2025,0,0,None,38.7,0.0,24878
2025-05-22,Dwarka,3,5,2025,0,0,None,38.2,0.0,20496
2025-05-22,Ambaji,3,5,2025,0,0,None,38.7,0.0,31956
2025-05-22,Pavagadh,3,5,2025,0,0,None,34.7,0.0,19496
2025-05-23,Somnath,4,5,2025,0,0,None,36.1,0.0,23732
2025-05-23,Dwarka,4,5,2025,0,0,None,32.1,0.0,23304
2025-05-23,Ambaji,4,5,2025,0,0,None,34.9,0.0,32187
2025-05-23,Pavagadh,4,5,2025,0,0,None,32.1,0.0,19845
2025-05-24,Somnath,5,5,2025,1,0,None,34.1,0.0,34598
2025-05-24,Dwarka,5,5,2025,1,0,None,35.3,0.0,29178
2025-05-24,Ambaji,5,5,2025,1,0,None,35.1,0.0,42715
2025-05-24,Pavagadh,5,5,2025,1,0,None,42.3,0.0,24860
2025-05-25,Somnath,6,5,2025,1,0,None,37.3,0.0,32767
2025-05-25,Dwarka,6,5,2025,1,0,None,33.3,1.0,31103
2025-05-25,Ambaji,6,5,2025,1,0,None,39.6,0.0,45035
2025-05-25,Pavagadh,6,5,2025,1,0,None,37.8,0.0,28462
2025-05-26,Somnath,0,5,2025,0,0,None,36.1,0.0,27127
2025-05-26,Dwarka,0,5,2025,0,0,None,42.1,0.0,17263
2025-05-26,Ambaji,0,5,2025,0,0,None,36.4,0.0,34981
2025-05-26,Pavagadh,0,5,2025,0,0,None,38.9,0.0,18161
2025-05-27,Somnath,1,5,2025,0,0,None,42.2,0.0,22800
2025-05-27,Dwarka,1,5,2025,0,0,None,42.3,0.0,21990
2025-05-27,Ambaji,1,5,2025,0,0,None,37.7,0.0,33505
2025-05-27,Pavagadh,1,5,2025,0,0,None,34.7,0.0,20938
2025-05-28,Somnath,2,5,2025,0,0,None,36.4,0.0,27271
2025-05-28,Dwarka,2,5,2025,0,0,None,37.7,5.0,23596
2025-05-28,Ambaji,2,5,2025,0,0,None,39.0,0.0,33571
2025-05-28,Pavagadh,2,5,2025,0,0,None,36.6,0.0,19582
2025-05-29,Somnath,3,5,2025,0,0,None,41.1,0.0,23376
2025-05-29,Dwarka,3,5,2025,0,0,None,35.3,0.0,20559
2025-05-29,Ambaji,3,5,2025,0,0,None,32.0,0.0,35889
2025-05-29,Pavagadh,3,5,2025,0,0,None,38.3,0.0,20614
2025-05-30,Somnath,4,5,2025,0,0,None,38.2,0.0,24704
2025-05-30,Dwarka,4,5,2025,0,0,None,40.9,0.0,20677
2025-05-30,Ambaji,4,5,2025,0,0,None,37.0,0.0,37315
2025-05-30,Pavagadh,4,5,2025,0,0,None,32.3,0.0,19695
2025-05-31,Somnath,5,5,2025,1,0,None,32.5,0.0,31862
2025-05-31,Dwarka,5,5,2025,1,0,None,36.4,0.0,30161
2025-05-31,Ambaji,5,5,2025,1,0,None,38.1,0.0,45589
2025-05-31,Pavagadh,5,5,2025,1,0,None,41.8,0.0,22109
2025-06-01,Somnath,6,6,2025,1,0,None,34.0,0.0,31603
2025-06-01,Dwarka,6,6,2025,1,0,None,35.7,0.0,29211
2025-06-01,Ambaji,6,6,2025,1,0,None,42.7,0.0,36909
2025-06-01,Pavagadh,6,6,2025,1,0,None,40.0,0.0,25880
2025-06-02,Somnath,0,6,2025,0,0,None,39.8,0.0,24913
2025-06-02,Dwarka,0,6,2025,0,0,None,34.1,0.0,21379
2025-06-02,Ambaji,0,6,2025,0,0,None,36.8,0.0,32146
2025-06-02,Pavagadh,0,6,2025,0,0,None,33.0,0.0,18463
2025-06-03,Somnath,1,6,2025,0,0,None,34.8,0.0,24253
2025-06-03,Dwarka,1,6,2025,0,0,None,34.3,0.0,23575
2025-06-03,Ambaji,1,6,2025,0,0,None,35.3,0.0,38190
2025-06-03,Pavagadh,1,6,2025,0,0,None,37.8,0.0,21305
2025-06-04,Somnath,2,6,2025,0,0,None,42.4,0.0,19666
2025-06-04,Dwarka,2,6,2025,0,0,None,38.3,0.0,21113
2025-06-04,Ambaji,2,6,2025,0,0,None,34.7,0.0,33883
2025-06-04,Pavagadh,2,6,2025,0,0,None,38.6,0.0,19721
2025-06-05,Somnath,3,6,2025,0,0,None,34.1,0.0,22967
2025-06-05,Dwarka,3,6,2025,0,0,None,41.1,0.0,20472
2025-06-05,Ambaji,3,6,2025,0,0,None,35.9,0.0,33345
2025-06-05,Pavagadh,3,6,2025,0,0,None,38.2,0.0,21759
2025-06-06,Somnath,4,6,2025,0,0,None,42.4,0.0,20874
2025-06-06,Dwarka,4,6,2025,0,0,None,37.4,0.0,22463
2025-06-06,Ambaji,4,6,2025,0,0,None,37.8,0.0,33691
2025-06-06,Pavagadh,4,6,2025,0,0,None,41.5,0.0,17793
2025-06-07,Somnath,5,6,2025,1,0,None,41.7,0.0,34848
2025-06-07,Dwarka,5,6,2025,1,0,None,42.7,0.0,29288
2025-06-07,Ambaji,5,6,2025,1,0,None,37.1,0.0,45042
2025-06-07,Pavagadh,5,6,2025,1,0,None,32.7,0.0,29624
2025-06-08,Somnath,6,6,2025,1,0,None,34.5,0.0,37773
2025-06-08,Dwarka,6,6,2025,1,0,None,35.8,0.0,32337
2025-06-08,Ambaji,6,6,2025,1,0,None,41.8,0.0,43909
2025-06-08,Pavagadh,6,6,2025,1,0,None,42.2,0.0,25321
2025-06-09,Somnath,0,6,2025,0,0,None,34.1,0.0,27382
2025-06-09,Dwarka,0,6,2025,0,0,None,41.9,0.0,19719
2025-06-09,Ambaji,0,6,2025,0,0,None,41.6,0.0,35332
2025-06-09,Pavagadh,0,6,2025,0,0,None,38.2,0.0,19994
2025-06-10,Somnath,1,6,2025,0,0,None,41.4,0.0,25347
2025-06-10,Dwarka,1,6,2025,0,0,None,36.1,0.0,22782
2025-06-10,Ambaji,1,6,2025,0,0,None,33.2,0.0,32545
2025-06-10,Pavagadh,1,6,2025,0,0,None,41.3,1.0,17861
2025-06-11,Somnath,2,6,2025,0,0,None,39.0,0.0,25978
2025-06-11,Dwarka,2,6,2025,0,0,None,34.4,0.0,20527
2025-06-11,Ambaji,2,6,2025,0,0,None,42.1,0.0,32830
2025-06-11,Pavagadh,2,6,2025,0,0,None,38.1,0.0,21188
2025-06-12,Somnath,3,6,2025,0,0,None,34.5,0.0,22989
2025-06-12,Dwarka,3,6,2025,0,0,None,40.9,0.0,20157
2025-06-12,Ambaji,3,6,2025,0,0,None,34.8,0.0,35292
2025-06-12,Pavagadh,3,6,2025,0,0,None,37.7,5.0,21056
2025-06-13,Somnath,4,6,2025,0,0,None,33.2,0.0,24227
2025-06-13,Dwarka,4,6,2025,0,0,None,35.5,0.0,21386
2025-06-13,Ambaji,4,6,2025,0,0,None,37.4,0.0,33392
2025-06-13,Pavagadh,4,6,2025,0,0,None,35.5,0.0,21466
2025-06-14,Somnath,5,6,2025,1,0,None,32.4,0.0,37360
2025-06-14,Dwarka,5,6,2025,1,0,None,39.6,0.0,28299
2025-06-14,Ambaji,5,6,2025,1,0,None,40.6,0.0,48161
2025-06-14,Pavagadh,5,6,2025,1,0,None,34.0,0.0,27314
2025-06-15,Somnath,6,6,2025,1,0,None,38.9,0.0,36451
2025-06-15,Dwarka,6,6,2025,1,0,None,33.6,0.0,33180
2025-06-15,Ambaji,6,6,2025,1,0,None,33.7,0.0,48484
2025-06-15,Pavagadh,6,6,2025,1,0,None,34.6,0.0,25851
2025-06-16,Somnath,0,6,2025,0,0,None,34.0,0.0,26933
2025-06-16,Dwarka,0,6,2025,0,0,None,37.3,1.0,20008
2025-06-16,Ambaji,0,6,2025,0,0,None,32.1,1.0,36567
2025-06-16,Pavagadh,0,6,2025,0,0,None,40.6,1.0,21938
2025-06-17,Somnath,1,6,2025,0,0,None,33.1,0.0,23442
2025-06-17,Dwarka,1,6,2025,0,0,None,41.0,0.0,22410
2025-06-17,Ambaji,1,6,2025,0,0,None,41.4,0.0,29653
2025-06-17,Pavagadh,1,6,2025,0,0,None,32.7,0.0,18877
2025-06-18,Somnath,2,6,2025,0,0,None,32.0,0.0,27346
2025-06-18,Dwarka,2,6,2025,0,0,None,42.6,0.0,21257
2025-06-18,Ambaji,2,6,2025,0,0,None,40.8,0.0,38361
2025-06-18,Pavagadh,2,6,2025,0,0,None,33.7,0.0,20936
2025-06-19,Somnath,3,6,2025,0,0,None,35.2,0.0,23383
2025-06-19,Dwarka,3,6,2025,0,0,None,42.0,0.0,20097
2025-06-19,Ambaji,3,6,2025,0,0,None,34.6,0.0,31557
2025-06-19,Pavagadh,3,6,2025,0,0,None,37.1,0.0,20473
2025-06-20,Somnath,4,6,2025,0,0,None,39.0,0.0,23933
2025-06-20,Dwarka,4,6,2025,0,0,None,39.4,0.0,21256
2025-06-20,Ambaji,4,6,2025,0,0,None,35.9,0.0,34036
2025-06-20,Pavagadh,4,6,2025,0,0,None,37.0,0.0,18513
2025-06-21,Somnath,5,6,2025,1,0,None,34.0,0.0,33790
2025-06-21,Dwarka,5,6,2025,1,0,None,36.8,0.0,29747
2025-06-21,Ambaji,5,6,2025,1,0,None,35.9,0.0,43349
2025-06-21,Pavagadh,5,6,2025,1,0,None,36.2,0.0,26777
2025-06-22,Somnath,6,6,2025,1,0,None,42.9,1.0,35286
2025-06-22,Dwarka,6,6,2025,1,0,None,34.8,0.0,29459
2025-06-22,Ambaji,6,6,2025,1,0,None,33.8,1.0,52593
2025-06-22,Pavagadh,6,6,2025,1,0,None,34.3,0.0,28016
2025-06-23,Somnath,0,6,2025,0,0,None,41.9,0.0,23820
2025-06-23,Dwarka,0,6,2025,0,0,None,36.9,0.0,21399
2025-06-23,Ambaji,0,6,2025,0,0,None,38.7,0.0,35945
2025-06-23,Pavagadh,0,6,2025,0,0,None,39.3,0.0,19259
2025-06-24,Somnath,1,6,2025,0,0,None,40.2,0.0,22941
2025-06-24,Dwarka,1,6,2025,0,0,None,35.5,1.0,23592
2025-06-24,Ambaji,1,6,2025,0,0,None,39.4,0.0,35749
2025-06-24,Pavagadh,1,6,2025,0,0,None,32.1,0.0,20924
2025-06-25,Somnath,2,6,2025,0,0,None,37.5,0.0,25833
2025-06-25,Dwarka,2,6,2025,0,0,None,41.0,0.0,22920
2025-06-25,Ambaji,2,6,2025,0,0,None,33.0,0.0,35799
2025-06-25,Pavagadh,2,6,2025,0,0,None,35.6,0.0,20582
2025-06-26,Somnath,3,6,2025,0,0,None,38.6,0.0,23981
2025-06-26,Dwarka,3,6,2025,0,0,None,42.9,0.0,20333
2025-06-26,Ambaji,3,6,2025,0,0,None,33.9,0.0,33445
2025-06-26,Pavagadh,3,6,2025,0,0,None,42.6,0.0,18779
2025-06-27,Somnath,4,6,2025,0,0,None,32.5,0.0,24450
2025-06-27,Dwarka,4,6,2025,0,0,None,42.9,0.0,19816
2025-06-27,Ambaji,4,6,2025,0,0,None,35.6,0.0,35917
2025-06-27,Pavagadh,4,6,2025,0,0,None,40.0,0.0,21492
2025-06-28,Somnath,5,6,2025,1,0,None,32.3,0.0,35782
2025-06-28,Dwarka,5,6,2025,1,0,None,38.9,0.0,28904
2025-06-28,Ambaji,5,6,2025,1,0,None,36.8,1.0,48160
2025-06-28,Pavagadh,5,6,2025,1,0,None,39.9,0.0,27223
2025-06-29,Somnath,6,6,2025,1,0,None,36.8,0.0,38889
2025-06-29,Dwarka,6,6,2025,1,0,None,37.8,0.0,27472
2025-06-29,Ambaji,6,6,2025,1,0,None,33.9,0.0,45059
2025-06-29,Pavagadh,6,6,2025,1,0,None,34.8,1.0,28124
2025-06-30,Somnath,0,6,2025,0,0,None,37.8,0.0,27351
2025-06-30,Dwarka,0,6,2025,0,0,None,32.9,0.0,20054
2025-06-30,Ambaji,0,6,2025,0,0,None,36.9,0.0,36879
2025-06-30,Pavagadh,0,6,2025,0,0,None,35.7,0.0,18661
2025-07-01,Somnath,1,7,2025,0,0,None,31.7,0.0,24371
2025-07-01,Dwarka,1,7,2025,0,0,None,27.9,23.2,16863
2025-07-01,Ambaji,1,7,2025,0,0,None,31.4,4.6,33913
2025-07-01,Pavagadh,1,7,2025,0,0,None,27.6,13.8,18218
2025-07-02,Somnath,2,7,2025,0,0,None,26.9,1.1,23123
2025-07-02,Dwarka,2,7,2025,0,0,None,27.4,23.5,17556
2025-07-02,Ambaji,2,7,2025,0,0,None,26.3,0.0,37063
2025-07-02,Pavagadh,2,7,2025,0,0,None,29.6,6.0,21220
2025-07-03,Somnath,3,7,2025,0,0,None,28.6,40.5,21587
2025-07-03,Dwarka,3,7,2025,0,0,None,26.1,9.2,22384
2025-07-03,Ambaji,3,7,2025,0,0,None,27.1,17.4,33921
2025-07-03,Pavagadh,3,7,2025,0,0,None,30.1,9.5,18537
2025-07-04,Somnath,4,7,2025,0,0,None,29.9,26.5,20376
2025-07-04,Dwarka,4,7,2025,0,0,None,31.5,11.3,21481
2025-07-04,Ambaji,4,7,2025,0,0,None,31.8,0.0,36802
2025-07-04,Pavagadh,4,7,2025,0,0,None,27.2,0.4,20554
2025-07-05,Somnath,5,7,2025,1,0,None,28.2,15.2,33954
2025-07-05,Dwarka,5,7,2025,1,0,None,31.5,1.5,32240
2025-07-05,Ambaji,5,7,2025,1,0,None,31.6,39.1,30715
2025-07-05,Pavagadh,5,7,2025,1,0,None,28.3,1.0,29388
2025-07-06,Somnath,6,7,2025,1,0,None,29.2,0.0,36392
2025-07-06,Dwarka,6,7,2025,1,0,None,31.1,16.9,26665
2025-07-06,Ambaji,6,7,2025,1,0,None,31.1,6.1,51068
2025-07-06,Pavagadh,6,7,2025,1,0,None,26.5,0.0,30492
2025-07-07,Somnath,0,7,2025,0,0,None,29.2,7.0,22522
2025-07-07,Dwarka,0,7,2025,0,0,None,26.2,39.8,18427
2025-07-07,Ambaji,0,7,2025,0,0,None,27.1,4.4,37861
2025-07-07,Pavagadh,0,7,2025,0,0,None,29.1,0.0,20027
2025-07-08,Somnath,1,7,2025,0,0,None,29.7,0.0,22656
2025-07-08,Dwarka,1,7,2025,0,0,None,28.7,0.0,21952
2025-07-08,Ambaji,1,7,2025,0,0,None,28.6,7.2,35107
2025-07-08,Pavagadh,1,7,2025,0,0,None,26.8,0.0,18136
2025-07-09,Somnath,2,7,2025,0,0,None,28.9,0.9,25758
2025-07-09,Dwarka,2,7,2025,0,0,None,31.9,0.0,20917
2025-07-09,Ambaji,2,7,2025,0,0,None,29.0,11.4,32196
2025-07-09,Pavagadh,2,7,2025,0,0,None,30.8,0.1,21446
2025-07-10,Somnath,3,7,2025,0,0,None,31.7,4.9,26208
2025-07-10,Dwarka,3,7,2025,0,0,None,29.2,0.0,21512
2025-07-10,Ambaji,3,7,2025,0,0,None,26.0,12.5,36764
2025-07-10,Pavagadh,3,7,2025,0,0,None,30.7,0.0,18916
2025-07-11,Somnath,4,7,2025,0,0,None,30.4,0.0,26681
2025-07-11,Dwarka,4,7,2025,0,0,None,28.5,0.0,22226
2025-07-11,Ambaji,4,7,2025,0,0,None,29.6,17.2,36470
2025-07-11,Pavagadh,4,7,2025,0,0,None,27.2,8.2,20995
2025-07-12,Somnath,5,7,2025,1,0,None,30.0,15.9,32004
2025-07-12,Dwarka,5,7,2025,1,0,None,27.4,17.6,31679
2025-07-12,Ambaji,5,7,2025,1,0,None,31.6,0.0,42478
2025-07-12,Pavagadh,5,7,2025,1,0,None,30.3,0.0,26016
2025-07-13,Somnath,6,7,2025,1,0,None,31.4,27.1,26610
2025-07-13,Dwarka,6,7,2025,1,0,None,28.8,4.4,30398
2025-07-13,Ambaji,6,7,2025,1,0,None,29.7,0.0,47940
2025-07-13,Pavagadh,6,7,2025,1,0,None,29.9,0.0,26539
2025-07-14,Somnath,0,7,2025,0,0,None,27.7,24.4,21877
2025-07-14,Dwarka,0,7,2025,0,0,None,28.9,0.0,22281
2025-07-14,Ambaji,0,7,2025,0,0,None,28.9,0.0,32792
2025-07-14,Pavagadh,0,7,2025,0,0,None,26.9,0.0,21482
2025-07-15,Somnath,1,7,2025,0,0,None,26.4,0.0,24622
2025-07-15,Dwarka,1,7,2025,0,0,None,30.2,54.2,18092
2025-07-15,Ambaji,1,7,2025,0,0,None,31.4,0.0,34728
2025-07-15,Pavagadh,1,7,2025,0,0,None,31.7,0.0,18868
2025-07-16,Somnath,2,7,2025,0,0,None,26.4,10.1,22963
2025-07-16,Dwarka,2,7,2025,0,0,None,26.8,0.0,23044
2025-07-16,Ambaji,2,7,2025,0,0,None,31.2,0.0,34147
2025-07-16,Pavagadh,2,7,2025,0,0,None,30.1,12.0,18839
2025-07-17,Somnath,3,7,2025,0,0,None,27.0,13.0,27249
2025-07-17,Dwarka,3,7,2025,0,0,None,26.7,17.4,21981
2025-07-17,Ambaji,3,7,2025,0,0,None,31.5,0.4,34181
2025-07-17,Pavagadh,3,7,2025,0,0,None,29.3,2.8,21219
2025-07-18,Somnath,4,7,2025,0,0,None,27.1,46.3,20272
2025-07-18,Dwarka,4,7,2025,0,0,None,28.2,19.9,23419
2025-07-18,Ambaji,4,7,2025,0,0,None,29.9,0.0,32118
2025-07-18,Pavagadh,4,7,2025,0,0,None,26.1,0.0,19046
2025-07-19,Somnath,5,7,2025,1,0,None,31.3,9.8,38117
2025-07-19,Dwarka,5,7,2025,1,0,None,30.2,0.0,33500
2025-07-19,Ambaji,5,7,2025,1,0,None,31.3,24.5,31007
2025-07-19,Pavagadh,5,7,2025,1,0,None,30.0,1.4,29710
2025-07-20,Somnath,6,7,2025,1,0,None,26.7,5.3,36930
2025-07-20,Dwarka,6,7,2025,1,0,None,29.5,24.1,27071
2025-07-20,Ambaji,6,7,2025,1,0,None,31.0,1.8,45474
2025-07-20,Pavagadh,6,7,2025,1,0,None,27.6,7.8,27846
2025-07-21,Somnath,0,7,2025,0,0,None,32.0,10.9,23161
2025-07-21,Dwarka,0,7,2025,0,0,None,29.5,0.0,23097
2025-07-21,Ambaji,0,7,2025,0,0,None,27.5,8.3,32185
2025-07-21,Pavagadh,0,7,2025,0,0,None,31.3,10.2,19164
2025-07-22,Somnath,1,7,2025,0,0,None,26.9,0.0,22686
2025-07-22,Dwarka,1,7,2025,0,0,None,28.4,0.0,21158
2025-07-22,Ambaji,1,7,2025,0,0,None,28.7,79.7,23487
2025-07-22,Pavagadh,1,7,2025,0,0,None,30.2,5.1,21289
2025-07-23,Somnath,2,7,2025,0,0,None,28.6,43.5,18876
2025-07-23,Dwarka,2,7,2025,0,0,None,30.7,0.0,21417
2025-07-23,Ambaji,2,7,2025,0,0,None,29.2,11.5,35632
2025-07-23,Pavagadh,2,7,2025,0,0,None,31.2,26.2,12557
2025-07-24,Somnath,3,7,2025,0,0,None,28.4,18.2,27451
2025-07-24,Dwarka,3,7,2025,0,0,None,28.4,0.0,22380
2025-07-24,Ambaji,3,7,2025,0,0,None,31.2,21.5,23337
2025-07-24,Pavagadh,3,7,2025,0,0,None,30.7,11.1,19198
2025-07-25,Somnath,4,7,2025,0,0,None,28.1,5.0,25967
2025-07-25,Dwarka,4,7,2025,0,0,None,29.9,17.6,21080
2025-07-25,Ambaji,4,7,2025,0,0,None,27.2,0.0,34040
2025-07-25,Pavagadh,4,7,2025,0,0,None,29.4,14.3,18831
2025-07-26,Somnath,5,7,2025,1,0,None,27.0,23.4,23045
2025-07-26,Dwarka,5,7,2025,1,0,None,28.5,5.2,30906
2025-07-26,Ambaji,5,7,2025,1,0,None,28.8,0.0,47512
2025-07-26,Pavagadh,5,7,2025,1,0,None,28.2,0.0,28978
2025-07-27,Somnath,6,7,2025,1,0,None,27.3,50.4,30594
2025-07-27,Dwarka,6,7,2025,1,0,None,27.6,0.0,29096
2025-07-27,Ambaji,6,7,2025,1,0,None,28.1,9.6,50552
2025-07-27,Pavagadh,6,7,2025,1,0,None,30.2,0.0,30142
2025-07-28,Somnath,0,7,2025,0,0,None,28.4,0.9,24888
2025-07-28,Dwarka,0,7,2025,0,0,None,30.0,0.0,23992
2025-07-28,Ambaji,0,7,2025,0,0,None,28.3,0.0,37715
2025-07-28,Pavagadh,0,7,2025,0,0,None,28.4,38.5,12348
2025-07-29,Somnath,1,7,2025,0,0,None,31.6,1.7,26608
2025-07-29,Dwarka,1,7,2025,0,0,None,30.9,11.9,21943
2025-07-29,Ambaji,1,7,2025,0,0,None,31.1,8.3,35733
2025-07-29,Pavagadh,1,7,2025,0,0,None,29.1,0.0,21842
2025-07-30,Somnath,2,7,2025,0,0,None,26.5,0.1,24589
2025-07-30,Dwarka,2,7,2025,0,0,None,30.0,1.0,20662
2025-07-30,Ambaji,2,7,2025,0,0,None,27.0,17.0,33714
2025-07-30,Pavagadh,2,7,2025,0,0,None,26.8,0.0,21433
2025-07-31,Somnath,3,7,2025,0,0,None,27.7,1.3,23638
2025-07-31,Dwarka,3,7,2025,0,0,None,30.6,13.9,23963
2025-07-31,Ambaji,3,7,2025,0,0,None,30.3,6.9,32833
2025-07-31,Pavagadh,3,7,2025,0,0,None,30.5,1.0,18419
2025-08-01,Somnath,4,8,2025,0,0,None,27.5,0.0,26806
2025-08-01,Dwarka,4,8,2025,0,0,None,32.0,0.0,20442
2025-08-01,Ambaji,4,8,2025,0,0,None,27.7,1.8,35474
2025-08-01,Pavagadh,4,8,2025,0,0,None,31.4,0.0,21202
2025-08-02,Somnath,5,8,2025,1,0,None,29.0,41.6,27778
2025-08-02,Dwarka,5,8,2025,1,0,None,26.6,0.0,29433
2025-08-02,Ambaji,5,8,2025,1,0,None,29.8,0.0,41573
2025-08-02,Pavagadh,5,8,2025,1,0,None,30.2,3.0,31672
2025-08-03,Somnath,6,8,2025,1,0,None,29.5,0.0,36351
2025-08-03,Dwarka,6,8,2025,1,0,None,32.0,0.0,32830
2025-08-03,Ambaji,6,8,2025,1,0,None,30.0,11.7,46974
2025-08-03,Pavagadh,6,8,2025,1,0,None,28.6,23.2,14998
2025-08-04,Somnath,0,8,2025,0,0,None,28.8,0.0,24722
2025-08-04,Dwarka,0,8,2025,0,0,None,29.3,0.0,21511
2025-08-04,Ambaji,0,8,2025,0,0,None,28.1,13.1,36448
2025-08-04,Pavagadh,0,8,2025,0,0,None,29.5,4.6,18637
2025-08-05,Somnath,1,8,2025,0,0,None,26.3,2.6,25953
2025-08-05,Dwarka,1,8,2025,0,0,None,31.8,33.5,19240
2025-08-05,Ambaji,1,8,2025,0,0,None,26.9,0.0,38205
2025-08-05,Pavagadh,1,8,2025,0,0,None,31.4,0.0,18361
2025-08-06,Somnath,2,8,2025,0,0,None,27.3,0.0,23647
2025-08-06,Dwarka,2,8,2025,0,0,None,28.1,14.8,22278
2025-08-06,Ambaji,2,8,2025,0,0,None,31.8,0.0,35041
2025-08-06,Pavagadh,2,8,2025,0,0,None,29.7,2.1,21471
2025-08-07,Somnath,3,8,2025,0,0,None,29.3,1.1,25826
2025-08-07,Dwarka,3,8,2025,0,0,None,28.4,31.4,16954
2025-08-07,Ambaji,3,8,2025,0,0,None,30.8,0.0,37230
2025-08-07,Pavagadh,3,8,2025,0,0,None,31.4,42.3,9542
2025-08-08,Somnath,4,8,2025,0,0,None,26.5,0.0,24619
2025-08-08,Dwarka,4,8,2025,0,0,None,27.9,2.5,22501
2025-08-08,Ambaji,4,8,2025,0,0,None,26.3,22.4,22004
2025-08-08,Pavagadh,4,8,2025,0,0,None,27.6,19.1,21312
2025-08-09,Somnath,5,8,2025,1,0,None,29.0,0.0,32691
2025-08-09,Dwarka,5,8,2025,1,0,None,28.8,9.6,27409
2025-08-09,Ambaji,5,8,2025,1,0,None,31.3,3.8,53266
2025-08-09,Pavagadh,5,8,2025,1,0,None,29.5,0.0,26533
2025-08-10,Somnath,6,8,2025,1,0,None,28.5,0.0,35190
2025-08-10,Dwarka,6,8,2025,1,0,None,27.6,13.6,32170
2025-08-10,Ambaji,6,8,2025,1,0,None,31.9,0.0,50073
2025-08-10,Pavagadh,6,8,2025,1,0,None,30.9,0.0,26070
2025-08-11,Somnath,0,8,2025,0,0,None,28.9,0.0,26861
2025-08-11,Dwarka,0,8,2025,0,0,None,29.8,0.0,20960
2025-08-11,Ambaji,0,8,2025,0,0,None,30.4,0.0,33060
2025-08-11,Pavagadh,0,8,2025,0,0,None,31.7,23.7,12579
2025-08-12,Somnath,1,8,2025,0,0,None,26.8,0.4,23486
2025-08-12,Dwarka,1,8,2025,0,0,None,27.7,25.7,17741
2025-08-12,Ambaji,1,8,2025,0,0,None,31.5,0.0,31851
2025-08-12,Pavagadh,1,8,2025,0,0,None,27.1,1.1,19355
2025-08-13,Somnath,2,8,2025,0,0,None,30.4,7.5,24469
2025-08-13,Dwarka,2,8,2025,0,0,None,29.5,0.0,24126
2025-08-13,Ambaji,2,8,2025,0,0,None,29.6,17.2,36176
2025-08-13,Pavagadh,2,8,2025,0,0,None,29.1,0.0,19965
2025-08-14,Somnath,3,8,2025,0,0,None,32.0,8.8,24485
2025-08-14,Dwarka,3,8,2025,0,0,None,30.6,8.5,22870
2025-08-14,Ambaji,3,8,2025,0,0,None,29.6,8.6,36764
2025-08-14,Pavagadh,3,8,2025,0,0,None,29.9,0.0,20931
2025-08-15,Somnath,4,8,2025,0,1,None,26.8,0.0,34538
2025-08-15,Dwarka,4,8,2025,0,1,None,28.5,0.0,32908
2025-08-15,Ambaji,4,8,2025,0,1,None,27.2,0.0,56831
2025-08-15,Pavagadh,4,8,2025,0,1,None,29.9,34.7,18417
2025-08-16,Somnath,5,8,2025,1,0,None,31.3,7.4,33312
2025-08-16,Dwarka,5,8,2025,1,0,None,29.8,3.4,33361
2025-08-16,Ambaji,5,8,2025,1,0,None,28.8,5.5,48296
2025-08-16,Pavagadh,5,8,2025,1,0,None,27.0,0.0,30751
2025-08-17,Somnath,6,8,2025,1,0,None,26.9,3.0,34933
2025-08-17,Dwarka,6,8,2025,1,0,None,26.3,29.6,23974
2025-08-17,Ambaji,6,8,2025,1,0,None,31.3,10.2,46926
2025-08-17,Pavagadh,6,8,2025,1,0,None,29.3,0.0,25504
2025-08-18,Somnath,0,8,2025,0,0,None,31.9,11.4,26230
2025-08-18,Dwarka,0,8,2025,0,0,None,28.3,1.0,20636
2025-08-18,Ambaji,0,8,2025,0,0,None,31.3,0.0,33632
2025-08-18,Pavagadh,0,8,2025,0,0,None,28.3,6.4,20615
2025-08-19,Somnath,1,8,2025,0,0,None,26.1,0.0,24003
2025-08-19,Dwarka,1,8,2025,0,0,None,31.2,22.5,17588
2025-08-19,Ambaji,1,8,2025,0,0,None,29.8,0.0,34832
2025-08-19,Pavagadh,1,8,2025,0,0,None,28.8,5.6,20192
2025-08-20,Somnath,2,8,2025,0,0,None,26.2,0.0,25749
2025-08-20,Dwarka,2,8,2025,0,0,None,28.7,14.9,19878
2025-08-20,Ambaji,2,8,2025,0,0,None,30.1,16.0,34341
2025-08-20,Pavagadh,2,8,2025,0,0,None,30.0,1.9,18989
2025-08-21,Somnath,3,8,2025,0,0,None,28.5,1.3,24125
2025-08-21,Dwarka,3,8,2025,0,0,None,30.2,49.6,16875
2025-08-21,Ambaji,3,8,2025,0,0,None,30.2,14.4,38124
2025-08-21,Pavagadh,3,8,2025,0,0,None,29.0,22.4,12308
2025-08-22,Somnath,4,8,2025,0,0,None,26.4,0.0,24386
2025-08-22,Dwarka,4,8,2025,0,0,None,27.9,0.0,23637
2025-08-22,Ambaji,4,8,2025,0,0,None,28.0,19.1,33840
2025-08-22,Pavagadh,4,8,2025,0,0,None,27.5,0.0,20262
2025-08-23,Somnath,5,8,2025,1,0,None,30.6,0.0,39204
2025-08-23,Dwarka,5,8,2025,1,0,None,29.0,0.0,34972
2025-08-23,Ambaji,5,8,2025,1,0,None,30.3,0.0,42712
2025-08-23,Pavagadh,5,8,2025,1,0,None,27.0,1.4,29117
2025-08-24,Somnath,6,8,2025,1,0,None,27.6,25.9,24106
2025-08-24,Dwarka,6,8,2025,1,0,None,26.4,0.0,34832
2025-08-24,Ambaji,6,8,2025,1,0,None,31.2,23.1,30506
2025-08-24,Pavagadh,6,8,2025,1,0,None,28.5,4.5,26686
2025-08-25,Somnath,0,8,2025,0,0,None,28.8,0.0,23151
2025-08-25,Dwarka,0,8,2025,0,0,None,27.5,0.0,23299
2025-08-25,Ambaji,0,8,2025,0,0,None,30.1,0.0,31597
2025-08-25,Pavagadh,0,8,2025,0,0,None,26.0,10.3,20279
2025-08-26,Somnath,1,8,2025,0,0,None,26.7,26.4,21872
2025-08-26,Dwarka,1,8,2025,0,0,None,27.4,0.0,23339
2025-08-26,Ambaji,1,8,2025,0,0,None,31.2,3.2,33082
2025-08-26,Pavagadh,1,8,2025,0,0,None,30.0,13.7,18082
2025-08-27,Somnath,2,8,2025,0,0,None,28.3,29.9,20399
2025-08-27,Dwarka,2,8,2025,0,0,None,29.8,15.2,20227
2025-08-27,Ambaji,2,8,2025,0,0,None,30.3,5.4,34095
2025-08-27,Pavagadh,2,8,2025,0,0,None,26.5,51.1,11399
2025-08-28,Somnath,3,8,2025,0,0,None,29.8,6.6,23197
2025-08-28,Dwarka,3,8,2025,0,0,None,29.8,0.0,23861
2025-08-28,Ambaji,3,8,2025,0,0,None,26.0,34.4,22719
2025-08-28,Pavagadh,3,8,2025,0,0,None,28.6,6.3,18571
2025-08-29,Somnath,4,8,2025,0,0,None,28.3,10.7,26736
2025-08-29,Dwarka,4,8,2025,0,0,None,27.9,54.6,16880
2025-08-29,Ambaji,4,8,2025,0,0,None,30.9,27.6,19737
2025-08-29,Pavagadh,4,8,2025,0,0,None,31.2,0.0,20461
2025-08-30,Somnath,5,8,2025,1,0,None,29.0,5.5,31252
2025-08-30,Dwarka,5,8,2025,1,0,None,27.7,1.8,30845
2025-08-30,Ambaji,5,8,2025,1,0,None,27.1,10.6,52459
2025-08-30,Pavagadh,5,8,2025,1,0,None,31.5,0.0,25483
2025-08-31,Somnath,6,8,2025,1,0,None,30.2,8.2,34321
2025-08-31,Dwarka,6,8,2025,1,0,None,31.5,15.0,34801
2025-08-31,Ambaji,6,8,2025,1,0,None,29.2,0.0,48846
2025-08-31,Pavagadh,6,8,2025,1,0,None,31.2,7.9,28543
2025-09-01,Somnath,0,9,2025,0,0,None,26.1,0.0,24231
2025-09-01,Dwarka,0,9,2025,0,0,None,26.6,0.0,20733
2025-09-01,Ambaji,0,9,2025,0,0,Bhadarvi Poonam,28.1,16.3,417649
2025-09-01,Pavagadh,0,9,2025,0,0,None,27.9,16.3,20518
2025-09-02,Somnath,1,9,2025,0,0,None,30.3,0.0,22987
2025-09-02,Dwarka,1,9,2025,0,0,None,27.0,0.0,21897
2025-09-02,Ambaji,1,9,2025,0,0,Bhadarvi Poonam,28.6,7.0,349931
2025-09-02,Pavagadh,1,9,2025,0,0,None,29.8,21.3,12538
2025-09-03,Somnath,2,9,2025,0,0,None,28.2,1.9,22898
2025-09-03,Dwarka,2,9,2025,0,0,None,26.1,0.0,24006
2025-09-03,Ambaji,2,9,2025,0,0,Bhadarvi Poonam,26.1,29.6,231844
2025-09-03,Pavagadh,2,9,2025,0,0,None,29.4,0.0,20612
2025-09-04,Somnath,3,9,2025,0,0,None,27.3,3.7,25047
2025-09-04,Dwarka,3,9,2025,0,0,None,26.2,7.0,21083
2025-09-04,Ambaji,3,9,2025,0,0,Bhadarvi Poonam,26.5,0.0,360142
2025-09-04,Pavagadh,3,9,2025,0,0,None,31.0,8.2,20883
2025-09-05,Somnath,4,9,2025,0,0,None,29.0,0.0,25357
2025-09-05,Dwarka,4,9,2025,0,0,None,29.8,0.0,20337
2025-09-05,Ambaji,4,9,2025,0,0,Bhadarvi Poonam,29.5,4.5,313915
2025-09-05,Pavagadh,4,9,2025,0,0,None,31.1,21.9,9781
2025-09-06,Somnath,5,9,2025,1,0,None,31.5,3.3,32112
2025-09-06,Dwarka,5,9,2025,1,0,None,28.2,9.5,31115
2025-09-06,Ambaji,5,9,2025,1,0,Bhadarvi Poonam,31.2,11.9,303977
2025-09-06,Pavagadh,5,9,2025,1,0,None,29.8,4.3,28932
2025-09-07,Somnath,6,9,2025,1,0,None,30.6,2.6,36565
2025-09-07,Dwarka,6,9,2025,1,0,None,28.7,0.6,27952
2025-09-07,Ambaji,6,9,2025,1,0,Bhadarvi Poonam,30.5,31.5,190101
2025-09-07,Pavagadh,6,9,2025,1,0,None,26.8,0.0,25468
2025-09-08,Somnath,0,9,2025,0,0,None,27.9,4.5,22778
2025-09-08,Dwarka,0,9,2025,0,0,None,27.5,0.0,23410
2025-09-08,Ambaji,0,9,2025,0,0,None,28.1,0.6,32135
2025-09-08,Pavagadh,0,9,2025,0,0,None,29.3,0.0,18351
2025-09-09,Somnath,1,9,2025,0,0,None,28.5,0.0,26193
2025-09-09,Dwarka,1,9,2025,0,0,None,27.2,44.3,16785
2025-09-09,Ambaji,1,9,2025,0,0,None,28.1,4.0,36178
2025-09-09,Pavagadh,1,9,2025,0,0,None,27.4,0.0,19431
2025-09-10,Somnath,2,9,2025,0,0,None,27.5,0.0,27326
2025-09-10,Dwarka,2,9,2025,0,0,None,31.2,9.1,22857
2025-09-10,Ambaji,2,9,2025,0,0,None,29.4,0.0,38325
2025-09-10,Pavagadh,2,9,2025,0,0,None,28.1,0.0,18376
2025-09-11,Somnath,3,9,2025,0,0,None,31.2,0.0,25104
2025-09-11,Dwarka,3,9,2025,0,0,None,30.9,0.0,22229
2025-09-11,Ambaji,3,9,2025,0,0,None,31.7,74.4,18238
2025-09-11,Pavagadh,3,9,2025,0,0,None,27.4,15.0,18138
2025-09-12,Somnath,4,9,2025,0,0,None,31.6,4.8,26817
2025-09-12,Dwarka,4,9,2025,0,0,None,30.6,0.0,20443
2025-09-12,Ambaji,4,9,2025,0,0,None,30.6,76.5,22436
2025-09-12,Pavagadh,4,9,2025,0,0,None,30.4,18.9,20389
2025-09-13,Somnath,5,9,2025,1,0,None,26.3,5.7,36619
2025-09-13,Dwarka,5,9,2025,1,0,None,29.7,0.0,29169
2025-09-13,Ambaji,5,9,2025,1,0,None,26.1,0.5,48432
2025-09-13,Pavagadh,5,9,2025,1,0,None,26.9,53.0,16461
2025-09-14,Somnath,6,9,2025,1,0,None,30.9,3.0,32119
2025-09-14,Dwarka,6,9,2025,1,0,None,31.8,0.0,29264
2025-09-14,Ambaji,6,9,2025,1,0,None,28.4,0.0,43644
2025-09-14,Pavagadh,6,9,2025,1,0,None,27.3,44.7,14577
2025-09-15,Somnath,0,9,2025,0,0,None,29.1,0.0,23843
2025-09-15,Dwarka,0,9,2025,0,0,Janmashtami,28.6,5.9,254242
2025-09-15,Ambaji,0,9,2025,0,0,None,28.7,0.0,36840
2025-09-15,Pavagadh,0,9,2025,0,0,None,27.1,28.3,11738
2025-09-16,Somnath,1,9,2025,0,0,None,27.8,2.7,24508
2025-09-16,Dwarka,1,9,2025,0,0,None,28.1,0.0,22200
2025-09-16,Ambaji,1,9,2025,0,0,None,29.8,0.0,35221
2025-09-16,Pavagadh,1,9,2025,0,0,None,30.6,0.0,19405
2025-09-17,Somnath,2,9,2025,0,0,None,26.5,0.0,25713
2025-09-17,Dwarka,2,9,2025,0,0,None,30.3,0.0,22497
2025-09-17,Ambaji,2,9,2025,0,0,None,28.8,0.0,36593
2025-09-17,Pavagadh,2,9,2025,0,0,None,31.1,35.3,12796
2025-09-18,Somnath,3,9,2025,0,0,None,26.5,0.0,24176
2025-09-18,Dwarka,3,9,2025,0,0,None,30.0,1.8,22131
2025-09-18,Ambaji,3,9,2025,0,0,None,28.7,0.0,35018
2025-09-18,Pavagadh,3,9,2025,0,0,None,28.9,0.0,20674
2025-09-19,Somnath,4,9,2025,0,0,None,32.0,17.5,23336
2025-09-19,Dwarka,4,9,2025,0,0,None,30.8,0.0,22993
2025-09-19,Ambaji,4,9,2025,0,0,None,26.7,0.0,38098
2025-09-19,Pavagadh,4,9,2025,0,0,None,28.2,33.0,11711
2025-09-20,Somnath,5,9,2025,1,0,None,29.6,0.0,34712
2025-09-20,Dwarka,5,9,2025,1,0,None,29.2,0.0,34168
2025-09-20,Ambaji,5,9,2025,1,0,None,28.5,0.0,49797
2025-09-20,Pavagadh,5,9,2025,1,0,None,29.4,9.0,31741
2025-09-21,Somnath,6,9,2025,1,0,None,27.2,8.5,38276
2025-09-21,Dwarka,6,9,2025,1,0,None,29.1,0.0,29044
2025-09-21,Ambaji,6,9,2025,1,0,None,30.2,0.0,46484
2025-09-21,Pavagadh,6,9,2025,1,0,None,27.4,0.0,29740
2025-09-22,Somnath,0,9,2025,0,0,None,29.1,18.0,25067
2025-09-22,Dwarka,0,9,2025,0,0,None,27.9,3.3,20511
2025-09-22,Ambaji,0,9,2025,0,0,None,29.5,0.0,33142
2025-09-22,Pavagadh,0,9,2025,0,0,None,30.2,0.0,20486
2025-09-23,Somnath,1,9,2025,0,0,None,30.7,1.2,24326
2025-09-23,Dwarka,1,9,2025,0,0,None,30.3,0.0,24002
2025-09-23,Ambaji,1,9,2025,0,0,None,29.8,23.9,19449
2025-09-23,Pavagadh,1,9,2025,0,0,None,28.2,2.7,21934
2025-09-24,Somnath,2,9,2025,0,0,None,29.7,4.7,24360
2025-09-24,Dwarka,2,9,2025,0,0,None,26.3,21.5,20011
2025-09-24,Ambaji,2,9,2025,0,0,None,26.4,0.0,33720
2025-09-24,Pavagadh,2,9,2025,0,0,None,28.0,64.4,13887
2025-09-25,Somnath,3,9,2025,0,0,None,26.5,0.0,25673
2025-09-25,Dwarka,3,9,2025,0,0,None,26.8,17.5,23335
2025-09-25,Ambaji,3,9,2025,0,0,None,31.1,11.5,36289
2025-09-25,Pavagadh,3,9,2025,0,0,None,30.7,20.2,10768
2025-09-26,Somnath,4,9,2025,0,0,None,26.5,1.5,27065
2025-09-26,Dwarka,4,9,2025,0,0,None,29.7,0.0,20880
2025-09-26,Ambaji,4,9,2025,0,0,None,30.1,0.0,33590
2025-09-26,Pavagadh,4,9,2025,0,0,None,26.6,0.0,19464
2025-09-27,Somnath,5,9,2025,1,0,None,27.6,0.0,36164
2025-09-27,Dwarka,5,9,2025,1,0,None,26.3,5.3,30726
2025-09-27,Ambaji,5,9,2025,1,0,None,26.1,0.0,44564
2025-09-27,Pavagadh,5,9,2025,1,0,None,30.2,19.2,31599
2025-09-28,Somnath,6,9,2025,1,0,None,28.1,1.4,34898
2025-09-28,Dwarka,6,9,2025,1,0,None,30.3,0.0,31776
2025-09-28,Ambaji,6,9,2025,1,0,None,26.6,0.0,48503
2025-09-28,Pavagadh,6,9,2025,1,0,None,27.8,18.3,31146
2025-09-29,Somnath,0,9,2025,0,0,None,27.9,3.1,26620
2025-09-29,Dwarka,0,9,2025,0,0,None,26.6,0.0,22444
2025-09-29,Ambaji,0,9,2025,0,0,None,29.5,0.0,36172
2025-09-29,Pavagadh,0,9,2025,0,0,None,27.8,2.9,19856
2025-09-30,Somnath,1,9,2025,0,0,None,26.7,0.0,23346
2025-09-30,Dwarka,1,9,2025,0,0,None,31.2,0.0,23722
2025-09-30,Ambaji,1,9,2025,0,0,None,26.5,0.0,37665
2025-09-30,Pavagadh,1,9,2025,0,0,None,26.3,0.0,19202
2025-10-01,Somnath,2,10,2025,0,0,None,20.1,0.0,22543
2025-10-01,Dwarka,2,10,2025,0,0,None,26.9,0.0,22095
2025-10-01,Ambaji,2,10,2025,0,0,None,24.2,0.0,33251
2025-10-01,Pavagadh,2,10,2025,0,0,None,25.2,0.0,20816
2025-10-02,Somnath,3,10,2025,0,1,None,27.2,0.0,36285
2025-10-02,Dwarka,3,10,2025,0,1,None,18.5,0.0,31935
2025-10-02,Ambaji,3,10,2025,0,1,None,20.5,0.0,56985
2025-10-02,Pavagadh,3,10,2025,0,1,None,27.5,0.0,28675
2025-10-03,Somnath,4,10,2025,0,0,None,24.3,0.0,26323
2025-10-03,Dwarka,4,10,2025,0,0,None,20.1,0.0,23036
2025-10-03,Ambaji,4,10,2025,0,0,None,19.3,0.0,33525
2025-10-03,Pavagadh,4,10,2025,0,0,None,22.9,0.0,18336
2025-10-04,Somnath,5,10,2025,1,0,None,25.7,0.0,31907
2025-10-04,Dwarka,5,10,2025,1,0,None,22.3,0.0,30726
2025-10-04,Ambaji,5,10,2025,1,0,None,27.2,0.0,43806
2025-10-04,Pavagadh,5,10,2025,1,0,None,19.1,0.0,26648
2025-10-05,Somnath,6,10,2025,1,0,None,20.8,0.0,35026
2025-10-05,Dwarka,6,10,2025,1,0,None,25.8,0.0,33860
2025-10-05,Ambaji,6,10,2025,1,0,None,18.3,0.0,54632
2025-10-05,Pavagadh,6,10,2025,1,0,None,19.3,0.0,28076
2025-10-06,Somnath,0,10,2025,0,0,None,26.6,0.0,22603
2025-10-06,Dwarka,0,10,2025,0,0,None,19.0,0.0,24123
2025-10-06,Ambaji,0,10,2025,0,0,None,26.4,0.0,34425
2025-10-06,Pavagadh,0,10,2025,0,0,None,27.9,0.0,19342
2025-10-07,Somnath,1,10,2025,0,0,None,25.5,0.0,25802
2025-10-07,Dwarka,1,10,2025,0,0,None,27.7,0.0,23298
2025-10-07,Ambaji,1,10,2025,0,0,None,23.9,0.0,32441
2025-10-07,Pavagadh,1,10,2025,0,0,None,25.2,0.0,18986
2025-10-08,Somnath,2,10,2025,0,0,None,21.2,0.0,27326
2025-10-08,Dwarka,2,10,2025,0,0,None,18.7,0.0,20693
2025-10-08,Ambaji,2,10,2025,0,0,None,22.2,0.0,38257
2025-10-08,Pavagadh,2,10,2025,0,0,None,23.6,0.0,21089
2025-10-09,Somnath,3,10,2025,0,0,None,24.6,0.0,27011
2025-10-09,Dwarka,3,10,2025,0,0,None,19.3,0.0,22105
2025-10-09,Ambaji,3,10,2025,0,0,None,20.7,0.0,33466
2025-10-09,Pavagadh,3,10,2025,0,0,None,22.8,0.0,18128
2025-10-10,Somnath,4,10,2025,0,0,None,19.8,0.0,24725
2025-10-10,Dwarka,4,10,2025,0,0,None,21.0,0.0,23809
2025-10-10,Ambaji,4,10,2025,0,0,None,18.4,0.0,37889
2025-10-10,Pavagadh,4,10,2025,0,0,None,19.8,0.0,19283
2025-10-11,Somnath,5,10,2025,1,0,None,25.4,0.0,31932
2025-10-11,Dwarka,5,10,2025,1,0,None,20.5,0.0,31651
2025-10-11,Ambaji,5,10,2025,1,0,None,27.1,0.0,46959
2025-10-11,Pavagadh,5,10,2025,1,0,None,20.7,0.0,27669
2025-10-12,Somnath,6,10,2025,1,0,None,27.7,0.0,37192
2025-10-12,Dwarka,6,10,2025,1,0,None,23.9,0.0,34218
2025-10-12,Ambaji,6,10,2025,1,0,None,18.3,0.0,52048
2025-10-12,Pavagadh,6,10,2025,1,0,None,19.3,0.0,29052
2025-10-13,Somnath,0,10,2025,0,0,None,22.9,0.0,26048
2025-10-13,Dwarka,0,10,2025,0,0,None,26.4,0.0,22941
2025-10-13,Ambaji,0,10,2025,0,0,None,19.8,0.0,32175
2025-10-13,Pavagadh,0,10,2025,0,0,None,20.2,0.0,18611
2025-10-14,Somnath,1,10,2025,0,0,None,22.1,0.0,25092
2025-10-14,Dwarka,1,10,2025,0,0,None,18.4,0.0,23354
2025-10-14,Ambaji,1,10,2025,0,0,None,26.1,0.0,34728
2025-10-14,Pavagadh,1,10,2025,0,0,None,19.8,0.0,21826
2025-10-15,Somnath,2,10,2025,0,0,None,20.9,0.0,24261
2025-10-15,Dwarka,2,10,2025,0,0,None,18.0,0.0,21605
2025-10-15,Ambaji,2,10,2025,0,0,None,25.6,0.0,38122
2025-10-15,Pavagadh,2,10,2025,0,0,None,22.4,0.0,19601
2025-10-16,Somnath,3,10,2025,0,0,None,21.0,0.0,26640
2025-10-16,Dwarka,3,10,2025,0,0,None,19.6,2.0,22808
2025-10-16,Ambaji,3,10,2025,0,0,None,25.8,2.0,35028
2025-10-16,Pavagadh,3,10,2025,0,0,None,18.7,0.0,21483
2025-10-17,Somnath,4,10,2025,0,0,None,19.6,0.0,23179
2025-10-17,Dwarka,4,10,2025,0,0,None,21.2,0.0,19810
2025-10-17,Ambaji,4,10,2025,0,0,None,26.0,0.0,37177
2025-10-17,Pavagadh,4,10,2025,0,0,None,18.8,0.0,21815
2025-10-18,Somnath,5,10,2025,1,0,Diwali Peak,19.2,0.0,119343
2025-10-18,Dwarka,5,10,2025,1,0,Diwali Peak,27.6,0.0,82767
2025-10-18,Ambaji,5,10,2025,1,0,Diwali Peak,21.0,0.0,145880
2025-10-18,Pavagadh,5,10,2025,1,0,Diwali Peak,23.9,0.0,89312
2025-10-19,Somnath,6,10,2025,1,0,Diwali Peak,27.2,0.0,114986
2025-10-19,Dwarka,6,10,2025,1,0,Diwali Peak,27.5,0.0,97249
2025-10-19,Ambaji,6,10,2025,1,0,Diwali Peak,18.4,0.0,158179
2025-10-19,Pavagadh,6,10,2025,1,0,Diwali Peak,18.5,0.0,67126
2025-10-20,Somnath,0,10,2025,0,0,Diwali Peak,24.4,0.0,75994
2025-10-20,Dwarka,0,10,2025,0,0,Diwali Peak,26.7,0.0,59330
2025-10-20,Ambaji,0,10,2025,0,0,Diwali Peak,27.5,0.0,108025
2025-10-20,Pavagadh,0,10,2025,0,0,Diwali Peak,26.4,0.0,63903
2025-10-21,Somnath,1,10,2025,0,0,Diwali Peak,27.6,0.0,78759
2025-10-21,Dwarka,1,10,2025,0,0,Diwali Peak,26.3,0.0,62995
2025-10-21,Ambaji,1,10,2025,0,0,Diwali Peak,24.4,0.0,90734
2025-10-21,Pavagadh,1,10,2025,0,0,Diwali Peak,22.5,0.0,62260
2025-10-22,Somnath,2,10,2025,0,0,Diwali Peak,20.4,0.0,75891
2025-10-22,Dwarka,2,10,2025,0,0,Diwali Peak,24.5,0.0,73795
2025-10-22,Ambaji,2,10,2025,0,0,Navratri,26.7,0.0,184650
2025-10-22,Pavagadh,2,10,2025,0,0,Navratri,20.9,0.0,190815
2025-10-23,Somnath,3,10,2025,0,0,Diwali Peak,18.9,0.0,66250
2025-10-23,Dwarka,3,10,2025,0,0,Diwali Peak,27.1,0.0,62352
2025-10-23,Ambaji,3,10,2025,0,0,Navratri,23.0,0.0,151200
2025-10-23,Pavagadh,3,10,2025,0,0,Navratri,20.8,0.0,189307
2025-10-24,Somnath,4,10,2025,0,0,None,20.1,0.0,27399
2025-10-24,Dwarka,4,10,2025,0,0,None,20.4,0.0,21448
2025-10-24,Ambaji,4,10,2025,0,0,Navratri,24.4,0.0,177648
2025-10-24,Pavagadh,4,10,2025,0,0,Navratri,26.4,0.0,178278
2025-10-25,Somnath,5,10,2025,1,0,None,27.9,0.0,35985
2025-10-25,Dwarka,5,10,2025,1,0,None,22.4,0.0,27904
2025-10-25,Ambaji,5,10,2025,1,0,Navratri,22.3,0.0,170196
2025-10-25,Pavagadh,5,10,2025,1,0,Navratri,18.8,0.0,219655
2025-10-26,Somnath,6,10,2025,1,0,None,23.3,0.0,33881
2025-10-26,Dwarka,6,10,2025,1,0,None,21.9,0.0,31744
2025-10-26,Ambaji,6,10,2025,1,0,Navratri,27.1,0.0,176009
2025-10-26,Pavagadh,6,10,2025,1,0,Navratri,24.4,0.0,171815
2025-10-27,Somnath,0,10,2025,0,0,None,21.1,2.0,26336
2025-10-27,Dwarka,0,10,2025,0,0,None,24.9,0.0,21773
2025-10-27,Ambaji,0,10,2025,0,0,Navratri,23.0,0.0,147968
2025-10-27,Pavagadh,0,10,2025,0,0,Navratri,18.7,0.0,154100
2025-10-28,Somnath,1,10,2025,0,0,None,24.7,0.0,24399
2025-10-28,Dwarka,1,10,2025,0,0,None,25.9,0.0,22642
2025-10-28,Ambaji,1,10,2025,0,0,Navratri,23.5,0.0,131331
2025-10-28,Pavagadh,1,10,2025,0,0,Navratri,19.0,0.0,192744
2025-10-29,Somnath,2,10,2025,0,0,None,25.1,0.0,25751
2025-10-29,Dwarka,2,10,2025,0,0,None,19.2,0.0,22856
2025-10-29,Ambaji,2,10,2025,0,0,Navratri,25.2,0.0,174449
2025-10-29,Pavagadh,2,10,2025,0,0,Navratri,26.8,0.0,210305
2025-10-30,Somnath,3,10,2025,0,0,None,22.9,0.0,24810
2025-10-30,Dwarka,3,10,2025,0,0,None,22.7,0.0,20729
2025-10-30,Ambaji,3,10,2025,0,0,Navratri,19.6,0.0,151480
2025-10-30,Pavagadh,3,10,2025,0,0,Navratri,23.1,0.0,212350
2025-10-31,Somnath,4,10,2025,0,0,None,22.8,0.0,25920
2025-10-31,Dwarka,4,10,2025,0,0,None,18.1,0.0,21585
2025-10-31,Ambaji,4,10,2025,0,0,None,22.5,0.0,32390
2025-10-31,Pavagadh,4,10,2025,0,0,None,22.0,0.0,21840
2025-11-01,Somnath,5,11,2025,1,0,None,27.4,0.0,38878
2025-11-01,Dwarka,5,11,2025,1,0,None,21.5,0.0,30676
2025-11-01,Ambaji,5,11,2025,1,0,None,18.4,0.0,45203
2025-11-01,Pavagadh,5,11,2025,1,0,None,26.7,0.0,31024
2025-11-02,Somnath,6,11,2025,1,0,None,24.8,0.0,31779
2025-11-02,Dwarka,6,11,2025,1,0,None,21.5,0.0,29274
2025-11-02,Ambaji,6,11,2025,1,0,None,19.9,0.0,42359
2025-11-02,Pavagadh,6,11,2025,1,0,None,22.3,0.0,30854
2025-11-03,Somnath,0,11,2025,0,0,None,22.3,0.0,24425
2025-11-03,Dwarka,0,11,2025,0,0,None,24.5,0.0,21879
2025-11-03,Ambaji,0,11,2025,0,0,None,24.9,0.0,35865
2025-11-03,Pavagadh,0,11,2025,0,0,None,20.4,0.0,20036
2025-11-04,Somnath,1,11,2025,0,0,None,20.1,0.0,27186
2025-11-04,Dwarka,1,11,2025,0,0,None,21.9,0.0,20573
2025-11-04,Ambaji,1,11,2025,0,0,None,21.9,0.0,34110
2025-11-04,Pavagadh,1,11,2025,0,0,None,24.2,0.0,18391
2025-11-05,Somnath,2,11,2025,0,0,None,25.0,0.0,22631
2025-11-05,Dwarka,2,11,2025,0,0,None,23.5,0.0,22923
2025-11-05,Ambaji,2,11,2025,0,0,None,21.9,0.0,35279
2025-11-05,Pavagadh,2,11,2025,0,0,None,22.1,0.0,21709
2025-11-06,Somnath,3,11,2025,0,0,None,26.1,0.0,23829
2025-11-06,Dwarka,3,11,2025,0,0,None,19.2,0.0,19995
2025-11-06,Ambaji,3,11,2025,0,0,None,24.7,0.0,34680
2025-11-06,Pavagadh,3,11,2025,0,0,None,24.6,0.0,18944
2025-11-07,Somnath,4,11,2025,0,0,None,26.8,0.0,25505
2025-11-07,Dwarka,4,11,2025,0,0,None,25.0,0.0,21453
2025-11-07,Ambaji,4,11,2025,0,0,None,19.6,0.0,34167
2025-11-07,Pavagadh,4,11,2025,0,0,None,24.9,0.0,21183
2025-11-08,Somnath,5,11,2025,1,0,None,19.1,0.0,37709
2025-11-08,Dwarka,5,11,2025,1,0,None,25.0,0.0,28363
2025-11-08,Ambaji,5,11,2025,1,0,None,20.5,0.0,52553
2025-11-08,Pavagadh,5,11,2025,1,0,None,25.3,0.0,31767
2025-11-09,Somnath,6,11,2025,1,0,None,24.3,0.0,32602
2025-11-09,Dwarka,6,11,2025,1,0,None,26.5,0.0,33833
2025-11-09,Ambaji,6,11,2025,1,0,None,26.4,0.0,42057
2025-11-09,Pavagadh,6,11,2025,1,0,None,19.3,0.0,25528
2025-11-10,Somnath,0,11,2025,0,0,None,25.4,0.0,25445
2025-11-10,Dwarka,0,11,2025,0,0,None,25.4,0.0,24172
2025-11-10,Ambaji,0,11,2025,0,0,None,22.3,0.0,32908
2025-11-10,Pavagadh,0,11,2025,0,0,None,23.0,0.0,21787
2025-11-11,Somnath,1,11,2025,0,0,None,27.7,0.0,25526
2025-11-11,Dwarka,1,11,2025,0,0,None,23.8,0.0,20469
2025-11-11,Ambaji,1,11,2025,0,0,None,18.7,0.0,32803
2025-11-11,Pavagadh,1,11,2025,0,0,None,26.9,0.0,20473
2025-11-12,Somnath,2,11,2025,0,0,None,18.5,0.0,25605
2025-11-12,Dwarka,2,11,2025,0,0,None,22.4,0.0,23574
2025-11-12,Ambaji,2,11,2025,0,0,None,25.6,0.0,33335
2025-11-12,Pavagadh,2,11,2025,0,0,None,22.8,0.0,21279
2025-11-13,Somnath,3,11,2025,0,0,None,18.3,0.0,23352
2025-11-13,Dwarka,3,11,2025,0,0,None,23.7,0.0,22269
2025-11-13,Ambaji,3,11,2025,0,0,None,22.0,0.0,33635
2025-11-13,Pavagadh,3,11,2025,0,0,None,26.4,0.0,21293
2025-11-14,Somnath,4,11,2025,0,0,None,20.8,0.0,22683
2025-11-14,Dwarka,4,11,2025,0,0,None,20.1,0.0,21589
2025-11-14,Ambaji,4,11,2025,0,0,None,19.1,0.0,35778
2025-11-14,Pavagadh,4,11,2025,0,0,None,21.1,0.0,19723
2025-11-15,Somnath,5,11,2025,1,0,None,21.1,0.0,35721
2025-11-15,Dwarka,5,11,2025,1,0,None,28.0,0.0,30223
2025-11-15,Ambaji,5,11,2025,1,0,None,25.5,0.0,50295
2025-11-15,Pavagadh,5,11,2025,1,0,None,27.6,2.0,29908
2025-11-16,Somnath,6,11,2025,1,0,None,26.2,0.0,39793
2025-11-16,Dwarka,6,11,2025,1,0,None,24.6,0.0,33606
2025-11-16,Ambaji,6,11,2025,1,0,None,21.1,0.0,52189
2025-11-16,Pavagadh,6,11,2025,1,0,None,25.9,0.0,26929
2025-11-17,Somnath,0,11,2025,0,0,None,23.8,0.0,27329
2025-11-17,Dwarka,0,11,2025,0,0,None,24.2,0.0,23555
2025-11-17,Ambaji,0,11,2025,0,0,None,21.4,0.0,35533
2025-11-17,Pavagadh,0,11,2025,0,0,None,27.7,0.0,21035
2025-11-18,Somnath,1,11,2025,0,0,None,23.8,0.0,26659
2025-11-18,Dwarka,1,11,2025,0,0,None,18.1,0.0,20595
2025-11-18,Ambaji,1,11,2025,0,0,None,22.6,0.0,31535
2025-11-18,Pavagadh,1,11,2025,0,0,None,22.9,0.0,21704
2025-11-19,Somnath,2,11,2025,0,0,None,24.6,0.0,24120
2025-11-19,Dwarka,2,11,2025,0,0,None,20.9,0.0,22014
2025-11-19,Ambaji,2,11,2025,0,0,None,22.6,0.0,32293
2025-11-19,Pavagadh,2,11,2025,0,0,None,20.3,0.0,21775
2025-11-20,Somnath,3,11,2025,0,0,None,27.7,0.0,23352
2025-11-20,Dwarka,3,11,2025,0,0,None,26.9,0.0,23951
2025-11-20,Ambaji,3,11,2025,0,0,None,21.8,0.0,36846
2025-11-20,Pavagadh,3,11,2025,0,0,None,20.4,0.0,21239
2025-11-21,Somnath,4,11,2025,0,0,None,27.8,0.0,26626
2025-11-21,Dwarka,4,11,2025,0,0,None,27.4,0.0,21341
2025-11-21,Ambaji,4,11,2025,0,0,None,20.2,0.0,36625
2025-11-21,Pavagadh,4,11,2025,0,0,None,19.5,0.0,19430
2025-11-22,Somnath,5,11,2025,1,0,None,18.6,0.0,35328
2025-11-22,Dwarka,5,11,2025,1,0,None,25.8,0.0,35302
2025-11-22,Ambaji,5,11,2025,1,0,None,19.9,0.0,45892
2025-11-22,Pavagadh,5,11,2025,1,0,None,24.6,0.0,23979
2025-11-23,Somnath,6,11,2025,1,0,None,22.2,0.0,35867
2025-11-23,Dwarka,6,11,2025,1,0,None,18.6,0.0,31281
2025-11-23,Ambaji,6,11,2025,1,0,None,27.7,0.0,55067
2025-11-23,Pavagadh,6,11,2025,1,0,None,18.0,0.0,29535
2025-11-24,Somnath,0,11,2025,0,0,None,23.5,0.0,24475
2025-11-24,Dwarka,0,11,2025,0,0,None,18.3,0.0,23173
2025-11-24,Ambaji,0,11,2025,0,0,None,25.9,0.0,33888
2025-11-24,Pavagadh,0,11,2025,0,0,None,18.2,0.0,19716
2025-11-25,Somnath,1,11,2025,0,0,None,24.0,0.0,23209
2025-11-25,Dwarka,1,11,2025,0,0,None,18.9,0.0,22644
2025-11-25,Ambaji,1,11,2025,0,0,None,24.2,0.0,32610
2025-11-25,Pavagadh,1,11,2025,0,0,None,19.7,0.0,19693
2025-11-26,Somnath,2,11,2025,0,0,None,26.7,0.0,25452
2025-11-26,Dwarka,2,11,2025,0,0,None,24.6,0.0,22546
2025-11-26,Ambaji,2,11,2025,0,0,None,20.3,0.0,36889
2025-11-26,Pavagadh,2,11,2025,0,0,None,24.4,0.0,19599
2025-11-27,Somnath,3,11,2025,0,0,None,22.7,0.0,24761
2025-11-27,Dwarka,3,11,2025,0,0,None,19.6,0.0,20023
2025-11-27,Ambaji,3,11,2025,0,0,None,27.5,0.0,34769
2025-11-27,Pavagadh,3,11,2025,0,0,None,18.3,0.0,20772
2025-11-28,Somnath,4,11,2025,0,0,None,19.1,0.0,22510
2025-11-28,Dwarka,4,11,2025,0,0,None,22.7,0.0,23875
2025-11-28,Ambaji,4,11,2025,0,0,None,22.9,0.0,37118
2025-11-28,Pavagadh,4,11,2025,0,0,None,21.0,0.0,20561
2025-11-29,Somnath,5,11,2025,1,0,None,19.0,0.0,33185
2025-11-29,Dwarka,5,11,2025,1,0,None,22.7,0.0,29841
2025-11-29,Ambaji,5,11,2025,1,0,None,21.5,0.0,49397
2025-11-29,Pavagadh,5,11,2025,1,0,None,25.5,0.0,26119
2025-11-30,Somnath,6,11,2025,1,0,None,20.9,0.0,32662
2025-11-30,Dwarka,6,11,2025,1,0,None,23.9,2.0,26755
2025-11-30,Ambaji,6,11,2025,1,0,None,27.9,0.0,53580
2025-11-30,Pavagadh,6,11,2025,1,0,None,21.1,0.0,28537
2025-12-01,Somnath,0,12,2025,0,0,None,26.4,0.0,24706
2025-12-01,Dwarka,0,12,2025,0,0,None,20.6,0.0,23823
2025-12-01,Ambaji,0,12,2025,0,0,None,26.6,0.0,33795
2025-12-01,Pavagadh,0,12,2025,0,0,None,25.8,0.0,20290
2025-12-02,Somnath,1,12,2025,0,0,None,22.2,0.0,23444
2025-12-02,Dwarka,1,12,2025,0,0,None,19.4,0.0,21034
2025-12-02,Ambaji,1,12,2025,0,0,None,19.7,0.0,32030
2025-12-02,Pavagadh,1,12,2025,0,0,None,21.4,0.0,21778
2025-12-03,Somnath,2,12,2025,0,0,None,21.5,0.0,24311
2025-12-03,Dwarka,2,12,2025,0,0,None,26.2,0.0,21083
2025-12-03,Ambaji,2,12,2025,0,0,None,27.2,0.0,38291
2025-12-03,Pavagadh,2,12,2025,0,0,None,26.3,0.0,20393
2025-12-04,Somnath,3,12,2025,0,0,None,20.2,0.0,24235
2025-12-04,Dwarka,3,12,2025,0,0,None,22.9,0.0,21103
2025-12-04,Ambaji,3,12,2025,0,0,None,23.3,0.0,33904
2025-12-04,Pavagadh,3,12,2025,0,0,None,22.7,0.0,19837
2025-12-05,Somnath,4,12,2025,0,0,None,23.1,0.0,26708
2025-12-05,Dwarka,4,12,2025,0,0,None,23.3,0.0,21355
2025-12-05,Ambaji,4,12,2025,0,0,None,20.5,0.0,32730
2025-12-05,Pavagadh,4,12,2025,0,0,None,27.0,0.0,20792
2025-12-06,Somnath,5,12,2025,1,0,None,23.7,0.0,38136
2025-12-06,Dwarka,5,12,2025,1,0,None,27.8,0.0,33123
2025-12-06,Ambaji,5,12,2025,1,0,None,20.7,0.0,50871
2025-12-06,Pavagadh,5,12,2025,1,0,None,20.7,0.0,26356
2025-12-07,Somnath,6,12,2025,1,0,None,27.1,0.0,33368
2025-12-07,Dwarka,6,12,2025,1,0,None,21.2,0.0,30145
2025-12-07,Ambaji,6,12,2025,1,0,None,19.1,0.0,53305
2025-12-07,Pavagadh,6,12,2025,1,0,None,19.8,0.0,25144
2025-12-08,Somnath,0,12,2025,0,0,None,21.5,0.0,27463
2025-12-08,Dwarka,0,12,2025,0,0,None,24.2,0.0,21736
2025-12-08,Ambaji,0,12,2025,0,0,None,18.2,0.0,36202
2025-12-08,Pavagadh,0,12,2025,0,0,None,24.5,0.0,21712
2025-12-09,Somnath,1,12,2025,0,0,None,21.9,0.0,27375
2025-12-09,Dwarka,1,12,2025,0,0,None,24.6,0.0,20774
2025-12-09,Ambaji,1,12,2025,0,0,None,21.2,0.0,33718
2025-12-09,Pavagadh,1,12,2025,0,0,None,26.8,0.0,21814
2025-12-10,Somnath,2,12,2025,0,0,None,21.2,0.0,23190
2025-12-10,Dwarka,2,12,2025,0,0,None,20.2,0.0,20596
2025-12-10,Ambaji,2,12,2025,0,0,None,21.8,0.0,32373
2025-12-10,Pavagadh,2,12,2025,0,0,None,18.8,0.0,20792
2025-12-11,Somnath,3,12,2025,0,0,None,27.1,0.0,27230
2025-12-11,Dwarka,3,12,2025,0,0,None,20.4,0.0,23492
2025-12-11,Ambaji,3,12,2025,0,0,None,26.1,0.0,35042
2025-12-11,Pavagadh,3,12,2025,0,0,None,18.2,0.0,18633
2025-12-12,Somnath,4,12,2025,0,0,None,18.5,0.0,23156
2025-12-12,Dwarka,4,12,2025,0,0,None,21.6,0.0,21600
2025-12-12,Ambaji,4,12,2025,0,0,None,19.4,0.0,37169
2025-12-12,Pavagadh,4,12,2025,0,0,None,20.8,0.0,19086
2025-12-13,Somnath,5,12,2025,1,0,None,24.9,0.0,34781
2025-12-13,Dwarka,5,12,2025,1,0,None,25.3,0.0,30311
2025-12-13,Ambaji,5,12,2025,1,0,None,24.6,0.0,49086
2025-12-13,Pavagadh,5,12,2025,1,0,None,18.3,0.0,28105
2025-12-14,Somnath,6,12,2025,1,0,None,21.5,0.0,31539
2025-12-14,Dwarka,6,12,2025,1,0,None,22.2,0.0,35507
2025-12-14,Ambaji,6,12,2025,1,0,None,22.5,0.0,44889
2025-12-14,Pavagadh,6,12,2025,1,0,None,22.0,0.0,27531
2025-12-15,Somnath,0,12,2025,0,0,None,23.2,0.0,25123
2025-12-15,Dwarka,0,12,2025,0,0,None,18.0,0.0,22005
2025-12-15,Ambaji,0,12,2025,0,0,None,19.0,0.0,31822
2025-12-15,Pavagadh,0,12,2025,0,0,None,23.3,0.0,19892
2025-12-16,Somnath,1,12,2025,0,0,None,21.1,0.0,24911
2025-12-16,Dwarka,1,12,2025,0,0,None,26.5,0.0,24065
2025-12-16,Ambaji,1,12,2025,0,0,None,20.6,0.0,34566
2025-12-16,Pavagadh,1,12,2025,0,0,None,22.3,0.0,18582
2025-12-17,Somnath,2,12,2025,0,0,None,22.8,0.0,22830
2025-12-17,Dwarka,2,12,2025,0,0,None,26.6,0.0,22690
2025-12-17,Ambaji,2,12,2025,0,0,None,27.3,0.0,37702
2025-12-17,Pavagadh,2,12,2025,0,0,None,18.7,0.0,20259
2025-12-18,Somnath,3,12,2025,0,0,None,24.9,0.0,25783
2025-12-18,Dwarka,3,12,2025,0,0,None,19.5,0.0,21865
2025-12-18,Ambaji,3,12,2025,0,0,None,24.0,0.0,36390
2025-12-18,Pavagadh,3,12,2025,0,0,None,23.9,0.0,18608
2025-12-19,Somnath,4,12,2025,0,0,None,24.1,0.0,26033
2025-12-19,Dwarka,4,12,2025,0,0,None,19.1,0.0,23201
2025-12-19,Ambaji,4,12,2025,0,0,None,26.3,0.0,32947
2025-12-19,Pavagadh,4,12,2025,0,0,None,27.6,0.0,21228
2025-12-20,Somnath,5,12,2025,1,0,None,20.2,0.0,30275
2025-12-20,Dwarka,5,12,2025,1,0,None,20.2,0.0,32473
2025-12-20,Ambaji,5,12,2025,1,0,None,25.0,0.0,43866
2025-12-20,Pavagadh,5,12,2025,1,0,None,20.4,0.0,28383
2025-12-21,Somnath,6,12,2025,1,0,None,26.2,0.0,34148
2025-12-21,Dwarka,6,12,2025,1,0,None,25.9,0.0,29370
2025-12-21,Ambaji,6,12,2025,1,0,None,19.3,0.0,49665
2025-12-21,Pavagadh,6,12,2025,1,0,None,26.7,0.0,26173
2025-12-22,Somnath,0,12,2025,0,0,None,21.2,0.0,26095
2025-12-22,Dwarka,0,12,2025,0,0,None,22.7,0.0,21604
2025-12-22,Ambaji,0,12,2025,0,0,None,26.0,0.0,32442
2025-12-22,Pavagadh,0,12,2025,0,0,None,25.6,0.0,20735
2025-12-23,Somnath,1,12,2025,0,0,None,25.2,0.0,26591
2025-12-23,Dwarka,1,12,2025,0,0,None,23.1,0.0,22305
2025-12-23,Ambaji,1,12,2025,0,0,None,23.1,0.0,37884
2025-12-23,Pavagadh,1,12,2025,0,0,None,20.4,0.0,18970
2025-12-24,Somnath,2,12,2025,0,0,None,18.9,0.0,23148
2025-12-24,Dwarka,2,12,2025,0,0,None,24.9,0.0,23483
2025-12-24,Ambaji,2,12,2025,0,0,None,25.7,0.0,34774
2025-12-24,Pavagadh,2,12,2025,0,0,None,18.3,0.0,20800
2025-12-25,Somnath,3,12,2025,0,1,None,20.3,0.0,32103
2025-12-25,Dwarka,3,12,2025,0,1,None,18.3,0.0,31222
2025-12-25,Ambaji,3,12,2025,0,1,None,28.0,2.0,55198
2025-12-25,Pavagadh,3,12,2025,0,1,None,27.3,0.0,30704
2025-12-26,Somnath,4,12,2025,0,0,None,20.3,0.0,25162
2025-12-26,Dwarka,4,12,2025,0,0,None,25.2,0.0,20135
2025-12-26,Ambaji,4,12,2025,0,0,None,26.7,0.0,35162
2025-12-26,Pavagadh,4,12,2025,0,0,None,24.6,0.0,19906
2025-12-27,Somnath,5,12,2025,1,0,None,20.6,0.0,39771
2025-12-27,Dwarka,5,12,2025,1,0,None,22.7,0.0,33413
2025-12-27,Ambaji,5,12,2025,1,0,None,22.0,0.0,48904
2025-12-27,Pavagadh,5,12,2025,1,0,None,24.1,0.0,29015
2025-12-28,Somnath,6,12,2025,1,0,None,24.3,0.0,33635
2025-12-28,Dwarka,6,12,2025,1,0,None,21.9,0.0,33155
2025-12-28,Ambaji,6,12,2025,1,0,None,25.0,0.0,46093
2025-12-28,Pavagadh,6,12,2025,1,0,None,22.0,0.0,26782
2025-12-29,Somnath,0,12,2025,0,0,None,26.8,0.0,26126
2025-12-29,Dwarka,0,12,2025,0,0,None,26.5,0.0,23141
2025-12-29,Ambaji,0,12,2025,0,0,None,18.6,0.0,33822
2025-12-29,Pavagadh,0,12,2025,0,0,None,20.0,0.0,18732
2025-12-30,Somnath,1,12,2025,0,0,None,27.8,0.0,27412
2025-12-30,Dwarka,1,12,2025,0,0,None,26.1,0.0,21419
2025-12-30,Ambaji,1,12,2025,0,0,None,23.0,0.0,35950
2025-12-30,Pavagadh,1,12,2025,0,0,None,25.9,0.0,19185
2025-12-31,Somnath,2,12,2025,0,0,None,23.1,0.0,26105
2025-12-31,Dwarka,2,12,2025,0,0,None,22.5,0.0,23862
2025-12-31,Ambaji,2,12,2025,0,0,None,19.3,2.0,38288
2025-12-31,Pavagadh,2,12,2025,0,0,None,24.3,0.0,18073
2026-01-01,Somnath,3,1,2026,0,0,None,27.7,0.0,27048
2026-01-01,Dwarka,3,1,2026,0,0,None,21.9,0.0,21638
2026-01-01,Ambaji,3,1,2026,0,0,None,21.6,0.0,36393
2026-01-01,Pavagadh,3,1,2026,0,0,None,26.4,0.0,21673
2026-01-02,Somnath,4,1,2026,0,0,None,25.4,0.0,26334
2026-01-02,Dwarka,4,1,2026,0,0,None,18.2,0.0,21260
2026-01-02,Ambaji,4,1,2026,0,0,None,24.0,0.0,35958
2026-01-02,Pavagadh,4,1,2026,0,0,None,24.7,0.0,19495
2026-01-03,Somnath,5,1,2026,1,0,None,23.5,0.0,32399
2026-01-03,Dwarka,5,1,2026,1,0,None,24.3,0.0,31366
2026-01-03,Ambaji,5,1,2026,1,0,None,20.9,0.0,43959
2026-01-03,Pavagadh,5,1,2026,1,0,None,25.8,0.0,24311
2026-01-04,Somnath,6,1,2026,1,0,None,22.7,0.0,32529
2026-01-04,Dwarka,6,1,2026,1,0,None,22.0,0.0,28997
2026-01-04,Ambaji,6,1,2026,1,0,None,23.7,0.0,46186
2026-01-04,Pavagadh,6,1,2026,1,0,None,26.4,0.0,30148
2026-01-05,Somnath,0,1,2026,0,0,None,23.2,0.0,23148
2026-01-05,Dwarka,0,1,2026,0,0,None,25.4,0.0,21949
2026-01-05,Ambaji,0,1,2026,0,0,None,18.1,0.0,32574
2026-01-05,Pavagadh,0,1,2026,0,0,None,23.6,0.0,20124
2026-01-06,Somnath,1,1,2026,0,0,None,24.3,0.0,22985
2026-01-06,Dwarka,1,1,2026,0,0,None,26.5,0.0,21050
2026-01-06,Ambaji,1,1,2026,0,0,None,27.4,0.0,36221
2026-01-06,Pavagadh,1,1,2026,0,0,None,20.2,0.0,20036
2026-01-07,Somnath,2,1,2026,0,0,None,24.4,0.0,25372
2026-01-07,Dwarka,2,1,2026,0,0,None,19.0,0.0,20874
2026-01-07,Ambaji,2,1,2026,0,0,None,20.5,0.0,33716
2026-01-07,Pavagadh,2,1,2026,0,0,None,20.9,0.0,20335
2026-01-08,Somnath,3,1,2026,0,0,None,20.6,0.0,26555
2026-01-08,Dwarka,3,1,2026,0,0,None,26.9,0.0,21698
2026-01-08,Ambaji,3,1,2026,0,0,None,25.6,0.0,32663
2026-01-08,Pavagadh,3,1,2026,0,0,None,26.6,0.0,19466
2026-01-09,Somnath,4,1,2026,0,0,None,20.9,0.0,23861
2026-01-09,Dwarka,4,1,2026,0,0,None,19.5,0.0,21962
2026-01-09,Ambaji,4,1,2026,0,0,None,22.7,0.0,35029
2026-01-09,Pavagadh,4,1,2026,0,0,None,25.4,0.0,19475
2026-01-10,Somnath,5,1,2026,1,0,None,19.8,0.0,34870
2026-01-10,Dwarka,5,1,2026,1,0,None,18.3,0.0,30083
2026-01-10,Ambaji,5,1,2026,1,0,None,24.4,0.0,44480
2026-01-10,Pavagadh,5,1,2026,1,0,None,20.3,0.0,25697
2026-01-11,Somnath,6,1,2026,1,0,None,19.0,0.0,32287
2026-01-11,Dwarka,6,1,2026,1,0,None,20.3,0.0,28878
2026-01-11,Ambaji,6,1,2026,1,0,None,21.6,0.0,52961
2026-01-11,Pavagadh,6,1,2026,1,0,None,21.8,0.0,27600
2026-01-12,Somnath,0,1,2026,0,0,None,26.8,2.0,24072
2026-01-12,Dwarka,0,1,2026,0,0,None,26.0,0.0,21840
2026-01-12,Ambaji,0,1,2026,0,0,None,21.9,0.0,37936
2026-01-12,Pavagadh,0,1,2026,0,0,None,25.4,0.0,21006
2026-01-13,Somnath,1,1,2026,0,0,None,25.2,0.0,23380
2026-01-13,Dwarka,1,1,2026,0,0,None,26.4,0.0,24186
2026-01-13,Ambaji,1,1,2026,0,0,None,18.2,0.0,36409
2026-01-13,Pavagadh,1,1,2026,0,0,None,23.8,0.0,18549
2026-01-14,Somnath,2,1,2026,0,0,None,18.0,0.0,24400
2026-01-14,Dwarka,2,1,2026,0,0,None,21.3,0.0,20167
2026-01-14,Ambaji,2,1,2026,0,0,None,22.4,0.0,35020
2026-01-14,Pavagadh,2,1,2026,0,0,None,19.3,0.0,20507
2026-01-15,Somnath,3,1,2026,0,0,None,18.1,0.0,25334
2026-01-15,Dwarka,3,1,2026,0,0,None,25.0,0.0,24014
2026-01-15,Ambaji,3,1,2026,0,0,None,23.9,0.0,37525
2026-01-15,Pavagadh,3,1,2026,0,0,None,26.6,0.0,19133
2026-01-16,Somnath,4,1,2026,0,0,None,20.5,0.0,26883
2026-01-16,Dwarka,4,1,2026,0,0,None,21.2,0.0,20238
2026-01-16,Ambaji,4,1,2026,0,0,None,27.9,0.0,35503
2026-01-16,Pavagadh,4,1,2026,0,0,None,25.7,0.0,20626
2026-01-17,Somnath,5,1,2026,1,0,None,19.7,0.0,36932
2026-01-17,Dwarka,5,1,2026,1,0,None,23.4,0.0,31821
2026-01-17,Ambaji,5,1,2026,1,0,None,26.4,0.0,47740
2026-01-17,Pavagadh,5,1,2026,1,0,None,23.8,0.0,30466
2026-01-18,Somnath,6,1,2026,1,0,None,23.8,0.0,36756
2026-01-18,Dwarka,6,1,2026,1,0,None,25.5,0.0,30472
2026-01-18,Ambaji,6,1,2026,1,0,None,18.6,0.0,46131
2026-01-18,Pavagadh,6,1,2026,1,0,None,24.2,0.0,25789
2026-01-19,Somnath,0,1,2026,0,0,None,25.7,0.0,25672
2026-01-19,Dwarka,0,1,2026,0,0,None,22.3,0.0,22101
2026-01-19,Ambaji,0,1,2026,0,0,None,25.8,0.0,34073
2026-01-19,Pavagadh,0,1,2026,0,0,None,19.4,0.0,21312
2026-01-20,Somnath,1,1,2026,0,0,None,23.6,0.0,25806
2026-01-20,Dwarka,1,1,2026,0,0,None,18.3,0.0,23854
2026-01-20,Ambaji,1,1,2026,0,0,None,24.0,0.0,32091
2026-01-20,Pavagadh,1,1,2026,0,0,None,20.3,0.0,21092
2026-01-21,Somnath,2,1,2026,0,0,None,22.8,0.0,23290
2026-01-21,Dwarka,2,1,2026,0,0,None,26.1,0.0,21283
2026-01-21,Ambaji,2,1,2026,0,0,None,20.4,0.0,32704
2026-01-21,Pavagadh,2,1,2026,0,0,None,22.9,0.0,20073
2026-01-22,Somnath,3,1,2026,0,0,None,25.3,0.0,23092
2026-01-22,Dwarka,3,1,2026,0,0,None,18.8,0.0,22203
2026-01-22,Ambaji,3,1,2026,0,0,None,19.0,0.0,35392
2026-01-22,Pavagadh,3,1,2026,0,0,None,25.5,0.0,19604
2026-01-23,Somnath,4,1,2026,0,0,None,26.1,0.0,24407
2026-01-23,Dwarka,4,1,2026,0,0,None,18.1,0.0,23546
2026-01-23,Ambaji,4,1,2026,0,0,None,18.3,0.0,37418
2026-01-23,Pavagadh,4,1,2026,0,0,None,22.9,0.0,21986
2026-01-24,Somnath,5,1,2026,1,0,None,18.6,0.0,35429
2026-01-24,Dwarka,5,1,2026,1,0,None,26.2,0.0,33367
2026-01-24,Ambaji,5,1,2026,1,0,None,22.7,0.0,43152
2026-01-24,Pavagadh,5,1,2026,1,0,None,25.2,0.0,31273
2026-01-25,Somnath,6,1,2026,1,0,None,26.9,0.0,34528
2026-01-25,Dwarka,6,1,2026,1,0,None,25.3,0.0,31675
2026-01-25,Ambaji,6,1,2026,1,0,None,18.1,0.0,45863
2026-01-25,Pavagadh,6,1,2026,1,0,None,22.1,0.0,30627
2026-01-26,Somnath,0,1,2026,0,1,None,25.2,0.0,40540
2026-01-26,Dwarka,0,1,2026,0,1,None,24.5,0.0,31167
2026-01-26,Ambaji,0,1,2026,0,1,None,27.6,0.0,51185
2026-01-26,Pavagadh,0,1,2026,0,1,None,22.9,0.0,31704
2026-01-27,Somnath,1,1,2026,0,0,None,27.7,0.0,26875
2026-01-27,Dwarka,1,1,2026,0,0,None,25.0,0.0,21738
2026-01-27,Ambaji,1,1,2026,0,0,None,23.1,0.0,37959
2026-01-27,Pavagadh,1,1,2026,0,0,None,22.5,0.0,19349
2026-01-28,Somnath,2,1,2026,0,0,None,23.8,0.0,27053
2026-01-28,Dwarka,2,1,2026,0,0,None,22.2,2.0,20281
2026-01-28,Ambaji,2,1,2026,0,0,None,19.9,0.0,37578
2026-01-28,Pavagadh,2,1,2026,0,0,None,21.5,0.0,19701
2026-01-29,Somnath,3,1,2026,0,0,None,26.5,0.0,24859
2026-01-29,Dwarka,3,1,2026,0,0,None,20.8,0.0,21653
2026-01-29,Ambaji,3,1,2026,0,0,None,21.3,0.0,36733
2026-01-29,Pavagadh,3,1,2026,0,0,None,21.6,2.0,21895
2026-01-30,Somnath,4,1,2026,0,0,None,27.2,0.0,24561
2026-01-30,Dwarka,4,1,2026,0,0,None,21.1,0.0,22579
2026-01-30,Ambaji,4,1,2026,0,0,None,23.5,0.0,35531
2026-01-30,Pavagadh,4,1,2026,0,0,None,19.4,0.0,19441
2026-01-31,Somnath,5,1,2026,1,0,None,23.2,0.0,35065
2026-01-31,Dwarka,5,1,2026,1,0,None,19.5,0.0,30675
2026-01-31,Ambaji,5,1,2026,1,0,None,22.1,0.0,45418
2026-01-31,Pavagadh,5,1,2026,1,0,None,22.8,0.0,25681
2026-02-01,Somnath,6,2,2026,1,0,None,26.9,0.0,34926
2026-02-01,Dwarka,6,2,2026,1,0,None,21.6,0.0,30298
2026-02-01,Ambaji,6,2,2026,1,0,None,18.8,0.0,54701
2026-02-01,Pavagadh,6,2,2026,1,0,None,22.8,0.0,28245
2026-02-02,Somnath,0,2,2026,0,0,None,20.4,0.0,25734
2026-02-02,Dwarka,0,2,2026,0,0,None,18.5,0.0,23408
2026-02-02,Ambaji,0,2,2026,0,0,None,20.7,0.0,32883
2026-02-02,Pavagadh,0,2,2026,0,0,None,24.3,0.0,18274
2026-02-03,Somnath,1,2,2026,0,0,None,24.8,0.0,22675
2026-02-03,Dwarka,1,2,2026,0,0,None,23.6,0.0,21692
2026-02-03,Ambaji,1,2,2026,0,0,None,27.0,0.0,31970
2026-02-03,Pavagadh,1,2,2026,0,0,None,24.7,0.0,21956
2026-02-04,Somnath,2,2,2026,0,0,None,20.3,0.0,24805
2026-02-04,Dwarka,2,2,2026,0,0,None,26.6,0.0,23197
2026-02-04,Ambaji,2,2,2026,0,0,None,19.6,0.0,32584
2026-02-04,Pavagadh,2,2,2026,0,0,None,27.5,0.0,19676
2026-02-05,Somnath,3,2,2026,0,0,None,18.8,0.0,25619
2026-02-05,Dwarka,3,2,2026,0,0,None,27.6,0.0,20569
2026-02-05,Ambaji,3,2,2026,0,0,None,21.8,0.0,33806
2026-02-05,Pavagadh,3,2,2026,0,0,None,25.1,0.0,20402
2026-02-06,Somnath,4,2,2026,0,0,None,22.0,0.0,25348
2026-02-06,Dwarka,4,2,2026,0,0,None,18.6,0.0,23258
2026-02-06,Ambaji,4,2,2026,0,0,None,22.4,0.0,31727
2026-02-06,Pavagadh,4,2,2026,0,0,None,23.0,0.0,19497
2026-02-07,Somnath,5,2,2026,1,0,None,26.2,0.0,33526
2026-02-07,Dwarka,5,2,2026,1,0,None,24.9,0.0,29753
2026-02-07,Ambaji,5,2,2026,1,0,None,25.6,0.0,50280
2026-02-07,Pavagadh,5,2,2026,1,0,None,26.3,0.0,31144
2026-02-08,Somnath,6,2,2026,1,0,None,22.9,0.0,35319
2026-02-08,Dwarka,6,2,2026,1,0,None,18.9,0.0,28117
2026-02-08,Ambaji,6,2,2026,1,0,None,24.5,0.0,52087
2026-02-08,Pavagadh,6,2,2026,1,0,None,18.9,0.0,26786
2026-02-09,Somnath,0,2,2026,0,0,None,27.0,0.0,24365
2026-02-09,Dwarka,0,2,2026,0,0,None,18.9,0.0,19955
2026-02-09,Ambaji,0,2,2026,0,0,None,22.3,0.0,33259
2026-02-09,Pavagadh,0,2,2026,0,0,None,19.1,0.0,19619
2026-02-10,Somnath,1,2,2026,0,0,None,22.3,0.0,23689
2026-02-10,Dwarka,1,2,2026,0,0,None,25.0,2.0,23602
2026-02-10,Ambaji,1,2,2026,0,0,None,24.4,0.0,38437
2026-02-10,Pavagadh,1,2,2026,0,0,None,23.7,0.0,21659
2026-02-11,Somnath,2,2,2026,0,0,None,26.4,0.0,27181
2026-02-11,Dwarka,2,2,2026,0,0,None,21.7,0.0,21310
2026-02-11,Ambaji,2,2,2026,0,0,None,21.2,0.0,35558
2026-02-11,Pavagadh,2,2,2026,0,0,None,22.3,0.0,20949
2026-02-12,Somnath,3,2,2026,0,0,None,18.0,0.0,26072
2026-02-12,Dwarka,3,2,2026,0,0,None,25.1,0.0,24049
2026-02-12,Ambaji,3,2,2026,0,0,None,18.0,0.0,37128
2026-02-12,Pavagadh,3,2,2026,0,0,None,25.4,0.0,20379
2026-02-13,Somnath,4,2,2026,0,0,None,23.3,0.0,25477
2026-02-13,Dwarka,4,2,2026,0,0,None,27.9,2.0,24119
2026-02-13,Ambaji,4,2,2026,0,0,None,23.5,0.0,35420
2026-02-13,Pavagadh,4,2,2026,0,0,None,24.2,0.0,20531
2026-02-14,Somnath,5,2,2026,1,0,None,24.2,0.0,35019
2026-02-14,Dwarka,5,2,2026,1,0,None,22.5,0.0,27335
2026-02-14,Ambaji,5,2,2026,1,0,None,21.2,0.0,47838
2026-02-14,Pavagadh,5,2,2026,1,0,None,26.2,0.0,25384
2026-02-15,Somnath,6,2,2026,1,0,Maha Shivratri,24.0,0.0,348045
2026-02-15,Dwarka,6,2,2026,1,0,None,25.3,0.0,29400
2026-02-15,Ambaji,6,2,2026,1,0,None,20.3,0.0,54901
2026-02-15,Pavagadh,6,2,2026,1,0,None,24.8,0.0,26891
2026-02-16,Somnath,0,2,2026,0,0,None,24.0,0.0,24422
2026-02-16,Dwarka,0,2,2026,0,0,None,26.9,0.0,20137
2026-02-16,Ambaji,0,2,2026,0,0,None,27.9,0.0,33007
2026-02-16,Pavagadh,0,2,2026,0,0,None,27.4,0.0,21221
2026-02-17,Somnath,1,2,2026,0,0,None,20.9,0.0,26661
2026-02-17,Dwarka,1,2,2026,0,0,None,23.2,0.0,24041
2026-02-17,Ambaji,1,2,2026,0,0,None,22.5,0.0,36559
2026-02-17,Pavagadh,1,2,2026,0,0,None,21.9,0.0,18161
2026-02-18,Somnath,2,2,2026,0,0,None,22.0,0.0,24646
2026-02-18,Dwarka,2,2,2026,0,0,None,20.6,0.0,23678
2026-02-18,Ambaji,2,2,2026,0,0,None,23.5,0.0,36200
2026-02-18,Pavagadh,2,2,2026,0,0,None,24.1,0.0,19564
2026-02-19,Somnath,3,2,2026,0,0,None,18.7,0.0,24598
2026-02-19,Dwarka,3,2,2026,0,0,None,22.3,0.0,20897
2026-02-19,Ambaji,3,2,2026,0,0,None,25.9,0.0,32265
2026-02-19,Pavagadh,3,2,2026,0,0,None,18.5,0.0,19949
2026-02-20,Somnath,4,2,2026,0,0,None,24.2,0.0,24669
2026-02-20,Dwarka,4,2,2026,0,0,None,18.7,0.0,23598
2026-02-20,Ambaji,4,2,2026,0,0,None,24.6,0.0,32773
2026-02-20,Pavagadh,4,2,2026,0,0,None,21.2,0.0,20632
2026-02-21,Somnath,5,2,2026,1,0,None,23.3,0.0,33116
2026-02-21,Dwarka,5,2,2026,1,0,None,26.2,0.0,28968
2026-02-21,Ambaji,5,2,2026,1,0,None,25.5,0.0,54175
2026-02-21,Pavagadh,5,2,2026,1,0,None,21.8,0.0,25947
2026-02-22,Somnath,6,2,2026,1,0,None,19.9,0.0,35720
2026-02-22,Dwarka,6,2,2026,1,0,None,25.3,0.0,33622
2026-02-22,Ambaji,6,2,2026,1,0,None,22.5,0.0,49354
2026-02-22,Pavagadh,6,2,2026,1,0,None,21.0,0.0,27294
2026-02-23,Somnath,0,2,2026,0,0,None,19.5,0.0,22580
2026-02-23,Dwarka,0,2,2026,0,0,None,24.3,0.0,22575
2026-02-23,Ambaji,0,2,2026,0,0,None,18.9,0.0,32272
2026-02-23,Pavagadh,0,2,2026,0,0,None,24.5,0.0,20468
2026-02-24,Somnath,1,2,2026,0,0,None,19.3,0.0,24581
2026-02-24,Dwarka,1,2,2026,0,0,None,19.3,0.0,21249
2026-02-24,Ambaji,1,2,2026,0,0,None,26.9,0.0,37035
2026-02-24,Pavagadh,1,2,2026,0,0,None,22.2,0.0,21497
2026-02-25,Somnath,2,2,2026,0,0,None,28.0,0.0,26481
2026-02-25,Dwarka,2,2,2026,0,0,None,18.7,0.0,22643
2026-02-25,Ambaji,2,2,2026,0,0,None,22.5,0.0,38263
2026-02-25,Pavagadh,2,2,2026,0,0,None,26.2,0.0,20399
2026-02-26,Somnath,3,2,2026,0,0,None,18.5,0.0,25541
2026-02-26,Dwarka,3,2,2026,0,0,None,25.1,0.0,21045
2026-02-26,Ambaji,3,2,2026,0,0,None,27.0,0.0,32043
2026-02-26,Pavagadh,3,2,2026,0,0,None,21.8,0.0,19409
2026-02-27,Somnath,4,2,2026,0,0,None,19.2,0.0,23158
2026-02-27,Dwarka,4,2,2026,0,0,None,27.2,0.0,21890
2026-02-27,Ambaji,4,2,2026,0,0,None,18.7,0.0,35645
2026-02-27,Pavagadh,4,2,2026,0,0,None,26.9,0.0,20768
2026-02-28,Somnath,5,2,2026,1,0,None,23.6,0.0,34392
2026-02-28,Dwarka,5,2,2026,1,0,None,21.4,2.0,32961
2026-02-28,Ambaji,5,2,2026,1,0,None,24.4,0.0,51332
2026-02-28,Pavagadh,5,2,2026,1,0,None,23.2,0.0,25995
2026-03-01,Somnath,6,3,2026,1,0,None,38.9,0.0,33070
2026-03-01,Dwarka,6,3,2026,1,0,None,38.0,0.0,31189
2026-03-01,Ambaji,6,3,2026,1,0,None,37.7,0.0,44903
2026-03-01,Pavagadh,6,3,2026,1,0,None,37.8,0.0,26565
2026-03-02,Somnath,0,3,2026,0,0,None,38.6,0.0,23667
2026-03-02,Dwarka,0,3,2026,0,0,None,42.0,0.0,19795
2026-03-02,Ambaji,0,3,2026,0,0,None,40.8,0.0,35696
2026-03-02,Pavagadh,0,3,2026,0,0,None,37.7,0.0,20832
2026-03-03,Somnath,1,3,2026,0,0,None,38.3,0.0,23343
2026-03-03,Dwarka,1,3,2026,0,0,None,32.2,1.0,23915
2026-03-03,Ambaji,1,3,2026,0,0,None,40.7,0.0,32555
2026-03-03,Pavagadh,1,3,2026,0,0,None,35.9,0.0,19340
2026-03-04,Somnath,2,3,2026,0,0,None,40.8,0.0,25649
2026-03-04,Dwarka,2,3,2026,0,0,None,42.2,0.0,19046
2026-03-04,Ambaji,2,3,2026,0,0,None,42.3,0.0,33083
2026-03-04,Pavagadh,2,3,2026,0,0,None,34.3,0.0,19831
2026-03-05,Somnath,3,3,2026,0,0,None,38.9,1.0,26541
2026-03-05,Dwarka,3,3,2026,0,0,None,35.3,0.0,24054
2026-03-05,Ambaji,3,3,2026,0,0,None,38.4,0.0,35889
2026-03-05,Pavagadh,3,3,2026,0,0,None,32.5,0.0,20530
2026-03-06,Somnath,4,3,2026,0,0,None,36.4,0.0,25777
2026-03-06,Dwarka,4,3,2026,0,0,None,41.5,0.0,20346
2026-03-06,Ambaji,4,3,2026,0,0,None,39.7,0.0,33649
2026-03-06,Pavagadh,4,3,2026,0,0,None,33.3,0.0,18484
2026-03-07,Somnath,5,3,2026,1,0,None,37.1,0.0,33959
2026-03-07,Dwarka,5,3,2026,1,0,None,41.9,0.0,27536
2026-03-07,Ambaji,5,3,2026,1,0,None,34.2,0.0,45593
2026-03-07,Pavagadh,5,3,2026,1,0,None,40.9,0.0,26384
2026-03-08,Somnath,6,3,2026,1,0,None,35.1,1.0,35009
2026-03-08,Dwarka,6,3,2026,1,0,None,37.5,0.0,30056
2026-03-08,Ambaji,6,3,2026,1,0,None,39.2,0.0,53879
2026-03-08,Pavagadh,6,3,2026,1,0,None,40.1,0.0,32025
2026-03-09,Somnath,0,3,2026,0,0,None,36.8,0.0,24928
2026-03-09,Dwarka,0,3,2026,0,0,None,35.1,0.0,20952
2026-03-09,Ambaji,0,3,2026,0,0,None,41.3,0.0,34330
2026-03-09,Pavagadh,0,3,2026,0,0,None,35.8,0.0,20268
2026-03-10,Somnath,1,3,2026,0,0,None,42.3,0.0,24383
2026-03-10,Dwarka,1,3,2026,0,0,None,37.8,0.0,21056
2026-03-10,Ambaji,1,3,2026,0,0,None,38.4,0.0,36970
2026-03-10,Pavagadh,1,3,2026,0,0,None,36.1,0.0,21130
2026-03-11,Somnath,2,3,2026,0,0,None,39.7,0.0,27405
2026-03-11,Dwarka,2,3,2026,0,0,None,36.4,0.0,23805
2026-03-11,Ambaji,2,3,2026,0,0,None,33.7,0.0,36427
2026-03-11,Pavagadh,2,3,2026,0,0,None,33.8,0.0,21498
2026-03-12,Somnath,3,3,2026,0,0,None,40.8,0.0,23306
2026-03-12,Dwarka,3,3,2026,0,0,None,34.1,0.0,22352
2026-03-12,Ambaji,3,3,2026,0,0,None,42.4,0.0,28903
2026-03-12,Pavagadh,3,3,2026,0,0,None,32.6,0.0,20296
2026-03-13,Somnath,4,3,2026,0,0,None,33.9,0.0,25482
2026-03-13,Dwarka,4,3,2026,0,0,None,41.5,0.0,20112
2026-03-13,Ambaji,4,3,2026,0,0,None,42.9,0.0,32512
2026-03-13,Pavagadh,4,3,2026,0,0,None,34.7,0.0,21931
2026-03-14,Somnath,5,3,2026,1,0,None,33.4,0.0,37548
2026-03-14,Dwarka,5,3,2026,1,0,None,32.0,0.0,26824
2026-03-14,Ambaji,5,3,2026,1,0,None,39.8,0.0,53527
2026-03-14,Pavagadh,5,3,2026,1,0,None,32.4,0.0,30997
2026-03-15,Somnath,6,3,2026,1,0,None,33.5,0.0,35383
2026-03-15,Dwarka,6,3,2026,1,0,None,40.3,0.0,32664
2026-03-15,Ambaji,6,3,2026,1,0,None,32.3,0.0,50137
2026-03-15,Pavagadh,6,3,2026,1,0,None,32.3,0.0,24786
2026-03-16,Somnath,0,3,2026,0,0,None,35.9,1.0,23873
2026-03-16,Dwarka,0,3,2026,0,0,None,38.4,0.0,20269
2026-03-16,Ambaji,0,3,2026,0,0,None,35.2,0.0,33573
2026-03-16,Pavagadh,0,3,2026,0,0,None,38.9,1.0,18277
2026-03-17,Somnath,1,3,2026,0,0,None,39.9,0.0,22505
2026-03-17,Dwarka,1,3,2026,0,0,None,33.5,0.0,20011
2026-03-17,Ambaji,1,3,2026,0,0,None,39.9,0.0,34968
2026-03-17,Pavagadh,1,3,2026,0,0,None,39.4,0.0,20317
2026-03-18,Somnath,2,3,2026,0,0,None,34.9,0.0,26591
2026-03-18,Dwarka,2,3,2026,0,0,None,35.7,0.0,20754
2026-03-18,Ambaji,2,3,2026,0,0,None,35.9,0.0,34975
2026-03-18,Pavagadh,2,3,2026,0,0,None,36.2,0.0,19859
2026-03-19,Somnath,3,3,2026,0,0,None,32.8,0.0,24968
2026-03-19,Dwarka,3,3,2026,0,0,None,39.6,0.0,20025
2026-03-19,Ambaji,3,3,2026,0,0,None,35.7,0.0,31847
2026-03-19,Pavagadh,3,3,2026,0,0,None,32.4,0.0,19802
2026-03-20,Somnath,4,3,2026,0,0,None,32.7,0.0,23722
2026-03-20,Dwarka,4,3,2026,0,0,None,35.3,0.0,22867
2026-03-20,Ambaji,4,3,2026,0,0,None,35.7,0.0,34425
2026-03-20,Pavagadh,4,3,2026,0,0,None,37.7,0.0,18931
2026-03-21,Somnath,5,3,2026,1,0,None,40.0,1.0,32811
2026-03-21,Dwarka,5,3,2026,1,0,None,33.6,0.0,29697
2026-03-21,Ambaji,5,3,2026,1,0,None,40.3,0.0,51508
2026-03-21,Pavagadh,5,3,2026,1,0,None,38.6,0.0,30867
2026-03-22,Somnath,6,3,2026,1,0,None,41.6,0.0,34392
2026-03-22,Dwarka,6,3,2026,1,0,None,33.9,0.0,27054
2026-03-22,Ambaji,6,3,2026,1,0,None,36.7,0.0,45966
2026-03-22,Pavagadh,6,3,2026,1,0,None,38.7,1.0,30795
2026-03-23,Somnath,0,3,2026,0,0,None,36.5,0.0,25464
2026-03-23,Dwarka,0,3,2026,0,0,None,39.7,0.0,20963
2026-03-23,Ambaji,0,3,2026,0,0,None,36.1,0.0,31599
2026-03-23,Pavagadh,0,3,2026,0,0,None,41.7,0.0,17287
2026-03-24,Somnath,1,3,2026,0,0,None,38.1,1.0,23571
2026-03-24,Dwarka,1,3,2026,0,0,None,35.8,0.0,21486
2026-03-24,Ambaji,1,3,2026,0,0,None,38.6,0.0,36218
2026-03-24,Pavagadh,1,3,2026,0,0,None,37.3,0.0,21794
2026-03-25,Somnath,2,3,2026,0,0,None,34.6,0.0,22803
2026-03-25,Dwarka,2,3,2026,0,0,None,42.1,1.0,18023
2026-03-25,Ambaji,2,3,2026,0,0,None,40.5,0.0,36404
2026-03-25,Pavagadh,2,3,2026,0,0,None,42.1,0.0,17691
2026-03-26,Somnath,3,3,2026,0,0,None,42.0,0.0,23471
2026-03-26,Dwarka,3,3,2026,0,0,None,38.1,0.0,23330
2026-03-26,Ambaji,3,3,2026,0,0,None,39.1,0.0,36344
2026-03-26,Pavagadh,3,3,2026,0,0,None,32.7,0.0,20571
2026-03-27,Somnath,4,3,2026,0,0,None,42.0,0.0,23510
2026-03-27,Dwarka,4,3,2026,0,0,None,42.6,0.0,17954
2026-03-27,Ambaji,4,3,2026,0,0,None,36.4,0.0,34914
2026-03-27,Pavagadh,4,3,2026,0,0,None,40.1,0.0,21880
2026-03-28,Somnath,5,3,2026,1,0,None,37.1,0.0,37846
2026-03-28,Dwarka,5,3,2026,1,0,None,33.1,0.0,30441
2026-03-28,Ambaji,5,3,2026,1,0,None,40.4,0.0,51598
2026-03-28,Pavagadh,5,3,2026,1,0,None,32.9,0.0,29028
2026-03-29,Somnath,6,3,2026,1,0,None,38.9,0.0,35678
2026-03-29,Dwarka,6,3,2026,1,0,None,32.7,0.0,31499
2026-03-29,Ambaji,6,3,2026,1,0,None,37.9,0.0,51749
2026-03-29,Pavagadh,6,3,2026,1,0,None,38.7,5.0,29682
2026-03-30,Somnath,0,3,2026,0,0,None,36.6,0.0,26672
2026-03-30,Dwarka,0,3,2026,0,0,None,42.4,0.0,19507
2026-03-30,Ambaji,0,3,2026,0,0,None,43.0,1.0,31562
2026-03-30,Pavagadh,0,3,2026,0,0,None,38.6,0.0,19778
2026-03-31,Somnath,1,3,2026,0,0,None,33.6,0.0,22563
2026-03-31,Dwarka,1,3,2026,0,0,None,41.6,1.0,19689
2026-03-31,Ambaji,1,3,2026,0,0,None,38.0,1.0,37087
2026-03-31,Pavagadh,1,3,2026,0,0,None,39.6,1.0,18641
2026-04-01,Somnath,2,4,2026,0,0,None,36.1,0.0,23007
2026-04-01,Dwarka,2,4,2026,0,0,None,42.3,0.0,19032
2026-04-01,Ambaji,2,4,2026,0,0,None,33.6,0.0,34465
2026-04-01,Pavagadh,2,4,2026,0,0,None,41.3,0.0,17254
2026-04-02,Somnath,3,4,2026,0,0,None,33.7,5.0,22628
2026-04-02,Dwarka,3,4,2026,0,0,None,35.4,0.0,22090
2026-04-02,Ambaji,3,4,2026,0,0,None,35.5,5.0,35834
2026-04-02,Pavagadh,3,4,2026,0,0,None,35.2,0.0,18600
2026-04-03,Somnath,4,4,2026,0,0,None,37.1,0.0,27418
2026-04-03,Dwarka,4,4,2026,0,0,None,36.2,0.0,22294
2026-04-03,Ambaji,4,4,2026,0,0,None,42.4,0.0,30642
2026-04-03,Pavagadh,4,4,2026,0,0,None,38.7,0.0,19502
2026-04-04,Somnath,5,4,2026,1,0,None,34.7,0.0,34174
2026-04-04,Dwarka,5,4,2026,1,0,None,33.1,0.0,31594
2026-04-04,Ambaji,5,4,2026,1,0,None,42.6,0.0,43621
2026-04-04,Pavagadh,5,4,2026,1,0,None,35.3,1.0,23970
2026-04-05,Somnath,6,4,2026,1,0,None,34.4,0.0,34255
2026-04-05,Dwarka,6,4,2026,1,0,None,38.4,0.0,28083
2026-04-05,Ambaji,6,4,2026,1,0,None,38.1,0.0,47534
2026-04-05,Pavagadh,6,4,2026,1,0,None,38.3,0.0,29367
2026-04-06,Somnath,0,4,2026,0,0,None,37.8,1.0,27217
2026-04-06,Dwarka,0,4,2026,0,0,None,40.0,1.0,23861
2026-04-06,Ambaji,0,4,2026,0,0,None,34.9,5.0,33372
2026-04-06,Pavagadh,0,4,2026,0,0,None,32.2,1.0,18894
2026-04-07,Somnath,1,4,2026,0,0,None,38.4,1.0,22747
2026-04-07,Dwarka,1,4,2026,0,0,None,35.0,0.0,23155
2026-04-07,Ambaji,1,4,2026,0,0,None,40.9,0.0,32679
2026-04-07,Pavagadh,1,4,2026,0,0,None,36.1,0.0,20861
2026-04-08,Somnath,2,4,2026,0,0,None,35.4,0.0,24103
2026-04-08,Dwarka,2,4,2026,0,0,None,41.8,1.0,18077
2026-04-08,Ambaji,2,4,2026,0,0,None,36.3,5.0,38109
2026-04-08,Pavagadh,2,4,2026,0,0,None,38.9,0.0,18764
2026-04-09,Somnath,3,4,2026,0,0,None,36.8,1.0,22973
2026-04-09,Dwarka,3,4,2026,0,0,None,40.7,0.0,22034
2026-04-09,Ambaji,3,4,2026,0,0,None,40.4,0.0,36930
2026-04-09,Pavagadh,3,4,2026,0,0,None,40.9,0.0,19456
2026-04-10,Somnath,4,4,2026,0,0,None,41.0,0.0,25072
2026-04-10,Dwarka,4,4,2026,0,0,None,42.1,0.0,18510
2026-04-10,Ambaji,4,4,2026,0,0,None,41.8,1.0,30782
2026-04-10,Pavagadh,4,4,2026,0,0,None,37.4,0.0,21252
2026-04-11,Somnath,5,4,2026,1,0,None,35.8,0.0,37529
2026-04-11,Dwarka,5,4,2026,1,0,None,37.6,0.0,28546
2026-04-11,Ambaji,5,4,2026,1,0,None,32.8,0.0,49553
2026-04-11,Pavagadh,5,4,2026,1,0,None,40.5,0.0,27487
2026-04-12,Somnath,6,4,2026,1,0,None,34.9,0.0,36567
2026-04-12,Dwarka,6,4,2026,1,0,None,34.8,0.0,33779
2026-04-12,Ambaji,6,4,2026,1,0,None,37.8,1.0,48135
2026-04-12,Pavagadh,6,4,2026,1,0,None,37.6,0.0,27315
2026-04-13,Somnath,0,4,2026,0,0,None,37.0,0.0,27226
2026-04-13,Dwarka,0,4,2026,0,0,None,41.9,0.0,21446
2026-04-13,Ambaji,0,4,2026,0,0,None,40.2,0.0,37771
2026-04-13,Pavagadh,0,4,2026,0,0,None,41.2,0.0,17281
2026-04-14,Somnath,1,4,2026,0,0,None,39.5,0.0,24117
2026-04-14,Dwarka,1,4,2026,0,0,None,36.4,1.0,21723
2026-04-14,Ambaji,1,4,2026,0,0,None,33.5,0.0,33156
2026-04-14,Pavagadh,1,4,2026,0,0,None,42.3,1.0,18586
2026-04-15,Somnath,2,4,2026,0,0,None,40.8,0.0,24371
2026-04-15,Dwarka,2,4,2026,0,0,None,39.1,0.0,22998
2026-04-15,Ambaji,2,4,2026,0,0,None,35.9,1.0,36152
2026-04-15,Pavagadh,2,4,2026,0,0,None,41.1,0.0,15869
2026-04-16,Somnath,3,4,2026,0,0,None,42.2,0.0,22326
2026-04-16,Dwarka,3,4,2026,0,0,None,36.7,0.0,20096
2026-04-16,Ambaji,3,4,2026,0,0,None,33.3,0.0,31877
2026-04-16,Pavagadh,3,4,2026,0,0,None,32.9,0.0,18456
2026-04-17,Somnath,4,4,2026,0,0,None,34.9,0.0,23061
2026-04-17,Dwarka,4,4,2026,0,0,None,42.0,0.0,19538
2026-04-17,Ambaji,4,4,2026,0,0,None,32.3,0.0,33801
2026-04-17,Pavagadh,4,4,2026,0,0,None,38.3,0.0,19828
2026-04-18,Somnath,5,4,2026,1,0,None,41.4,0.0,32288
2026-04-18,Dwarka,5,4,2026,1,0,None,32.6,0.0,33613
2026-04-18,Ambaji,5,4,2026,1,0,None,40.3,0.0,51848
2026-04-18,Pavagadh,5,4,2026,1,0,None,37.8,0.0,26774
2026-04-19,Somnath,6,4,2026,1,0,None,32.2,0.0,33909
2026-04-19,Dwarka,6,4,2026,1,0,None,38.9,0.0,31101
2026-04-19,Ambaji,6,4,2026,1,0,None,40.9,0.0,49619
2026-04-19,Pavagadh,6,4,2026,1,0,None,32.8,0.0,28523
2026-04-20,Somnath,0,4,2026,0,0,None,35.9,0.0,25264
2026-04-20,Dwarka,0,4,2026,0,0,None,41.0,0.0,20100
2026-04-20,Ambaji,0,4,2026,0,0,None,35.2,0.0,34327
2026-04-20,Pavagadh,0,4,2026,0,0,None,37.7,0.0,20210
2026-04-21,Somnath,1,4,2026,0,0,None,34.9,0.0,23501
2026-04-21,Dwarka,1,4,2026,0,0,None,36.0,0.0,22387
2026-04-21,Ambaji,1,4,2026,0,0,None,42.4,0.0,29356
2026-04-21,Pavagadh,1,4,2026,0,0,None,40.2,1.0,18205
2026-04-22,Somnath,2,4,2026,0,0,None,40.6,0.0,23268
2026-04-22,Dwarka,2,4,2026,0,0,None,34.1,1.0,23361
2026-04-22,Ambaji,2,4,2026,0,0,None,35.4,1.0,32236
2026-04-22,Pavagadh,2,4,2026,0,0,None,35.5,0.0,21997
2026-04-23,Somnath,3,4,2026,0,0,None,37.1,0.0,27079
2026-04-23,Dwarka,3,4,2026,0,0,None,32.1,0.0,20241
2026-04-23,Ambaji,3,4,2026,0,0,None,40.5,0.0,32168
2026-04-23,Pavagadh,3,4,2026,0,0,None,36.6,0.0,20791
2026-04-24,Somnath,4,4,2026,0,0,None,40.6,0.0,24938
2026-04-24,Dwarka,4,4,2026,0,0,None,33.8,0.0,22693
2026-04-24,Ambaji,4,4,2026,0,0,None,40.0,0.0,35072
2026-04-24,Pavagadh,4,4,2026,0,0,None,41.2,0.0,17622
2026-04-25,Somnath,5,4,2026,1,0,None,35.2,0.0,33375
2026-04-25,Dwarka,5,4,2026,1,0,None,36.2,0.0,28990
2026-04-25,Ambaji,5,4,2026,1,0,None,42.8,0.0,42951
2026-04-25,Pavagadh,5,4,2026,1,0,None,38.0,0.0,28899
2026-04-26,Somnath,6,4,2026,1,0,None,41.9,0.0,29379
2026-04-26,Dwarka,6,4,2026,1,0,None,33.2,0.0,32874
2026-04-26,Ambaji,6,4,2026,1,0,None,34.9,1.0,49519
2026-04-26,Pavagadh,6,4,2026,1,0,None,40.4,0.0,27709
2026-04-27,Somnath,0,4,2026,0,0,None,34.3,0.0,22918
2026-04-27,Dwarka,0,4,2026,0,0,None,37.2,0.0,19811
2026-04-27,Ambaji,0,4,2026,0,0,None,41.4,0.0,34238
2026-04-27,Pavagadh,0,4,2026,0,0,None,42.3,0.0,19386
2026-04-28,Somnath,1,4,2026,0,0,None,33.9,0.0,23798
2026-04-28,Dwarka,1,4,2026,0,0,None,35.1,1.0,23234
2026-04-28,Ambaji,1,4,2026,0,0,None,32.7,0.0,32687
2026-04-28,Pavagadh,1,4,2026,0,0,None,35.9,0.0,19089
2026-04-29,Somnath,2,4,2026,0,0,None,35.4,0.0,23832
2026-04-29,Dwarka,2,4,2026,0,0,None,40.8,0.0,22418
2026-04-29,Ambaji,2,4,2026,0,0,None,41.5,0.0,32046
2026-04-29,Pavagadh,2,4,2026,0,0,None,35.7,0.0,20705
2026-04-30,Somnath,3,4,2026,0,0,None,35.4,0.0,26087
2026-04-30,Dwarka,3,4,2026,0,0,None,42.4,0.0,22200
2026-04-30,Ambaji,3,4,2026,0,0,None,33.1,0.0,31578
2026-04-30,Pavagadh,3,4,2026,0,0,None,41.1,0.0,18327
2026-05-01,Somnath,4,5,2026,0,0,None,40.7,0.0,25827
2026-05-01,Dwarka,4,5,2026,0,0,None,42.5,0.0,22036
2026-05-01,Ambaji,4,5,2026,0,0,None,41.6,0.0,35052
2026-05-01,Pavagadh,4,5,2026,0,0,None,37.5,0.0,18035
2026-05-02,Somnath,5,5,2026,1,0,None,32.3,0.0,37114
2026-05-02,Dwarka,5,5,2026,1,0,None,42.4,0.0,24339
2026-05-02,Ambaji,5,5,2026,1,0,None,38.8,0.0,48980
2026-05-02,Pavagadh,5,5,2026,1,0,None,33.6,0.0,28609
2026-05-03,Somnath,6,5,2026,1,0,None,37.9,0.0,40347
2026-05-03,Dwarka,6,5,2026,1,0,None,35.4,0.0,30776
2026-05-03,Ambaji,6,5,2026,1,0,None,36.7,0.0,50479
2026-05-03,Pavagadh,6,5,2026,1,0,None,33.9,1.0,25132
2026-05-04,Somnath,0,5,2026,0,0,None,38.2,0.0,25385
2026-05-04,Dwarka,0,5,2026,0,0,None,34.4,0.0,22423
2026-05-04,Ambaji,0,5,2026,0,0,None,34.6,0.0,36227
2026-05-04,Pavagadh,0,5,2026,0,0,None,39.5,0.0,21582
2026-05-05,Somnath,1,5,2026,0,0,None,41.1,0.0,22394
2026-05-05,Dwarka,1,5,2026,0,0,None,42.7,0.0,21111
2026-05-05,Ambaji,1,5,2026,0,0,None,39.0,1.0,34813
2026-05-05,Pavagadh,1,5,2026,0,0,None,37.9,0.0,21600
2026-05-06,Somnath,2,5,2026,0,0,None,34.9,1.0,23510
2026-05-06,Dwarka,2,5,2026,0,0,None,34.8,0.0,22706
2026-05-06,Ambaji,2,5,2026,0,0,None,36.8,0.0,35280
2026-05-06,Pavagadh,2,5,2026,0,0,None,42.5,1.0,18292
2026-05-07,Somnath,3,5,2026,0,0,None,39.9,0.0,23065
2026-05-07,Dwarka,3,5,2026,0,0,None,37.9,0.0,20683
2026-05-07,Ambaji,3,5,2026,0,0,None,35.8,0.0,37708
2026-05-07,Pavagadh,3,5,2026,0,0,None,41.4,0.0,18017
2026-05-08,Somnath,4,5,2026,0,0,None,39.5,0.0,24859
2026-05-08,Dwarka,4,5,2026,0,0,None,41.7,0.0,17722
2026-05-08,Ambaji,4,5,2026,0,0,None,42.3,0.0,32292
2026-05-08,Pavagadh,4,5,2026,0,0,None,33.5,0.0,21617
2026-05-09,Somnath,5,5,2026,1,0,None,33.3,0.0,36756
2026-05-09,Dwarka,5,5,2026,1,0,None,39.4,0.0,29196
2026-05-09,Ambaji,5,5,2026,1,0,None,38.2,0.0,51020
2026-05-09,Pavagadh,5,5,2026,1,0,None,41.3,1.0,25965
2026-05-10,Somnath,6,5,2026,1,0,None,35.9,0.0,33617
2026-05-10,Dwarka,6,5,2026,1,0,None,43.0,0.0,28755
2026-05-10,Ambaji,6,5,2026,1,0,None,37.9,0.0,57522
2026-05-10,Pavagadh,6,5,2026,1,0,None,37.8,0.0,24363
2026-05-11,Somnath,0,5,2026,0,0,None,38.7,0.0,24581
2026-05-11,Dwarka,0,5,2026,0,0,None,37.8,0.0,20111
2026-05-11,Ambaji,0,5,2026,0,0,None,38.0,0.0,38294
2026-05-11,Pavagadh,0,5,2026,0,0,None,40.1,0.0,21067
2026-05-12,Somnath,1,5,2026,0,0,None,43.0,0.0,21794
2026-05-12,Dwarka,1,5,2026,0,0,None,40.7,0.0,21634
2026-05-12,Ambaji,1,5,2026,0,0,None,35.5,0.0,34386
2026-05-12,Pavagadh,1,5,2026,0,0,None,36.3,0.0,19262
2026-05-13,Somnath,2,5,2026,0,0,None,39.1,0.0,25608
2026-05-13,Dwarka,2,5,2026,0,0,None,37.4,0.0,22798
2026-05-13,Ambaji,2,5,2026,0,0,None,43.0,0.0,31773
2026-05-13,Pavagadh,2,5,2026,0,0,None,34.5,0.0,18709
2026-05-14,Somnath,3,5,2026,0,0,None,41.8,0.0,20985
2026-05-14,Dwarka,3,5,2026,0,0,None,37.3,0.0,21132
2026-05-14,Ambaji,3,5,2026,0,0,None,39.7,0.0,34106
2026-05-14,Pavagadh,3,5,2026,0,0,None,35.4,0.0,18047
2026-05-15,Somnath,4,5,2026,0,0,None,39.9,0.0,26088
2026-05-15,Dwarka,4,5,2026,0,0,None,37.6,0.0,24121
2026-05-15,Ambaji,4,5,2026,0,0,None,32.9,0.0,34442
2026-05-15,Pavagadh,4,5,2026,0,0,None,42.4,0.0,18215
2026-05-16,Somnath,5,5,2026,1,0,None,35.6,0.0,35555
2026-05-16,Dwarka,5,5,2026,1,0,None,34.3,1.0,30193
2026-05-16,Ambaji,5,5,2026,1,0,None,41.7,0.0,42709
2026-05-16,Pavagadh,5,5,2026,1,0,None,39.9,0.0,30314
2026-05-17,Somnath,6,5,2026,1,0,None,36.0,0.0,32325
2026-05-17,Dwarka,6,5,2026,1,0,None,35.7,0.0,28374
2026-05-17,Ambaji,6,5,2026,1,0,None,33.6,0.0,45119
2026-05-17,Pavagadh,6,5,2026,1,0,None,42.5,0.0,24740
2026-05-18,Somnath,0,5,2026,0,0,None,35.5,0.0,26443
2026-05-18,Dwarka,0,5,2026,0,0,None,34.9,0.0,20077
2026-05-18,Ambaji,0,5,2026,0,0,None,33.9,0.0,34745
2026-05-18,Pavagadh,0,5,2026,0,0,None,41.0,0.0,19521
2026-05-19,Somnath,1,5,2026,0,0,None,35.3,0.0,24517
2026-05-19,Dwarka,1,5,2026,0,0,None,41.9,0.0,21630
2026-05-19,Ambaji,1,5,2026,0,0,None,36.6,0.0,35600
2026-05-19,Pavagadh,1,5,2026,0,0,None,35.7,0.0,18878
2026-05-20,Somnath,2,5,2026,0,0,None,32.6,0.0,25164
2026-05-20,Dwarka,2,5,2026,0,0,None,40.6,0.0,23340
2026-05-20,Ambaji,2,5,2026,0,0,None,35.4,0.0,35236
2026-05-20,Pavagadh,2,5,2026,0,0,None,42.4,0.0,17855
2026-05-21,Somnath,3,5,2026,0,0,None,37.0,0.0,24612
2026-05-21,Dwarka,3,5,2026,0,0,None,37.5,0.0,20415
2026-05-21,Ambaji,3,5,2026,0,0,None,38.3,0.0,34179
2026-05-21,Pavagadh,3,5,2026,0,0,None,38.0,0.0,19860
2026-05-22,Somnath,4,5,2026,0,0,None,35.7,0.0,27444
2026-05-22,Dwarka,4,5,2026,0,0,None,34.4,0.0,22199
2026-05-22,Ambaji,4,5,2026,0,0,None,36.9,0.0,37872
2026-05-22,Pavagadh,4,5,2026,0,0,None,35.0,0.0,21407
2026-05-23,Somnath,5,5,2026,1,0,None,37.4,0.0,35199
2026-05-23,Dwarka,5,5,2026,1,0,None,38.7,0.0,28175
2026-05-23,Ambaji,5,5,2026,1,0,None,34.8,0.0,52754
2026-05-23,Pavagadh,5,5,2026,1,0,None,40.7,0.0,29052
2026-05-24,Somnath,6,5,2026,1,0,None,34.1,0.0,33443
2026-05-24,Dwarka,6,5,2026,1,0,None,33.9,0.0,31056
2026-05-24,Ambaji,6,5,2026,1,0,None,41.4,1.0,42453
2026-05-24,Pavagadh,6,5,2026,1,0,None,34.1,0.0,28467
2026-05-25,Somnath,0,5,2026,0,0,None,39.1,0.0,23859
2026-05-25,Dwarka,0,5,2026,0,0,None,38.1,0.0,21202
2026-05-25,Ambaji,0,5,2026,0,0,None,32.2,0.0,38307
2026-05-25,Pavagadh,0,5,2026,0,0,None,40.4,0.0,20864
2026-05-26,Somnath,1,5,2026,0,0,None,35.3,0.0,26774
2026-05-26,Dwarka,1,5,2026,0,0,None,35.7,0.0,21142
2026-05-26,Ambaji,1,5,2026,0,0,None,34.3,0.0,33530
2026-05-26,Pavagadh,1,5,2026,0,0,None,32.4,0.0,21498
2026-05-27,Somnath,2,5,2026,0,0,None,37.0,0.0,23392
2026-05-27,Dwarka,2,5,2026,0,0,None,36.3,0.0,24177
2026-05-27,Ambaji,2,5,2026,0,0,None,32.3,0.0,31980
2026-05-27,Pavagadh,2,5,2026,0,0,None,41.4,0.0,19307
2026-05-28,Somnath,3,5,2026,0,0,None,42.2,0.0,22647
2026-05-28,Dwarka,3,5,2026,0,0,None,38.4,0.0,22332
2026-05-28,Ambaji,3,5,2026,0,0,None,38.4,1.0,37949
2026-05-28,Pavagadh,3,5,2026,0,0,None,32.4,0.0,20042
2026-05-29,Somnath,4,5,2026,0,0,None,35.9,0.0,24861
2026-05-29,Dwarka,4,5,2026,0,0,None,42.7,0.0,19249
2026-05-29,Ambaji,4,5,2026,0,0,None,38.3,0.0,33943
2026-05-29,Pavagadh,4,5,2026,0,0,None,41.6,1.0,18272
2026-05-30,Somnath,5,5,2026,1,0,None,38.1,0.0,34494
2026-05-30,Dwarka,5,5,2026,1,0,None,36.3,0.0,30204
2026-05-30,Ambaji,5,5,2026,1,0,None,35.0,0.0,49220
2026-05-30,Pavagadh,5,5,2026,1,0,None,32.5,1.0,25025
2026-05-31,Somnath,6,5,2026,1,0,None,33.7,0.0,34878
2026-05-31,Dwarka,6,5,2026,1,0,None,33.6,0.0,29700
2026-05-31,Ambaji,6,5,2026,1,0,None,37.5,0.0,53665
2026-05-31,Pavagadh,6,5,2026,1,0,None,32.8,0.0,26945
2026-06-01,Somnath,0,6,2026,0,0,None,32.8,0.0,24030
2026-06-01,Dwarka,0,6,2026,0,0,None,42.3,0.0,17903
2026-06-01,Ambaji,0,6,2026,0,0,None,32.2,0.0,36298
2026-06-01,Pavagadh,0,6,2026,0,0,None,40.4,0.0,21639
2026-06-02,Somnath,1,6,2026,0,0,None,36.0,0.0,26138
2026-06-02,Dwarka,1,6,2026,0,0,None,37.9,1.0,23970
2026-06-02,Ambaji,1,6,2026,0,0,None,41.9,0.0,32921
2026-06-02,Pavagadh,1,6,2026,0,0,None,36.4,0.0,20747
2026-06-03,Somnath,2,6,2026,0,0,None,40.4,0.0,24649
2026-06-03,Dwarka,2,6,2026,0,0,None,41.4,0.0,21253
2026-06-03,Ambaji,2,6,2026,0,0,None,33.3,0.0,36571
2026-06-03,Pavagadh,2,6,2026,0,0,None,32.6,0.0,21672
2026-06-04,Somnath,3,6,2026,0,0,None,38.3,1.0,24047
2026-06-04,Dwarka,3,6,2026,0,0,None,39.0,0.0,20288
2026-06-04,Ambaji,3,6,2026,0,0,None,42.9,0.0,32489
2026-06-04,Pavagadh,3,6,2026,0,0,None,40.8,1.0,18286
2026-06-05,Somnath,4,6,2026,0,0,None,33.0,0.0,25458
2026-06-05,Dwarka,4,6,2026,0,0,None,32.4,0.0,22894
2026-06-05,Ambaji,4,6,2026,0,0,None,39.4,0.0,38021
2026-06-05,Pavagadh,4,6,2026,0,0,None,34.8,0.0,21691
2026-06-06,Somnath,5,6,2026,1,0,None,37.4,0.0,35974
2026-06-06,Dwarka,5,6,2026,1,0,None,34.2,0.0,29533
2026-06-06,Ambaji,5,6,2026,1,0,None,42.8,0.0,39575
2026-06-06,Pavagadh,5,6,2026,1,0,None,41.7,0.0,24758
2026-06-07,Somnath,6,6,2026,1,0,None,39.3,0.0,34061
2026-06-07,Dwarka,6,6,2026,1,0,None,42.8,0.0,28843
2026-06-07,Ambaji,6,6,2026,1,0,None,37.0,5.0,44661
2026-06-07,Pavagadh,6,6,2026,1,0,None,42.7,0.0,27248
2026-06-08,Somnath,0,6,2026,0,0,None,35.2,1.0,23912
2026-06-08,Dwarka,0,6,2026,0,0,None,41.0,0.0,20121
2026-06-08,Ambaji,0,6,2026,0,0,None,40.9,0.0,34235
2026-06-08,Pavagadh,0,6,2026,0,0,None,36.7,0.0,19050
2026-06-09,Somnath,1,6,2026,0,0,None,34.6,0.0,22678
2026-06-09,Dwarka,1,6,2026,0,0,None,39.1,0.0,23000
2026-06-09,Ambaji,1,6,2026,0,0,None,37.2,0.0,31683
2026-06-09,Pavagadh,1,6,2026,0,0,None,42.0,0.0,16904
2026-06-10,Somnath,2,6,2026,0,0,None,39.3,0.0,23439
2026-06-10,Dwarka,2,6,2026,0,0,None,36.5,0.0,21109
2026-06-10,Ambaji,2,6,2026,0,0,None,37.6,0.0,32001
2026-06-10,Pavagadh,2,6,2026,0,0,None,36.3,0.0,18855
2026-06-11,Somnath,3,6,2026,0,0,None,40.3,0.0,25036
2026-06-11,Dwarka,3,6,2026,0,0,None,42.7,0.0,20169
2026-06-11,Ambaji,3,6,2026,0,0,None,35.1,1.0,37771
2026-06-11,Pavagadh,3,6,2026,0,0,None,40.2,0.0,20814
2026-06-12,Somnath,4,6,2026,0,0,None,34.8,0.0,26296
2026-06-12,Dwarka,4,6,2026,0,0,None,42.6,0.0,17990
2026-06-12,Ambaji,4,6,2026,0,0,None,42.6,0.0,32156
2026-06-12,Pavagadh,4,6,2026,0,0,None,37.9,0.0,18618
2026-06-13,Somnath,5,6,2026,1,0,None,40.6,0.0,34677
2026-06-13,Dwarka,5,6,2026,1,0,None,34.3,0.0,30965
2026-06-13,Ambaji,5,6,2026,1,0,None,35.5,0.0,52405
2026-06-13,Pavagadh,5,6,2026,1,0,None,36.4,0.0,26764
2026-06-14,Somnath,6,6,2026,1,0,None,40.1,1.0,31143
2026-06-14,Dwarka,6,6,2026,1,0,None,34.7,0.0,30740
2026-06-14,Ambaji,6,6,2026,1,0,None,40.0,1.0,51155
2026-06-14,Pavagadh,6,6,2026,1,0,None,33.4,0.0,27487
2026-06-15,Somnath,0,6,2026,0,0,None,42.0,0.0,20893
2026-06-15,Dwarka,0,6,2026,0,0,None,35.0,0.0,20161
2026-06-15,Ambaji,0,6,2026,0,0,None,33.5,0.0,31557
2026-06-15,Pavagadh,0,6,2026,0,0,None,32.5,0.0,20477
2026-06-16,Somnath,1,6,2026,0,0,None,42.4,0.0,20427
2026-06-16,Dwarka,1,6,2026,0,0,None,33.7,0.0,20834
2026-06-16,Ambaji,1,6,2026,0,0,None,40.5,0.0,36730
2026-06-16,Pavagadh,1,6,2026,0,0,None,39.6,0.0,20187
2026-06-17,Somnath,2,6,2026,0,0,None,39.5,0.0,23530
2026-06-17,Dwarka,2,6,2026,0,0,None,34.4,0.0,19861
2026-06-17,Ambaji,2,6,2026,0,0,None,41.8,0.0,29477
2026-06-17,Pavagadh,2,6,2026,0,0,None,41.0,0.0,19050
2026-06-18,Somnath,3,6,2026,0,0,None,38.0,0.0,26295
2026-06-18,Dwarka,3,6,2026,0,0,None,40.8,0.0,19819
2026-06-18,Ambaji,3,6,2026,0,0,None,32.0,1.0,33349
2026-06-18,Pavagadh,3,6,2026,0,0,None,35.1,0.0,20326
2026-06-19,Somnath,4,6,2026,0,0,None,37.1,0.0,22907
2026-06-19,Dwarka,4,6,2026,0,0,None,39.7,0.0,21717
2026-06-19,Ambaji,4,6,2026,0,0,None,40.1,1.0,37615
2026-06-19,Pavagadh,4,6,2026,0,0,None,41.5,0.0,19546
2026-06-20,Somnath,5,6,2026,1,0,None,41.8,0.0,31113
2026-06-20,Dwarka,5,6,2026,1,0,None,36.5,0.0,26902
2026-06-20,Ambaji,5,6,2026,1,0,None,40.4,0.0,51935
2026-06-20,Pavagadh,5,6,2026,1,0,None,41.1,0.0,26595
2026-06-21,Somnath,6,6,2026,1,0,None,34.1,0.0,33451
2026-06-21,Dwarka,6,6,2026,1,0,None,33.4,0.0,28744
2026-06-21,Ambaji,6,6,2026,1,0,None,33.9,0.0,44419
2026-06-21,Pavagadh,6,6,2026,1,0,None,33.6,1.0,24471
2026-06-22,Somnath,0,6,2026,0,0,None,36.4,0.0,22808
2026-06-22,Dwarka,0,6,2026,0,0,None,40.3,0.0,20050
2026-06-22,Ambaji,0,6,2026,0,0,None,37.1,0.0,33980
2026-06-22,Pavagadh,0,6,2026,0,0,None,36.0,0.0,20941
2026-06-23,Somnath,1,6,2026,0,0,None,41.9,0.0,20417
2026-06-23,Dwarka,1,6,2026,0,0,None,41.1,0.0,18191
2026-06-23,Ambaji,1,6,2026,0,0,None,35.2,0.0,32386
2026-06-23,Pavagadh,1,6,2026,0,0,None,38.1,0.0,20958
2026-06-24,Somnath,2,6,2026,0,0,None,42.3,0.0,21557
2026-06-24,Dwarka,2,6,2026,0,0,None,32.4,0.0,22831
2026-06-24,Ambaji,2,6,2026,0,0,None,37.8,0.0,37767
2026-06-24,Pavagadh,2,6,2026,0,0,None,34.9,0.0,21810
2026-06-25,Somnath,3,6,2026,0,0,None,32.7,0.0,26090
2026-06-25,Dwarka,3,6,2026,0,0,None,41.9,0.0,18871
2026-06-25,Ambaji,3,6,2026,0,0,None,35.7,0.0,31858
2026-06-25,Pavagadh,3,6,2026,0,0,None,42.6,0.0,16599
2026-06-26,Somnath,4,6,2026,0,0,None,37.8,0.0,23857
2026-06-26,Dwarka,4,6,2026,0,0,None,38.8,0.0,21750
2026-06-26,Ambaji,4,6,2026,0,0,None,37.4,0.0,32372
2026-06-26,Pavagadh,4,6,2026,0,0,None,41.1,0.0,16952
2026-06-27,Somnath,5,6,2026,1,0,None,37.5,0.0,34944
2026-06-27,Dwarka,5,6,2026,1,0,None,35.4,1.0,32220
2026-06-27,Ambaji,5,6,2026,1,0,None,39.0,0.0,49127
2026-06-27,Pavagadh,5,6,2026,1,0,None,40.4,0.0,28433
2026-06-28,Somnath,6,6,2026,1,0,None,42.8,0.0,32368
2026-06-28,Dwarka,6,6,2026,1,0,None,32.1,0.0,35388
2026-06-28,Ambaji,6,6,2026,1,0,None,32.6,0.0,48715
2026-06-28,Pavagadh,6,6,2026,1,0,None,36.1,1.0,27444
2026-06-29,Somnath,0,6,2026,0,0,None,36.4,0.0,25087
2026-06-29,Dwarka,0,6,2026,0,0,None,37.3,0.0,22654
2026-06-29,Ambaji,0,6,2026,0,0,None,39.3,0.0,35667
2026-06-29,Pavagadh,0,6,2026,0,0,None,39.8,0.0,20636
2026-06-30,Somnath,1,6,2026,0,0,None,40.8,0.0,22708
2026-06-30,Dwarka,1,6,2026,0,0,None,39.7,0.0,21546
2026-06-30,Ambaji,1,6,2026,0,0,None,38.0,0.0,33671
2026-06-30,Pavagadh,1,6,2026,0,0,None,37.5,0.0,19482
2026-07-01,Somnath,2,7,2026,0,0,None,27.8,9.9,26693
2026-07-01,Dwarka,2,7,2026,0,0,None,27.5,0.0,20918
2026-07-01,Ambaji,2,7,2026,0,0,None,26.9,0.0,35932
2026-07-01,Pavagadh,2,7,2026,0,0,None,26.6,0.0,18705
2026-07-02,Somnath,3,7,2026,0,0,None,31.3,24.7,19472
2026-07-02,Dwarka,3,7,2026,0,0,None,31.5,1.3,22231
2026-07-02,Ambaji,3,7,2026,0,0,None,27.0,0.0,35635
2026-07-02,Pavagadh,3,7,2026,0,0,None,28.1,0.0,18954
2026-07-03,Somnath,4,7,2026,0,0,None,31.5,21.6,20229
2026-07-03,Dwarka,4,7,2026,0,0,None,26.2,1.5,21785
2026-07-03,Ambaji,4,7,2026,0,0,None,28.6,59.6,19874
2026-07-03,Pavagadh,4,7,2026,0,0,None,28.7,3.4,20533
2026-07-04,Somnath,5,7,2026,1,0,None,28.0,0.0,35304
2026-07-04,Dwarka,5,7,2026,1,0,None,26.8,9.4,32739
2026-07-04,Ambaji,5,7,2026,1,0,None,30.7,0.0,46233
2026-07-04,Pavagadh,5,7,2026,1,0,None,28.4,20.3,16104
2026-07-05,Somnath,6,7,2026,1,0,None,27.9,0.0,35242
2026-07-05,Dwarka,6,7,2026,1,0,None,27.2,0.0,29733
2026-07-05,Ambaji,6,7,2026,1,0,None,28.2,9.1,50397
2026-07-05,Pavagadh,6,7,2026,1,0,None,26.3,4.6,26153
2026-07-06,Somnath,0,7,2026,0,0,None,27.0,10.6,27368
2026-07-06,Dwarka,0,7,2026,0,0,None,30.1,7.2,21586
2026-07-06,Ambaji,0,7,2026,0,0,None,26.9,2.4,35151
2026-07-06,Pavagadh,0,7,2026,0,0,None,30.0,57.1,11387
2026-07-07,Somnath,1,7,2026,0,0,None,28.8,43.0,19313
2026-07-07,Dwarka,1,7,2026,0,0,None,27.3,58.1,18809
2026-07-07,Ambaji,1,7,2026,0,0,None,28.0,3.0,34382
2026-07-07,Pavagadh,1,7,2026,0,0,None,27.4,0.0,18959
2026-07-08,Somnath,2,7,2026,0,0,None,31.0,0.0,23927
2026-07-08,Dwarka,2,7,2026,0,0,None,30.5,0.0,22396
2026-07-08,Ambaji,2,7,2026,0,0,None,28.2,23.1,18409
2026-07-08,Pavagadh,2,7,2026,0,0,None,27.0,1.4,19284
2026-07-09,Somnath,3,7,2026,0,0,None,28.2,1.6,25108
2026-07-09,Dwarka,3,7,2026,0,0,None,31.2,4.1,21054
2026-07-09,Ambaji,3,7,2026,0,0,None,31.2,2.1,36464
2026-07-09,Pavagadh,3,7,2026,0,0,None,26.9,4.4,18672
2026-07-10,Somnath,4,7,2026,0,0,None,29.6,19.3,25057
2026-07-10,Dwarka,4,7,2026,0,0,None,28.5,8.6,19963
2026-07-10,Ambaji,4,7,2026,0,0,None,30.1,0.0,34454
2026-07-10,Pavagadh,4,7,2026,0,0,None,28.5,33.2,13588
2026-07-11,Somnath,5,7,2026,1,0,None,26.6,0.0,32258
2026-07-11,Dwarka,5,7,2026,1,0,None,29.0,0.0,33799
2026-07-11,Ambaji,5,7,2026,1,0,None,31.2,22.7,23605
2026-07-11,Pavagadh,5,7,2026,1,0,None,31.5,0.0,26507
2026-07-12,Somnath,6,7,2026,1,0,None,28.0,9.0,31010
2026-07-12,Dwarka,6,7,2026,1,0,None,29.5,13.7,31996
2026-07-12,Ambaji,6,7,2026,1,0,None,29.6,0.0,44132
2026-07-12,Pavagadh,6,7,2026,1,0,None,32.0,6.7,26740
2026-07-13,Somnath,0,7,2026,0,0,None,29.2,6.9,23498
2026-07-13,Dwarka,0,7,2026,0,0,None,26.2,23.4,19054
2026-07-13,Ambaji,0,7,2026,0,0,None,28.3,0.0,35036
2026-07-13,Pavagadh,0,7,2026,0,0,None,28.2,23.9,12568
2026-07-14,Somnath,1,7,2026,0,0,None,30.8,20.3,18212
2026-07-14,Dwarka,1,7,2026,0,0,None,29.1,0.0,23563
2026-07-14,Ambaji,1,7,2026,0,0,None,29.4,0.2,33679
2026-07-14,Pavagadh,1,7,2026,0,0,None,31.9,0.0,20870
2026-07-15,Somnath,2,7,2026,0,0,None,30.6,0.0,25429
2026-07-15,Dwarka,2,7,2026,0,0,None,28.7,30.7,18547
2026-07-15,Ambaji,2,7,2026,0,0,None,31.0,0.0,31763
2026-07-15,Pavagadh,2,7,2026,0,0,None,26.9,28.2,11462
2026-07-16,Somnath,3,7,2026,0,0,None,27.9,0.0,23748
2026-07-16,Dwarka,3,7,2026,0,0,None,31.9,41.5,16828
2026-07-16,Ambaji,3,7,2026,0,0,None,28.2,0.0,33814
2026-07-16,Pavagadh,3,7,2026,0,0,None,30.0,42.6,10328
2026-07-17,Somnath,4,7,2026,0,0,None,26.7,7.7,22804
2026-07-17,Dwarka,4,7,2026,0,0,None,31.1,10.2,21593
2026-07-17,Ambaji,4,7,2026,0,0,None,28.9,25.3,20108
2026-07-17,Pavagadh,4,7,2026,0,0,None,26.4,35.9,10516
2026-07-18,Somnath,5,7,2026,1,0,None,26.6,0.0,36895
2026-07-18,Dwarka,5,7,2026,1,0,None,27.5,9.2,29056
2026-07-18,Ambaji,5,7,2026,1,0,None,30.0,0.0,52231
2026-07-18,Pavagadh,5,7,2026,1,0,None,30.5,7.7,24622
2026-07-19,Somnath,6,7,2026,1,0,None,30.3,13.8,34549
2026-07-19,Dwarka,6,7,2026,1,0,None,28.4,0.0,30958
2026-07-19,Ambaji,6,7,2026,1,0,None,28.1,0.0,52210
2026-07-19,Pavagadh,6,7,2026,1,0,None,27.3,0.9,27867
2026-07-20,Somnath,0,7,2026,0,0,None,27.0,0.0,24045
2026-07-20,Dwarka,0,7,2026,0,0,None,29.6,6.1,21953
2026-07-20,Ambaji,0,7,2026,0,0,None,27.9,0.0,32011
2026-07-20,Pavagadh,0,7,2026,0,0,None,26.2,2.8,20974
2026-07-21,Somnath,1,7,2026,0,0,None,28.1,6.7,23597
2026-07-21,Dwarka,1,7,2026,0,0,None,27.8,29.9,16694
2026-07-21,Ambaji,1,7,2026,0,0,None,30.7,5.4,34665
2026-07-21,Pavagadh,1,7,2026,0,0,None,29.6,8.5,20265
2026-07-22,Somnath,2,7,2026,0,0,None,29.1,16.3,24396
2026-07-22,Dwarka,2,7,2026,0,0,None,26.4,29.4,18940
2026-07-22,Ambaji,2,7,2026,0,0,None,31.6,0.0,36346
2026-07-22,Pavagadh,2,7,2026,0,0,None,29.9,47.3,10979
2026-07-23,Somnath,3,7,2026,0,0,None,27.3,0.0,23751
2026-07-23,Dwarka,3,7,2026,0,0,None,26.2,25.5,18468
2026-07-23,Ambaji,3,7,2026,0,0,None,31.0,0.0,35622
2026-07-23,Pavagadh,3,7,2026,0,0,None,30.2,1.6,20131
2026-07-24,Somnath,4,7,2026,0,0,None,26.1,1.6,23042
2026-07-24,Dwarka,4,7,2026,0,0,None,31.2,0.0,22639
2026-07-24,Ambaji,4,7,2026,0,0,None,28.4,5.4,34540
2026-07-24,Pavagadh,4,7,2026,0,0,None,29.5,4.6,19979
2026-07-25,Somnath,5,7,2026,1,0,None,28.3,0.0,35407
2026-07-25,Dwarka,5,7,2026,1,0,None,28.7,0.0,30407
2026-07-25,Ambaji,5,7,2026,1,0,None,27.7,17.0,48067
2026-07-25,Pavagadh,5,7,2026,1,0,None,30.6,0.0,25866
2026-07-26,Somnath,6,7,2026,1,0,None,31.1,25.9,27874
2026-07-26,Dwarka,6,7,2026,1,0,None,27.0,30.6,23630
2026-07-26,Ambaji,6,7,2026,1,0,None,31.0,0.6,43420
2026-07-26,Pavagadh,6,7,2026,1,0,None,26.0,17.9,29630
2026-07-27,Somnath,0,7,2026,0,0,None,27.8,0.0,25382
2026-07-27,Dwarka,0,7,2026,0,0,None,31.2,3.0,22592
2026-07-27,Ambaji,0,7,2026,0,0,None,26.9,0.0,36422
2026-07-27,Pavagadh,0,7,2026,0,0,None,30.5,0.0,18390
2026-07-28,Somnath,1,7,2026,0,0,None,28.8,0.0,23646
2026-07-28,Dwarka,1,7,2026,0,0,None,30.1,0.0,21009
2026-07-28,Ambaji,1,7,2026,0,0,None,27.2,0.0,31536
2026-07-28,Pavagadh,1,7,2026,0,0,None,27.5,16.7,21988
2026-07-29,Somnath,2,7,2026,0,0,None,28.2,0.0,24333
2026-07-29,Dwarka,2,7,2026,0,0,None,30.2,9.3,23633
2026-07-29,Ambaji,2,7,2026,0,0,None,27.9,11.1,34576
2026-07-29,Pavagadh,2,7,2026,0,0,None,27.4,0.0,20406
2026-07-30,Somnath,3,7,2026,0,0,None,28.1,0.0,23187
2026-07-30,Dwarka,3,7,2026,0,0,None,31.1,4.1,21991
2026-07-30,Ambaji,3,7,2026,0,0,None,30.0,0.0,31654
2026-07-30,Pavagadh,3,7,2026,0,0,None,27.7,0.0,21558
2026-07-31,Somnath,4,7,2026,0,0,None,30.0,10.6,25737
2026-07-31,Dwarka,4,7,2026,0,0,None,26.8,9.6,21281
2026-07-31,Ambaji,4,7,2026,0,0,None,29.7,0.0,38300
2026-07-31,Pavagadh,4,7,2026,0,0,None,28.6,2.6,20193
2026-08-01,Somnath,5,8,2026,1,0,None,26.2,2.8,36143
2026-08-01,Dwarka,5,8,2026,1,0,None,30.8,9.7,30733
2026-08-01,Ambaji,5,8,2026,1,0,None,26.0,3.1,52662
2026-08-01,Pavagadh,5,8,2026,1,0,None,30.2,16.6,25902
2026-08-02,Somnath,6,8,2026,1,0,None,27.9,17.2,31980
2026-08-02,Dwarka,6,8,2026,1,0,None,26.5,0.5,29258
2026-08-02,Ambaji,6,8,2026,1,0,None,26.4,0.0,55990
2026-08-02,Pavagadh,6,8,2026,1,0,None,26.5,11.0,26256
2026-08-03,Somnath,0,8,2026,0,0,None,28.7,37.9,19977
2026-08-03,Dwarka,0,8,2026,0,0,None,28.6,15.6,23985
2026-08-03,Ambaji,0,8,2026,0,0,None,31.2,0.0,34730
2026-08-03,Pavagadh,0,8,2026,0,0,None,28.5,0.0,18872
2026-08-04,Somnath,1,8,2026,0,0,None,29.5,15.7,23437
2026-08-04,Dwarka,1,8,2026,0,0,None,30.2,0.0,20592
2026-08-04,Ambaji,1,8,2026,0,0,None,28.7,0.0,37811
2026-08-04,Pavagadh,1,8,2026,0,0,None,26.7,2.7,21957
2026-08-05,Somnath,2,8,2026,0,0,None,30.6,0.0,23165
2026-08-05,Dwarka,2,8,2026,0,0,None,28.5,0.0,23741
2026-08-05,Ambaji,2,8,2026,0,0,None,28.3,0.0,32478
2026-08-05,Pavagadh,2,8,2026,0,0,None,28.3,0.0,20599
2026-08-06,Somnath,3,8,2026,0,0,None,30.9,0.0,25036
2026-08-06,Dwarka,3,8,2026,0,0,None,27.4,0.0,22279
2026-08-06,Ambaji,3,8,2026,0,0,None,30.6,25.0,23345
2026-08-06,Pavagadh,3,8,2026,0,0,None,30.5,9.6,21890
2026-08-07,Somnath,4,8,2026,0,0,None,29.9,0.0,25027
2026-08-07,Dwarka,4,8,2026,0,0,None,29.3,0.0,23005
2026-08-07,Ambaji,4,8,2026,0,0,None,28.7,4.1,34465
2026-08-07,Pavagadh,4,8,2026,0,0,None,27.3,31.2,13130
2026-08-08,Somnath,5,8,2026,1,0,None,26.9,13.8,32328
2026-08-08,Dwarka,5,8,2026,1,0,None,27.4,3.7,31913
2026-08-08,Ambaji,5,8,2026,1,0,None,30.7,5.8,44897
2026-08-08,Pavagadh,5,8,2026,1,0,None,30.1,7.6,26162
2026-08-09,Somnath,6,8,2026,1,0,None,31.2,0.0,38658
2026-08-09,Dwarka,6,8,2026,1,0,None,29.5,16.5,29779
2026-08-09,Ambaji,6,8,2026,1,0,None,28.7,25.0,28720
2026-08-09,Pavagadh,6,8,2026,1,0,None,31.4,5.1,24736
2026-08-10,Somnath,0,8,2026,0,0,None,27.0,23.0,21276
2026-08-10,Dwarka,0,8,2026,0,0,None,26.9,10.2,23167
2026-08-10,Ambaji,0,8,2026,0,0,None,29.7,0.7,34380
2026-08-10,Pavagadh,0,8,2026,0,0,None,29.3,0.1,18798
2026-08-11,Somnath,1,8,2026,0,0,None,31.7,18.2,24040
2026-08-11,Dwarka,1,8,2026,0,0,None,29.5,5.3,21610
2026-08-11,Ambaji,1,8,2026,0,0,None,28.8,4.5,35866
2026-08-11,Pavagadh,1,8,2026,0,0,None,28.3,21.3,13112
2026-08-12,Somnath,2,8,2026,0,0,None,29.3,29.9,20056
2026-08-12,Dwarka,2,8,2026,0,0,None,27.1,0.0,23499
2026-08-12,Ambaji,2,8,2026,0,0,None,29.2,75.5,17024
2026-08-12,Pavagadh,2,8,2026,0,0,None,31.5,0.0,20168
2026-08-13,Somnath,3,8,2026,0,0,None,29.8,1.1,23875
2026-08-13,Dwarka,3,8,2026,0,0,None,28.0,7.5,22092
2026-08-13,Ambaji,3,8,2026,0,0,None,27.2,6.5,34816
2026-08-13,Pavagadh,3,8,2026,0,0,None,28.1,5.6,18708
2026-08-14,Somnath,4,8,2026,0,0,None,31.2,51.0,22053
2026-08-14,Dwarka,4,8,2026,0,0,None,29.0,0.0,23642
2026-08-14,Ambaji,4,8,2026,0,0,None,30.3,0.0,32843
2026-08-14,Pavagadh,4,8,2026,0,0,None,27.1,10.7,20080
2026-08-15,Somnath,5,8,2026,1,1,None,30.3,1.5,35715
2026-08-15,Dwarka,5,8,2026,1,1,None,30.0,20.8,23324
2026-08-15,Ambaji,5,8,2026,1,1,None,31.1,2.2,50651
2026-08-15,Pavagadh,5,8,2026,1,1,None,26.2,0.0,29154
2026-08-16,Somnath,6,8,2026,1,0,None,30.5,14.2,34619
2026-08-16,Dwarka,6,8,2026,1,0,None,26.5,22.5,23984
2026-08-16,Ambaji,6,8,2026,1,0,None,28.2,7.9,48729
2026-08-16,Pavagadh,6,8,2026,1,0,None,28.9,3.0,29568
2026-08-17,Somnath,0,8,2026,0,0,None,27.8,0.0,23184
2026-08-17,Dwarka,0,8,2026,0,0,None,30.0,3.9,20346
2026-08-17,Ambaji,0,8,2026,0,0,None,26.3,0.0,34397
2026-08-17,Pavagadh,0,8,2026,0,0,None,30.7,0.0,18816
2026-08-18,Somnath,1,8,2026,0,0,None,31.2,0.0,25389
2026-08-18,Dwarka,1,8,2026,0,0,None,30.9,4.6,20376
2026-08-18,Ambaji,1,8,2026,0,0,None,31.4,58.6,18661
2026-08-18,Pavagadh,1,8,2026,0,0,None,30.0,0.0,19292
2026-08-19,Somnath,2,8,2026,0,0,None,28.0,0.0,27392
2026-08-19,Dwarka,2,8,2026,0,0,None,26.2,0.0,20872
2026-08-19,Ambaji,2,8,2026,0,0,None,30.4,0.0,36837
2026-08-19,Pavagadh,2,8,2026,0,0,None,28.6,13.2,21156
2026-08-20,Somnath,3,8,2026,0,0,None,31.5,4.2,23094
2026-08-20,Dwarka,3,8,2026,0,0,None,30.8,16.8,20500
2026-08-20,Ambaji,3,8,2026,0,0,None,26.0,0.0,37176
2026-08-20,Pavagadh,3,8,2026,0,0,None,28.4,39.7,11266
2026-08-21,Somnath,4,8,2026,0,0,None,26.1,0.0,25446
2026-08-21,Dwarka,4,8,2026,0,0,None,28.9,0.0,20097
2026-08-21,Ambaji,4,8,2026,0,0,None,27.2,14.4,32511
2026-08-21,Pavagadh,4,8,2026,0,0,None,28.3,15.6,21677
2026-08-22,Somnath,5,8,2026,1,0,None,27.0,13.8,36284
2026-08-22,Dwarka,5,8,2026,1,0,None,27.7,7.3,31205
2026-08-22,Ambaji,5,8,2026,1,0,None,30.8,14.6,49470
2026-08-22,Pavagadh,5,8,2026,1,0,None,27.7,42.2,17539
2026-08-23,Somnath,6,8,2026,1,0,None,30.1,7.0,34374
2026-08-23,Dwarka,6,8,2026,1,0,None,31.3,0.0,30023
2026-08-23,Ambaji,6,8,2026,1,0,None,26.9,23.0,33250
2026-08-23,Pavagadh,6,8,2026,1,0,None,31.8,3.2,29775
2026-08-24,Somnath,0,8,2026,0,0,None,28.8,20.3,22285
2026-08-24,Dwarka,0,8,2026,0,0,None,29.3,0.0,21080
2026-08-24,Ambaji,0,8,2026,0,0,None,31.2,24.9,22912
2026-08-24,Pavagadh,0,8,2026,0,0,None,30.4,0.0,19500
2026-08-25,Somnath,1,8,2026,0,0,None,29.1,0.0,25864
2026-08-25,Dwarka,1,8,2026,0,0,None,31.2,0.0,23054
2026-08-25,Ambaji,1,8,2026,0,0,None,26.1,22.1,19082
2026-08-25,Pavagadh,1,8,2026,0,0,None,31.7,3.2,19888
2026-08-26,Somnath,2,8,2026,0,0,None,29.1,0.0,26091
2026-08-26,Dwarka,2,8,2026,0,0,None,29.1,37.1,17405
2026-08-26,Ambaji,2,8,2026,0,0,None,28.8,48.4,20728
2026-08-26,Pavagadh,2,8,2026,0,0,None,27.1,9.7,19870
2026-08-27,Somnath,3,8,2026,0,0,None,28.5,0.0,27395
2026-08-27,Dwarka,3,8,2026,0,0,None,28.1,22.1,16501
2026-08-27,Ambaji,3,8,2026,0,0,None,27.1,0.0,38090
2026-08-27,Pavagadh,3,8,2026,0,0,None,28.6,2.7,19293
2026-08-28,Somnath,4,8,2026,0,0,None,29.3,0.0,24039
2026-08-28,Dwarka,4,8,2026,0,0,None,31.7,0.0,23433
2026-08-28,Ambaji,4,8,2026,0,0,None,27.9,11.6,34661
2026-08-28,Pavagadh,4,8,2026,0,0,None,27.6,0.0,21393
2026-08-29,Somnath,5,8,2026,1,0,None,27.4,0.0,31980
2026-08-29,Dwarka,5,8,2026,1,0,None,28.1,1.4,29295
2026-08-29,Ambaji,5,8,2026,1,0,None,28.3,7.5,46774
2026-08-29,Pavagadh,5,8,2026,1,0,None,27.0,0.0,25591
2026-08-30,Somnath,6,8,2026,1,0,None,31.4,8.7,33532
2026-08-30,Dwarka,6,8,2026,1,0,None,31.6,7.5,28650
2026-08-30,Ambaji,6,8,2026,1,0,None,31.7,1.8,46639
2026-08-30,Pavagadh,6,8,2026,1,0,None,28.1,0.0,26417
2026-08-31,Somnath,0,8,2026,0,0,None,27.9,0.0,24041
2026-08-31,Dwarka,0,8,2026,0,0,None,26.1,4.9,23799
2026-08-31,Ambaji,0,8,2026,0,0,None,28.9,59.9,19784
2026-08-31,Pavagadh,0,8,2026,0,0,None,29.9,7.8,21489
2026-09-01,Somnath,1,9,2026,0,0,None,28.9,6.6,23879
2026-09-01,Dwarka,1,9,2026,0,0,None,28.5,1.0,22182
2026-09-01,Ambaji,1,9,2026,0,0,None,28.7,1.7,32502
2026-09-01,Pavagadh,1,9,2026,0,0,None,27.9,3.2,21022
2026-09-02,Somnath,2,9,2026,0,0,None,27.2,78.2,18557
2026-09-02,Dwarka,2,9,2026,0,0,None,31.4,39.0,17907
2026-09-02,Ambaji,2,9,2026,0,0,None,27.1,0.0,35519
2026-09-02,Pavagadh,2,9,2026,0,0,None,27.1,0.0,19562
2026-09-03,Somnath,3,9,2026,0,0,None,30.4,0.0,26071
2026-09-03,Dwarka,3,9,2026,0,0,None,28.1,0.0,22263
2026-09-03,Ambaji,3,9,2026,0,0,None,26.5,20.1,22820
2026-09-03,Pavagadh,3,9,2026,0,0,None,27.7,12.5,18787
2026-09-04,Somnath,4,9,2026,0,0,None,28.3,0.0,23924
2026-09-04,Dwarka,4,9,2026,0,0,Janmashtami,28.3,9.3,268045
2026-09-04,Ambaji,4,9,2026,0,0,None,30.0,34.1,22278
2026-09-04,Pavagadh,4,9,2026,0,0,None,31.8,37.2,10564
2026-09-05,Somnath,5,9,2026,1,0,None,26.4,17.5,37543
2026-09-05,Dwarka,5,9,2026,1,0,None,30.4,0.0,28924
2026-09-05,Ambaji,5,9,2026,1,0,None,31.1,21.3,23825
2026-09-05,Pavagadh,5,9,2026,1,0,None,27.7,27.4,14223
2026-09-06,Somnath,6,9,2026,1,0,None,29.3,0.6,34134
2026-09-06,Dwarka,6,9,2026,1,0,None,31.4,0.0,30626
2026-09-06,Ambaji,6,9,2026,1,0,None,29.8,5.0,41678
2026-09-06,Pavagadh,6,9,2026,1,0,None,27.1,0.0,24831
2026-09-07,Somnath,0,9,2026,0,0,None,29.7,0.0,22798
2026-09-07,Dwarka,0,9,2026,0,0,None,30.6,0.0,21547
2026-09-07,Ambaji,0,9,2026,0,0,None,31.9,11.8,32617
2026-09-07,Pavagadh,0,9,2026,0,0,None,28.0,16.5,19606
2026-09-08,Somnath,1,9,2026,0,0,None,31.9,0.0,27086
2026-09-08,Dwarka,1,9,2026,0,0,None,27.4,6.8,23489
2026-09-08,Ambaji,1,9,2026,0,0,None,27.3,0.0,31805
2026-09-08,Pavagadh,1,9,2026,0,0,None,31.3,11.2,21989
2026-09-09,Somnath,2,9,2026,0,0,None,31.2,0.0,25427
2026-09-09,Dwarka,2,9,2026,0,0,None,31.7,0.0,23405
2026-09-09,Ambaji,2,9,2026,0,0,None,30.3,0.0,35965
2026-09-09,Pavagadh,2,9,2026,0,0,None,30.4,18.4,19107
2026-09-10,Somnath,3,9,2026,0,0,None,29.8,34.3,20827
2026-09-10,Dwarka,3,9,2026,0,0,None,27.9,0.0,20038
2026-09-10,Ambaji,3,9,2026,0,0,None,31.4,0.0,32826
2026-09-10,Pavagadh,3,9,2026,0,0,None,31.4,2.8,19276
2026-09-11,Somnath,4,9,2026,0,0,None,31.8,0.0,27083
2026-09-11,Dwarka,4,9,2026,0,0,None,27.8,12.4,21925
2026-09-11,Ambaji,4,9,2026,0,0,None,30.3,7.6,31532
2026-09-11,Pavagadh,4,9,2026,0,0,None,28.8,38.3,13540
2026-09-12,Somnath,5,9,2026,1,0,None,26.9,12.4,39061
2026-09-12,Dwarka,5,9,2026,1,0,None,31.4,81.0,24852
2026-09-12,Ambaji,5,9,2026,1,0,None,30.1,0.0,53002
2026-09-12,Pavagadh,5,9,2026,1,0,None,31.1,30.2,19670
2026-09-13,Somnath,6,9,2026,1,0,None,27.3,0.0,33451
2026-09-13,Dwarka,6,9,2026,1,0,None,30.0,0.0,30421
2026-09-13,Ambaji,6,9,2026,1,0,None,31.8,14.6,55596
2026-09-13,Pavagadh,6,9,2026,1,0,None,30.3,9.2,27381
2026-09-14,Somnath,0,9,2026,0,0,None,30.2,0.0,25073
2026-09-14,Dwarka,0,9,2026,0,0,None,30.4,1.5,23547
2026-09-14,Ambaji,0,9,2026,0,0,None,31.2,23.2,18665
2026-09-14,Pavagadh,0,9,2026,0,0,None,28.4,23.2,9877
2026-09-15,Somnath,1,9,2026,0,0,None,27.3,16.8,25693
2026-09-15,Dwarka,1,9,2026,0,0,None,26.8,0.0,21335
2026-09-15,Ambaji,1,9,2026,0,0,None,28.7,18.5,34133
2026-09-15,Pavagadh,1,9,2026,0,0,None,29.8,0.8,20813
2026-09-16,Somnath,2,9,2026,0,0,None,29.3,3.4,25621
2026-09-16,Dwarka,2,9,2026,0,0,None,27.7,0.9,23217
2026-09-16,Ambaji,2,9,2026,0,0,None,26.5,0.0,37573
2026-09-16,Pavagadh,2,9,2026,0,0,None,31.8,0.0,21885
2026-09-17,Somnath,3,9,2026,0,0,None,31.3,8.6,22880
2026-09-17,Dwarka,3,9,2026,0,0,None,29.3,38.3,17737
2026-09-17,Ambaji,3,9,2026,0,0,None,29.5,11.9,35222
2026-09-17,Pavagadh,3,9,2026,0,0,None,31.5,0.0,18490
2026-09-18,Somnath,4,9,2026,0,0,None,28.1,0.0,25919
2026-09-18,Dwarka,4,9,2026,0,0,None,29.8,0.0,21282
2026-09-18,Ambaji,4,9,2026,0,0,None,29.1,0.0,36368
2026-09-18,Pavagadh,4,9,2026,0,0,None,29.9,4.2,19509
2026-09-19,Somnath,5,9,2026,1,0,None,28.8,34.9,23773
2026-09-19,Dwarka,5,9,2026,1,0,None,30.4,0.0,33986
2026-09-19,Ambaji,5,9,2026,1,0,None,26.1,29.9,26431
2026-09-19,Pavagadh,5,9,2026,1,0,None,26.5,34.7,14659
2026-09-20,Somnath,6,9,2026,1,0,None,31.9,14.4,36365
2026-09-20,Dwarka,6,9,2026,1,0,None,26.7,3.1,31163
2026-09-20,Ambaji,6,9,2026,1,0,Bhadarvi Poonam,27.1,0.0,336382
2026-09-20,Pavagadh,6,9,2026,1,0,None,29.8,0.0,27358
2026-09-21,Somnath,0,9,2026,0,0,None,31.6,7.0,23918
2026-09-21,Dwarka,0,9,2026,0,0,None,31.6,0.0,23369
2026-09-21,Ambaji,0,9,2026,0,0,Bhadarvi Poonam,26.0,0.0,341447
2026-09-21,Pavagadh,0,9,2026,0,0,None,29.2,6.6,20146
2026-09-22,Somnath,1,9,2026,0,0,None,30.5,15.4,24862
2026-09-22,Dwarka,1,9,2026,0,0,None,30.3,0.0,20024
2026-09-22,Ambaji,1,9,2026,0,0,Bhadarvi Poonam,26.6,0.0,318339
2026-09-22,Pavagadh,1,9,2026,0,0,None,27.1,6.4,20031
2026-09-23,Somnath,2,9,2026,0,0,None,31.8,0.0,26479
2026-09-23,Dwarka,2,9,2026,0,0,None,26.7,1.7,24061
2026-09-23,Ambaji,2,9,2026,0,0,Bhadarvi Poonam,30.1,9.7,319426
2026-09-23,Pavagadh,2,9,2026,0,0,None,27.1,5.9,19182
2026-09-24,Somnath,3,9,2026,0,0,None,30.3,5.2,25352
2026-09-24,Dwarka,3,9,2026,0,0,None,26.4,0.0,20448
2026-09-24,Ambaji,3,9,2026,0,0,Bhadarvi Poonam,27.7,9.4,398943
2026-09-24,Pavagadh,3,9,2026,0,0,None,27.7,7.5,18728
2026-09-25,Somnath,4,9,2026,0,0,None,26.8,0.0,22763
2026-09-25,Dwarka,4,9,2026,0,0,None,30.3,0.2,23298
2026-09-25,Ambaji,4,9,2026,0,0,Bhadarvi Poonam,30.2,1.2,309430
2026-09-25,Pavagadh,4,9,2026,0,0,None,31.6,49.8,11178
2026-09-26,Somnath,5,9,2026,1,0,None,27.1,0.0,33985
2026-09-26,Dwarka,5,9,2026,1,0,None,28.3,13.5,29850
2026-09-26,Ambaji,5,9,2026,1,0,Bhadarvi Poonam,29.2,5.0,450385
2026-09-26,Pavagadh,5,9,2026,1,0,None,27.7,0.0,28029
2026-09-27,Somnath,6,9,2026,1,0,None,29.6,0.0,34161
2026-09-27,Dwarka,6,9,2026,1,0,None,29.9,2.6,29307
2026-09-27,Ambaji,6,9,2026,1,0,None,30.8,9.9,51938
2026-09-27,Pavagadh,6,9,2026,1,0,None,31.3,0.0,27429
2026-09-28,Somnath,0,9,2026,0,0,None,29.2,4.2,24330
2026-09-28,Dwarka,0,9,2026,0,0,None,27.9,0.8,21651
2026-09-28,Ambaji,0,9,2026,0,0,None,26.4,9.7,32969
2026-09-28,Pavagadh,0,9,2026,0,0,None,26.5,8.9,21662
2026-09-29,Somnath,1,9,2026,0,0,None,26.8,0.0,24098
2026-09-29,Dwarka,1,9,2026,0,0,None,26.7,8.4,21399
2026-09-29,Ambaji,1,9,2026,0,0,None,30.6,0.0,32541
2026-09-29,Pavagadh,1,9,2026,0,0,None,27.0,5.8,21278
2026-09-30,Somnath,2,9,2026,0,0,None,32.0,21.6,20853
2026-09-30,Dwarka,2,9,2026,0,0,None,27.6,11.8,22499
2026-09-30,Ambaji,2,9,2026,0,0,None,31.8,0.0,34605
2026-09-30,Pavagadh,2,9,2026,0,0,None,32.0,2.7,20471
2026-10-01,Somnath,3,10,2026,0,0,None,20.7,0.0,24639
2026-10-01,Dwarka,3,10,2026,0,0,None,19.5,0.0,22658
2026-10-01,Ambaji,3,10,2026,0,0,None,21.7,0.0,35786
2026-10-01,Pavagadh,3,10,2026,0,0,None,20.2,0.0,20629
2026-10-02,Somnath,4,10,2026,0,1,None,18.1,0.0,35992
2026-10-02,Dwarka,4,10,2026,0,1,None,20.1,0.0,36928
2026-10-02,Ambaji,4,10,2026,0,1,None,21.1,0.0,51792
2026-10-02,Pavagadh,4,10,2026,0,1,None,25.3,0.0,31315
2026-10-03,Somnath,5,10,2026,1,0,None,25.4,0.0,36957
2026-10-03,Dwarka,5,10,2026,1,0,None,25.4,0.0,33166
2026-10-03,Ambaji,5,10,2026,1,0,None,23.3,0.0,49212
2026-10-03,Pavagadh,5,10,2026,1,0,None,24.0,0.0,25225
2026-10-04,Somnath,6,10,2026,1,0,None,25.8,0.0,34615
2026-10-04,Dwarka,6,10,2026,1,0,None,22.6,0.0,27974
2026-10-04,Ambaji,6,10,2026,1,0,None,19.8,0.0,47177
2026-10-04,Pavagadh,6,10,2026,1,0,None,26.9,0.0,26252
2026-10-05,Somnath,0,10,2026,0,0,None,20.9,0.0,24324
2026-10-05,Dwarka,0,10,2026,0,0,None,18.4,0.0,23386
2026-10-05,Ambaji,0,10,2026,0,0,None,19.2,0.0,32330
2026-10-05,Pavagadh,0,10,2026,0,0,None,24.9,0.0,18194
2026-10-06,Somnath,1,10,2026,0,0,None,26.9,0.0,25090
2026-10-06,Dwarka,1,10,2026,0,0,None,20.5,0.0,23966
2026-10-06,Ambaji,1,10,2026,0,0,None,27.1,0.0,35552
2026-10-06,Pavagadh,1,10,2026,0,0,None,20.1,0.0,21021
2026-10-07,Somnath,2,10,2026,0,0,None,21.8,0.0,23559
2026-10-07,Dwarka,2,10,2026,0,0,None,20.1,0.0,22260
2026-10-07,Ambaji,2,10,2026,0,0,None,23.6,0.0,32380
2026-10-07,Pavagadh,2,10,2026,0,0,None,21.5,0.0,18990
2026-10-08,Somnath,3,10,2026,0,0,None,23.0,0.0,27214
2026-10-08,Dwarka,3,10,2026,0,0,None,20.5,0.0,24118
2026-10-08,Ambaji,3,10,2026,0,0,None,19.9,0.0,32740
2026-10-08,Pavagadh,3,10,2026,0,0,None,26.5,0.0,21888
2026-10-09,Somnath,4,10,2026,0,0,None,19.7,0.0,25976
2026-10-09,Dwarka,4,10,2026,0,0,None,25.2,0.0,21069
2026-10-09,Ambaji,4,10,2026,0,0,None,21.4,0.0,36225
2026-10-09,Pavagadh,4,10,2026,0,0,None,18.5,0.0,20106
2026-10-10,Somnath,5,10,2026,1,0,None,19.7,0.0,32717
2026-10-10,Dwarka,5,10,2026,1,0,None,23.9,0.0,31494
2026-10-10,Ambaji,5,10,2026,1,0,None,25.6,0.0,49879
2026-10-10,Pavagadh,5,10,2026,1,0,None,27.3,0.0,29439
2026-10-11,Somnath,6,10,2026,1,0,None,23.0,0.0,31048
2026-10-11,Dwarka,6,10,2026,1,0,None,18.9,0.0,32809
2026-10-11,Ambaji,6,10,2026,1,0,Navratri,23.2,0.0,204161
2026-10-11,Pavagadh,6,10,2026,1,0,Navratri,27.3,0.0,202305
2026-10-12,Somnath,0,10,2026,0,0,None,20.5,0.0,25117
2026-10-12,Dwarka,0,10,2026,0,0,None,23.5,0.0,23878
2026-10-12,Ambaji,0,10,2026,0,0,Navratri,25.0,0.0,175975
2026-10-12,Pavagadh,0,10,2026,0,0,Navratri,21.8,0.0,142204
2026-10-13,Somnath,1,10,2026,0,0,None,22.2,0.0,23901
2026-10-13,Dwarka,1,10,2026,0,0,None,27.5,0.0,23227
2026-10-13,Ambaji,1,10,2026,0,0,Navratri,21.6,0.0,200462
2026-10-13,Pavagadh,1,10,2026,0,0,Navratri,22.9,0.0,209520
2026-10-14,Somnath,2,10,2026,0,0,None,21.9,0.0,23519
2026-10-14,Dwarka,2,10,2026,0,0,None,21.1,0.0,20484
2026-10-14,Ambaji,2,10,2026,0,0,Navratri,21.1,0.0,158540
2026-10-14,Pavagadh,2,10,2026,0,0,Navratri,21.8,0.0,189166
2026-10-15,Somnath,3,10,2026,0,0,None,25.5,0.0,27250
2026-10-15,Dwarka,3,10,2026,0,0,None,26.9,0.0,21800
2026-10-15,Ambaji,3,10,2026,0,0,Navratri,25.0,0.0,142943
2026-10-15,Pavagadh,3,10,2026,0,0,Navratri,22.9,0.0,171842
2026-10-16,Somnath,4,10,2026,0,0,None,27.7,0.0,26183
2026-10-16,Dwarka,4,10,2026,0,0,None,22.1,0.0,20210
2026-10-16,Ambaji,4,10,2026,0,0,Navratri,19.4,0.0,172734
2026-10-16,Pavagadh,4,10,2026,0,0,Navratri,27.5,0.0,199511
2026-10-17,Somnath,5,10,2026,1,0,None,20.8,0.0,38880
2026-10-17,Dwarka,5,10,2026,1,0,None,27.6,0.0,30484
2026-10-17,Ambaji,5,10,2026,1,0,Navratri,26.8,0.0,183519
2026-10-17,Pavagadh,5,10,2026,1,0,Navratri,27.4,0.0,239971
2026-10-18,Somnath,6,10,2026,1,0,None,25.8,0.0,40527
2026-10-18,Dwarka,6,10,2026,1,0,None,24.2,0.0,31253
2026-10-18,Ambaji,6,10,2026,1,0,Navratri,26.8,0.0,149931
2026-10-18,Pavagadh,6,10,2026,1,0,Navratri,21.3,0.0,188218
2026-10-19,Somnath,0,10,2026,0,0,None,19.6,0.0,27336
2026-10-19,Dwarka,0,10,2026,0,0,None,18.6,0.0,19842
2026-10-19,Ambaji,0,10,2026,0,0,Navratri,25.6,0.0,192282
2026-10-19,Pavagadh,0,10,2026,0,0,Navratri,23.4,0.0,211697
2026-10-20,Somnath,1,10,2026,0,0,None,26.5,0.0,26237
2026-10-20,Dwarka,1,10,2026,0,0,None,18.5,0.0,23055
2026-10-20,Ambaji,1,10,2026,0,0,None,18.6,0.0,32453
2026-10-20,Pavagadh,1,10,2026,0,0,None,27.7,0.0,18220
2026-10-21,Somnath,2,10,2026,0,0,None,27.5,0.0,22680
2026-10-21,Dwarka,2,10,2026,0,0,None,26.3,0.0,23330
2026-10-21,Ambaji,2,10,2026,0,0,None,24.0,0.0,36768
2026-10-21,Pavagadh,2,10,2026,0,0,None,22.5,0.0,21478
2026-10-22,Somnath,3,10,2026,0,0,None,20.6,0.0,27486
2026-10-22,Dwarka,3,10,2026,0,0,None,23.1,0.0,21055
2026-10-22,Ambaji,3,10,2026,0,0,None,22.2,0.0,33309
2026-10-22,Pavagadh,3,10,2026,0,0,None,20.4,0.0,18734
2026-10-23,Somnath,4,10,2026,0,0,None,23.5,0.0,23491
2026-10-23,Dwarka,4,10,2026,0,0,None,25.5,0.0,24167
2026-10-23,Ambaji,4,10,2026,0,0,None,27.8,0.0,33899
2026-10-23,Pavagadh,4,10,2026,0,0,None,27.4,2.0,19849
2026-10-24,Somnath,5,10,2026,1,0,None,24.1,0.0,32721
2026-10-24,Dwarka,5,10,2026,1,0,None,24.1,0.0,30675
2026-10-24,Ambaji,5,10,2026,1,0,None,22.2,0.0,50520
2026-10-24,Pavagadh,5,10,2026,1,0,None,19.8,0.0,29030
2026-10-25,Somnath,6,10,2026,1,0,None,19.9,0.0,36367
2026-10-25,Dwarka,6,10,2026,1,0,None,25.2,0.0,29207
2026-10-25,Ambaji,6,10,2026,1,0,None,25.7,0.0,55712
2026-10-25,Pavagadh,6,10,2026,1,0,None,27.9,0.0,26437
2026-10-26,Somnath,0,10,2026,0,0,None,18.9,0.0,22748
2026-10-26,Dwarka,0,10,2026,0,0,None,24.4,0.0,23834
2026-10-26,Ambaji,0,10,2026,0,0,None,22.6,0.0,34311
2026-10-26,Pavagadh,0,10,2026,0,0,None,26.3,0.0,19726
2026-10-27,Somnath,1,10,2026,0,0,None,18.8,0.0,26102
2026-10-27,Dwarka,1,10,2026,0,0,None,21.3,0.0,23098
2026-10-27,Ambaji,1,10,2026,0,0,None,24.9,0.0,36795
2026-10-27,Pavagadh,1,10,2026,0,0,None,24.3,0.0,20062
2026-10-28,Somnath,2,10,2026,0,0,None,24.0,0.0,25752
2026-10-28,Dwarka,2,10,2026,0,0,None,23.8,0.0,20254
2026-10-28,Ambaji,2,10,2026,0,0,None,22.3,0.0,31868
2026-10-28,Pavagadh,2,10,2026,0,0,None,21.3,0.0,21467
2026-10-29,Somnath,3,10,2026,0,0,None,26.1,0.0,22729
2026-10-29,Dwarka,3,10,2026,0,0,None,22.0,0.0,21433
2026-10-29,Ambaji,3,10,2026,0,0,None,23.6,0.0,34095
2026-10-29,Pavagadh,3,10,2026,0,0,None,23.6,0.0,20668
2026-10-30,Somnath,4,10,2026,0,0,None,19.9,0.0,24039
2026-10-30,Dwarka,4,10,2026,0,0,None,19.0,0.0,20182
2026-10-30,Ambaji,4,10,2026,0,0,None,22.0,0.0,33505
2026-10-30,Pavagadh,4,10,2026,0,0,None,18.0,0.0,20767
2026-10-31,Somnath,5,10,2026,1,0,None,21.9,0.0,32165
2026-10-31,Dwarka,5,10,2026,1,0,None,24.4,0.0,30614
2026-10-31,Ambaji,5,10,2026,1,0,None,26.4,0.0,45321
2026-10-31,Pavagadh,5,10,2026,1,0,None,25.0,0.0,30415
2026-11-01,Somnath,6,11,2026,1,0,None,19.5,0.0,29752
2026-11-01,Dwarka,6,11,2026,1,0,None,18.5,0.0,28094
2026-11-01,Ambaji,6,11,2026,1,0,None,24.3,0.0,42502
2026-11-01,Pavagadh,6,11,2026,1,0,None,19.6,0.0,29477
2026-11-02,Somnath,0,11,2026,0,0,None,19.5,0.0,24554
2026-11-02,Dwarka,0,11,2026,0,0,None,25.7,0.0,21870
2026-11-02,Ambaji,0,11,2026,0,0,None,23.2,0.0,35850
2026-11-02,Pavagadh,0,11,2026,0,0,None,22.0,0.0,21891
2026-11-03,Somnath,1,11,2026,0,0,None,20.8,0.0,24002
2026-11-03,Dwarka,1,11,2026,0,0,None,21.3,0.0,22915
2026-11-03,Ambaji,1,11,2026,0,0,None,24.2,0.0,38451
2026-11-03,Pavagadh,1,11,2026,0,0,None,24.6,0.0,20228
2026-11-04,Somnath,2,11,2026,0,0,None,23.5,0.0,26354
2026-11-04,Dwarka,2,11,2026,0,0,None,27.1,0.0,23300
2026-11-04,Ambaji,2,11,2026,0,0,None,23.3,0.0,37946
2026-11-04,Pavagadh,2,11,2026,0,0,None,18.2,0.0,21544
2026-11-05,Somnath,3,11,2026,0,0,None,22.8,0.0,26248
2026-11-05,Dwarka,3,11,2026,0,0,None,19.5,0.0,24193
2026-11-05,Ambaji,3,11,2026,0,0,None,20.4,0.0,33590
2026-11-05,Pavagadh,3,11,2026,0,0,None,26.5,0.0,18565
2026-11-06,Somnath,4,11,2026,0,0,Diwali Peak,24.0,0.0,82086
2026-11-06,Dwarka,4,11,2026,0,0,Diwali Peak,20.3,0.0,78588
2026-11-06,Ambaji,4,11,2026,0,0,Diwali Peak,23.5,0.0,96862
2026-11-06,Pavagadh,4,11,2026,0,0,Diwali Peak,22.8,0.0,68144
2026-11-07,Somnath,5,11,2026,1,0,Diwali Peak,20.7,0.0,104571
2026-11-07,Dwarka,5,11,2026,1,0,Diwali Peak,19.9,0.0,96463
2026-11-07,Ambaji,5,11,2026,1,0,Diwali Peak,18.8,0.0,164040
2026-11-07,Pavagadh,5,11,2026,1,0,Diwali Peak,20.3,0.0,87812
2026-11-08,Somnath,6,11,2026,1,0,Diwali Peak,22.9,0.0,89602
2026-11-08,Dwarka,6,11,2026,1,0,Diwali Peak,24.3,0.0,95089
2026-11-08,Ambaji,6,11,2026,1,0,Diwali Peak,22.4,0.0,123590
2026-11-08,Pavagadh,6,11,2026,1,0,Diwali Peak,28.0,0.0,100163
2026-11-09,Somnath,0,11,2026,0,0,Diwali Peak,27.4,0.0,76696
2026-11-09,Dwarka,0,11,2026,0,0,Diwali Peak,24.1,0.0,68659
2026-11-09,Ambaji,0,11,2026,0,0,Diwali Peak,26.8,0.0,107957
2026-11-09,Pavagadh,0,11,2026,0,0,Diwali Peak,20.6,0.0,57928
2026-11-10,Somnath,1,11,2026,0,0,Diwali Peak,27.4,0.0,71370
2026-11-10,Dwarka,1,11,2026,0,0,Diwali Peak,22.8,0.0,81219
2026-11-10,Ambaji,1,11,2026,0,0,Diwali Peak,18.2,0.0,91859
2026-11-10,Pavagadh,1,11,2026,0,0,Diwali Peak,26.7,0.0,64816
2026-11-11,Somnath,2,11,2026,0,0,Diwali Peak,25.5,0.0,75924
2026-11-11,Dwarka,2,11,2026,0,0,Diwali Peak,18.2,0.0,67151
2026-11-11,Ambaji,2,11,2026,0,0,Diwali Peak,24.8,0.0,124492
2026-11-11,Pavagadh,2,11,2026,0,0,Diwali Peak,27.5,0.0,59321
2026-11-12,Somnath,3,11,2026,0,0,None,27.2,0.0,22858
2026-11-12,Dwarka,3,11,2026,0,0,None,20.0,0.0,22796
2026-11-12,Ambaji,3,11,2026,0,0,None,24.9,0.0,36829
2026-11-12,Pavagadh,3,11,2026,0,0,None,24.6,0.0,20284
2026-11-13,Somnath,4,11,2026,0,0,None,25.7,0.0,27200
2026-11-13,Dwarka,4,11,2026,0,0,None,19.4,0.0,23059
2026-11-13,Ambaji,4,11,2026,0,0,None,24.6,0.0,37933
2026-11-13,Pavagadh,4,11,2026,0,0,None,21.0,0.0,21539
2026-11-14,Somnath,5,11,2026,1,0,None,20.4,0.0,36690
2026-11-14,Dwarka,5,11,2026,1,0,None,27.1,0.0,31352
2026-11-14,Ambaji,5,11,2026,1,0,None,23.5,0.0,42213
2026-11-14,Pavagadh,5,11,2026,1,0,None,19.1,0.0,25001
2026-11-15,Somnath,6,11,2026,1,0,None,22.5,0.0,36067
2026-11-15,Dwarka,6,11,2026,1,0,None,22.1,0.0,28642
2026-11-15,Ambaji,6,11,2026,1,0,None,18.6,0.0,50938
2026-11-15,Pavagadh,6,11,2026,1,0,None,19.9,0.0,27884
2026-11-16,Somnath,0,11,2026,0,0,None,21.1,0.0,26913
2026-11-16,Dwarka,0,11,2026,0,0,None,22.9,0.0,23698
2026-11-16,Ambaji,0,11,2026,0,0,None,21.6,0.0,33740
2026-11-16,Pavagadh,0,11,2026,0,0,None,21.0,0.0,18625
2026-11-17,Somnath,1,11,2026,0,0,None,26.7,0.0,22596
2026-11-17,Dwarka,1,11,2026,0,0,None,21.1,0.0,23581
2026-11-17,Ambaji,1,11,2026,0,0,None,23.7,0.0,35194
2026-11-17,Pavagadh,1,11,2026,0,0,None,26.4,0.0,19541
2026-11-18,Somnath,2,11,2026,0,0,None,23.4,0.0,25410
2026-11-18,Dwarka,2,11,2026,0,0,None,20.1,0.0,20218
2026-11-18,Ambaji,2,11,2026,0,0,None,27.5,0.0,36860
2026-11-18,Pavagadh,2,11,2026,0,0,None,23.0,0.0,18509
2026-11-19,Somnath,3,11,2026,0,0,None,24.2,0.0,22810
2026-11-19,Dwarka,3,11,2026,0,0,None,21.0,0.0,20944
2026-11-19,Ambaji,3,11,2026,0,0,None,25.7,0.0,36327
2026-11-19,Pavagadh,3,11,2026,0,0,None,25.7,0.0,21493
2026-11-20,Somnath,4,11,2026,0,0,None,24.0,0.0,23252
2026-11-20,Dwarka,4,11,2026,0,0,None,23.0,0.0,23807
2026-11-20,Ambaji,4,11,2026,0,0,None,22.4,0.0,36464
2026-11-20,Pavagadh,4,11,2026,0,0,None,26.6,0.0,18213
2026-11-21,Somnath,5,11,2026,1,0,None,25.3,0.0,39531
2026-11-21,Dwarka,5,11,2026,1,0,None,18.0,0.0,29387
2026-11-21,Ambaji,5,11,2026,1,0,None,24.1,0.0,52651
2026-11-21,Pavagadh,5,11,2026,1,0,None,21.2,0.0,25703
2026-11-22,Somnath,6,11,2026,1,0,None,24.7,0.0,33415
2026-11-22,Dwarka,6,11,2026,1,0,None,22.0,0.0,30758
2026-11-22,Ambaji,6,11,2026,1,0,None,22.5,0.0,50401
2026-11-22,Pavagadh,6,11,2026,1,0,None,20.0,0.0,25669
2026-11-23,Somnath,0,11,2026,0,0,None,20.0,0.0,23740
2026-11-23,Dwarka,0,11,2026,0,0,None,20.4,0.0,20955
2026-11-23,Ambaji,0,11,2026,0,0,None,26.8,0.0,33948
2026-11-23,Pavagadh,0,11,2026,0,0,None,20.7,0.0,20141
2026-11-24,Somnath,1,11,2026,0,0,None,24.1,0.0,24168
2026-11-24,Dwarka,1,11,2026,0,0,None,27.7,0.0,21814
2026-11-24,Ambaji,1,11,2026,0,0,None,19.5,0.0,32251
2026-11-24,Pavagadh,1,11,2026,0,0,None,23.5,0.0,19810
2026-11-25,Somnath,2,11,2026,0,0,None,20.8,0.0,22765
2026-11-25,Dwarka,2,11,2026,0,0,None,24.5,0.0,23711
2026-11-25,Ambaji,2,11,2026,0,0,None,26.8,0.0,33277
2026-11-25,Pavagadh,2,11,2026,0,0,None,20.7,0.0,20150
2026-11-26,Somnath,3,11,2026,0,0,None,21.7,0.0,22542
2026-11-26,Dwarka,3,11,2026,0,0,None,18.2,0.0,23685
2026-11-26,Ambaji,3,11,2026,0,0,None,25.8,0.0,38044
2026-11-26,Pavagadh,3,11,2026,0,0,None,23.2,0.0,18804
2026-11-27,Somnath,4,11,2026,0,0,None,23.5,0.0,27373
2026-11-27,Dwarka,4,11,2026,0,0,None,22.7,0.0,22454
2026-11-27,Ambaji,4,11,2026,0,0,None,18.9,0.0,35281
2026-11-27,Pavagadh,4,11,2026,0,0,None,25.2,0.0,21442
2026-11-28,Somnath,5,11,2026,1,0,None,24.2,0.0,38967
2026-11-28,Dwarka,5,11,2026,1,0,None,24.8,0.0,29148
2026-11-28,Ambaji,5,11,2026,1,0,None,24.0,0.0,44055
2026-11-28,Pavagadh,5,11,2026,1,0,None,19.9,0.0,28770
2026-11-29,Somnath,6,11,2026,1,0,None,25.0,0.0,30897
2026-11-29,Dwarka,6,11,2026,1,0,None,20.2,0.0,31493
2026-11-29,Ambaji,6,11,2026,1,0,None,20.8,0.0,46288
2026-11-29,Pavagadh,6,11,2026,1,0,None,18.6,0.0,31076
2026-11-30,Somnath,0,11,2026,0,0,None,18.9,0.0,25508
2026-11-30,Dwarka,0,11,2026,0,0,None,26.2,0.0,23354
2026-11-30,Ambaji,0,11,2026,0,0,None,23.2,0.0,35831
2026-11-30,Pavagadh,0,11,2026,0,0,None,27.0,0.0,20422
2026-12-01,Somnath,1,12,2026,0,0,None,21.4,0.0,25638
2026-12-01,Dwarka,1,12,2026,0,0,None,25.5,0.0,20669
2026-12-01,Ambaji,1,12,2026,0,0,None,23.8,0.0,32111
2026-12-01,Pavagadh,1,12,2026,0,0,None,26.3,0.0,20526
2026-12-02,Somnath,2,12,2026,0,0,None,27.9,0.0,23600
2026-12-02,Dwarka,2,12,2026,0,0,None,25.6,0.0,23463
2026-12-02,Ambaji,2,12,2026,0,0,None,18.0,0.0,31967
2026-12-02,Pavagadh,2,12,2026,0,0,None,27.2,0.0,20158
2026-12-03,Somnath,3,12,2026,0,0,None,25.8,0.0,23175
2026-12-03,Dwarka,3,12,2026,0,0,None,21.7,0.0,23620
2026-12-03,Ambaji,3,12,2026,0,0,None,23.4,0.0,36259
2026-12-03,Pavagadh,3,12,2026,0,0,None,26.8,0.0,21908
2026-12-04,Somnath,4,12,2026,0,0,None,18.2,0.0,27152
2026-12-04,Dwarka,4,12,2026,0,0,None,25.9,0.0,24086
2026-12-04,Ambaji,4,12,2026,0,0,None,26.7,0.0,37179
2026-12-04,Pavagadh,4,12,2026,0,0,None,25.8,0.0,20676
2026-12-05,Somnath,5,12,2026,1,0,None,27.7,0.0,33638
2026-12-05,Dwarka,5,12,2026,1,0,None,25.3,0.0,29217
2026-12-05,Ambaji,5,12,2026,1,0,None,25.5,0.0,54056
2026-12-05,Pavagadh,5,12,2026,1,0,None,19.2,0.0,27986
2026-12-06,Somnath,6,12,2026,1,0,None,19.5,2.0,34133
2026-12-06,Dwarka,6,12,2026,1,0,None,22.7,0.0,28616
2026-12-06,Ambaji,6,12,2026,1,0,None,26.0,0.0,50451
2026-12-06,Pavagadh,6,12,2026,1,0,None,18.0,0.0,28984
2026-12-07,Somnath,0,12,2026,0,0,None,26.2,0.0,27391
2026-12-07,Dwarka,0,12,2026,0,0,None,22.9,0.0,20812
2026-12-07,Ambaji,0,12,2026,0,0,None,21.4,0.0,35711
2026-12-07,Pavagadh,0,12,2026,0,0,None,21.7,0.0,19370
2026-12-08,Somnath,1,12,2026,0,0,None,18.4,0.0,24115
2026-12-08,Dwarka,1,12,2026,0,0,None,21.8,0.0,22357
2026-12-08,Ambaji,1,12,2026,0,0,None,23.9,0.0,34916
2026-12-08,Pavagadh,1,12,2026,0,0,None,26.2,0.0,20144
2026-12-09,Somnath,2,12,2026,0,0,None,27.9,0.0,26132
2026-12-09,Dwarka,2,12,2026,0,0,None,22.7,0.0,21577
2026-12-09,Ambaji,2,12,2026,0,0,None,21.0,0.0,37605
2026-12-09,Pavagadh,2,12,2026,0,0,None,25.2,0.0,20853
2026-12-10,Somnath,3,12,2026,0,0,None,18.4,0.0,25463
2026-12-10,Dwarka,3,12,2026,0,0,None,22.6,0.0,22474
2026-12-10,Ambaji,3,12,2026,0,0,None,27.6,0.0,33881
2026-12-10,Pavagadh,3,12,2026,0,0,None,26.3,0.0,21878
2026-12-11,Somnath,4,12,2026,0,0,None,18.1,0.0,22849
2026-12-11,Dwarka,4,12,2026,0,0,None,23.3,0.0,23847
2026-12-11,Ambaji,4,12,2026,0,0,None,22.1,0.0,36343
2026-12-11,Pavagadh,4,12,2026,0,0,None,18.2,0.0,20071
2026-12-12,Somnath,5,12,2026,1,0,None,23.9,0.0,30663
2026-12-12,Dwarka,5,12,2026,1,0,None,26.7,0.0,29839
2026-12-12,Ambaji,5,12,2026,1,0,None,25.1,0.0,44858
2026-12-12,Pavagadh,5,12,2026,1,0,None,25.3,0.0,27830
2026-12-13,Somnath,6,12,2026,1,0,None,18.7,0.0,35295
2026-12-13,Dwarka,6,12,2026,1,0,None,25.1,0.0,31107
2026-12-13,Ambaji,6,12,2026,1,0,None,18.9,0.0,48368
2026-12-13,Pavagadh,6,12,2026,1,0,None,25.3,0.0,28460
2026-12-14,Somnath,0,12,2026,0,0,None,27.0,0.0,24810
2026-12-14,Dwarka,0,12,2026,0,0,None,23.5,0.0,23131
2026-12-14,Ambaji,0,12,2026,0,0,None,25.5,0.0,35160
2026-12-14,Pavagadh,0,12,2026,0,0,None,26.0,0.0,18120
2026-12-15,Somnath,1,12,2026,0,0,None,24.5,0.0,25253
2026-12-15,Dwarka,1,12,2026,0,0,None,25.2,0.0,19993
2026-12-15,Ambaji,1,12,2026,0,0,None,26.9,0.0,37833
2026-12-15,Pavagadh,1,12,2026,0,0,None,18.5,0.0,21699
2026-12-16,Somnath,2,12,2026,0,0,None,27.1,0.0,26915
2026-12-16,Dwarka,2,12,2026,0,0,None,23.1,0.0,22526
2026-12-16,Ambaji,2,12,2026,0,0,None,27.0,0.0,36980
2026-12-16,Pavagadh,2,12,2026,0,0,None,24.8,0.0,21689
2026-12-17,Somnath,3,12,2026,0,0,None,19.9,0.0,27412
2026-12-17,Dwarka,3,12,2026,0,0,None,23.5,0.0,23542
2026-12-17,Ambaji,3,12,2026,0,0,None,26.5,0.0,32715
2026-12-17,Pavagadh,3,12,2026,0,0,None,26.0,0.0,18900
2026-12-18,Somnath,4,12,2026,0,0,None,26.4,0.0,24849
2026-12-18,Dwarka,4,12,2026,0,0,None,27.9,0.0,20402
2026-12-18,Ambaji,4,12,2026,0,0,None,20.8,0.0,38209
2026-12-18,Pavagadh,4,12,2026,0,0,None,20.6,0.0,20998
2026-12-19,Somnath,5,12,2026,1,0,None,20.7,0.0,31810
2026-12-19,Dwarka,5,12,2026,1,0,None,27.9,0.0,33974
2026-12-19,Ambaji,5,12,2026,1,0,None,21.5,0.0,52001
2026-12-19,Pavagadh,5,12,2026,1,0,None,21.6,0.0,27893
2026-12-20,Somnath,6,12,2026,1,0,None,18.2,0.0,38851
2026-12-20,Dwarka,6,12,2026,1,0,None,26.6,0.0,34494
2026-12-20,Ambaji,6,12,2026,1,0,None,25.3,0.0,54850
2026-12-20,Pavagadh,6,12,2026,1,0,None,26.2,0.0,30860
2026-12-21,Somnath,0,12,2026,0,0,None,19.9,0.0,26429
2026-12-21,Dwarka,0,12,2026,0,0,None,21.4,0.0,21459
2026-12-21,Ambaji,0,12,2026,0,0,None,20.1,0.0,37141
2026-12-21,Pavagadh,0,12,2026,0,0,None,20.5,0.0,19490
2026-12-22,Somnath,1,12,2026,0,0,None,22.2,0.0,26935
2026-12-22,Dwarka,1,12,2026,0,0,None,26.5,0.0,23345
2026-12-22,Ambaji,1,12,2026,0,0,None,25.3,0.0,38222
2026-12-22,Pavagadh,1,12,2026,0,0,None,25.1,0.0,21155
2026-12-23,Somnath,2,12,2026,0,0,None,20.5,0.0,22595
2026-12-23,Dwarka,2,12,2026,0,0,None,24.5,0.0,23554
2026-12-23,Ambaji,2,12,2026,0,0,None,27.7,0.0,37500
2026-12-23,Pavagadh,2,12,2026,0,0,None,21.4,0.0,19106
2026-12-24,Somnath,3,12,2026,0,0,None,21.0,0.0,26480
2026-12-24,Dwarka,3,12,2026,0,0,None,20.1,0.0,20775
2026-12-24,Ambaji,3,12,2026,0,0,None,21.0,0.0,33039
2026-12-24,Pavagadh,3,12,2026,0,0,None,22.7,0.0,18401
2026-12-25,Somnath,4,12,2026,0,1,None,26.6,0.0,42473
2026-12-25,Dwarka,4,12,2026,0,1,None,21.0,0.0,31526
2026-12-25,Ambaji,4,12,2026,0,1,None,20.5,0.0,58166
2026-12-25,Pavagadh,4,12,2026,0,1,None,22.4,0.0,33673
2026-12-26,Somnath,5,12,2026,1,0,None,22.1,0.0,39860
2026-12-26,Dwarka,5,12,2026,1,0,None,22.0,0.0,31871
2026-12-26,Ambaji,5,12,2026,1,0,None,27.3,0.0,43467
2026-12-26,Pavagadh,5,12,2026,1,0,None,24.3,0.0,27698
2026-12-27,Somnath,6,12,2026,1,0,None,27.2,0.0,33924
2026-12-27,Dwarka,6,12,2026,1,0,None,18.7,0.0,34907
2026-12-27,Ambaji,6,12,2026,1,0,None,18.8,0.0,50427
2026-12-27,Pavagadh,6,12,2026,1,0,None,21.4,0.0,30689
2026-12-28,Somnath,0,12,2026,0,0,None,19.8,0.0,26919
2026-12-28,Dwarka,0,12,2026,0,0,None,25.0,0.0,20063
2026-12-28,Ambaji,0,12,2026,0,0,None,26.9,0.0,37783
2026-12-28,Pavagadh,0,12,2026,0,0,None,18.6,0.0,20693
2026-12-29,Somnath,1,12,2026,0,0,None,23.5,0.0,25942
2026-12-29,Dwarka,1,12,2026,0,0,None,24.0,0.0,22953
2026-12-29,Ambaji,1,12,2026,0,0,None,22.4,0.0,37932
2026-12-29,Pavagadh,1,12,2026,0,0,None,27.3,0.0,20522
2026-12-30,Somnath,2,12,2026,0,0,None,20.0,0.0,22991
2026-12-30,Dwarka,2,12,2026,0,0,None,27.9,0.0,19900
2026-12-30,Ambaji,2,12,2026,0,0,None,26.8,0.0,36381
2026-12-30,Pavagadh,2,12,2026,0,0,None,20.8,0.0,21657
2026-12-31,Somnath,3,12,2026,0,0,None,24.3,0.0,24137
2026-12-31,Dwarka,3,12,2026,0,0,None,24.0,0.0,20232
2026-12-31,Ambaji,3,12,2026,0,0,None,18.6,0.0,33744
2026-12-31,Pavagadh,3,12,2026,0,0,None,21.7,0.0,20952
